Shipment_ID,Supplier_ID,Transport_Mode,Distance_KM,Weight_Tons,Order_Qty,Urgency
SHP_00001,SUP_050,Road,1497,4.41,208,Standard
SHP_00002,SUP_029,Ocean,6031,17.08,563,Low
SHP_00003,SUP_014,Rail,323,10.72,457,Critical
SHP_00004,SUP_013,Rail,106,2.49,755,Critical
SHP_00005,SUP_050,Road,1345,3.52,415,Low
SHP_00006,SUP_027,Road,1068,17.42,512,Standard
SHP_00007,SUP_048,Air,6210,17.64,305,Critical
SHP_00008,SUP_044,Ocean,4965,16.66,603,Low
SHP_00009,SUP_015,Rail,867,6.18,535,Low
SHP_00010,SUP_012,Rail,337,17.1,909,Low
SHP_00011,SUP_044,Air,6977,13.91,278,Standard
SHP_00012,SUP_010,Ocean,7152,6.09,304,Standard
SHP_00013,SUP_042,Ocean,1573,10.63,381,Critical
SHP_00014,SUP_035,Road,938,14.66,534,Standard
SHP_00015,SUP_039,Road,740,19.75,347,Standard
SHP_00016,SUP_013,Road,1268,16.83,280,Low
SHP_00017,SUP_044,Road,672,6.23,322,Standard
SHP_00018,SUP_034,Road,1752,2.74,902,Critical
SHP_00019,SUP_050,Road,472,1.79,345,Low
SHP_00020,SUP_007,Road,701,16.81,236,Standard
SHP_00021,SUP_003,Rail,238,10.22,534,Critical
SHP_00022,SUP_015,Air,5755,19.26,880,Critical
SHP_00023,SUP_006,Road,1188,6.86,360,Standard
SHP_00024,SUP_026,Road,1460,17.64,843,Standard
SHP_00025,SUP_005,Road,1702,18.34,821,Critical
SHP_00026,SUP_041,Rail,1713,15.73,723,Standard
SHP_00027,SUP_043,Road,788,10.18,753,Critical
SHP_00028,SUP_029,Road,1103,6.35,739,Standard
SHP_00029,SUP_011,Rail,1138,5.61,611,Low
SHP_00030,SUP_047,Air,5036,17.58,314,Standard
SHP_00031,SUP_012,Rail,160,5.69,315,Low
SHP_00032,SUP_015,Road,1045,18.18,179,Standard
SHP_00033,SUP_037,Air,5086,5.54,752,Standard
SHP_00034,SUP_022,Ocean,3028,9.82,542,Standard
SHP_00035,SUP_042,Ocean,3255,12.91,154,Standard
SHP_00036,SUP_043,Ocean,6442,1.83,716,Critical
SHP_00037,SUP_042,Road,448,7.72,750,Low
SHP_00038,SUP_033,Air,3773,6.95,973,Standard
SHP_00039,SUP_018,Rail,992,15.49,729,Standard
SHP_00040,SUP_002,Road,1472,8.62,208,Standard
SHP_00041,SUP_049,Air,903,17.9,818,Critical
SHP_00042,SUP_014,Road,1627,13.18,286,Low
SHP_00043,SUP_048,Air,6276,6.55,422,Low
SHP_00044,SUP_027,Ocean,1206,8.45,929,Critical
SHP_00045,SUP_014,Road,1042,19.65,171,Standard
SHP_00046,SUP_010,Rail,1859,11.82,468,Low
SHP_00047,SUP_044,Road,376,8.69,603,Critical
SHP_00048,SUP_024,Road,974,8.43,757,Low
SHP_00049,SUP_024,Road,790,18.73,947,Critical
SHP_00050,SUP_049,Road,847,4.02,934,Critical
SHP_00051,SUP_038,Ocean,512,2.34,909,Standard
SHP_00052,SUP_040,Rail,171,14.93,870,Standard
SHP_00053,SUP_034,Ocean,3841,3.61,147,Standard
SHP_00054,SUP_001,Ocean,6971,11.63,137,Critical
SHP_00055,SUP_023,Rail,1420,10.34,191,Standard
SHP_00056,SUP_041,Ocean,4345,6.33,455,Standard
SHP_00057,SUP_011,Air,1140,14.59,541,Standard
SHP_00058,SUP_033,Road,997,6.32,103,Critical
SHP_00059,SUP_008,Air,4817,16.41,116,Standard
SHP_00060,SUP_049,Road,154,8.04,515,Low
SHP_00061,SUP_036,Road,1982,15.23,114,Standard
SHP_00062,SUP_040,Road,245,9.97,645,Critical
SHP_00063,SUP_040,Ocean,5469,11.1,452,Critical
SHP_00064,SUP_021,Road,1710,5.06,884,Standard
SHP_00065,SUP_025,Road,438,4.07,893,Critical
SHP_00066,SUP_046,Road,1482,10.71,743,Critical
SHP_00067,SUP_001,Air,533,16.03,747,Critical
SHP_00068,SUP_007,Ocean,631,11.36,222,Low
SHP_00069,SUP_025,Air,6286,3.21,381,Standard
SHP_00070,SUP_044,Ocean,2082,8.57,106,Low
SHP_00071,SUP_028,Rail,899,5.8,310,Critical
SHP_00072,SUP_013,Road,374,19.3,261,Low
SHP_00073,SUP_026,Air,4939,1.13,347,Critical
SHP_00074,SUP_044,Ocean,7609,11.28,806,Critical
SHP_00075,SUP_004,Rail,1857,18,872,Low
SHP_00076,SUP_017,Rail,223,12.96,243,Critical
SHP_00077,SUP_037,Rail,1868,16.12,306,Standard
SHP_00078,SUP_041,Air,4952,5.35,685,Standard
SHP_00079,SUP_023,Road,635,13.56,620,Standard
SHP_00080,SUP_004,Air,5178,19.59,711,Low
SHP_00081,SUP_013,Ocean,6378,4.65,593,Standard
SHP_00082,SUP_043,Rail,114,7.11,284,Low
SHP_00083,SUP_045,Road,896,18.2,622,Standard
SHP_00084,SUP_013,Air,1058,13.28,753,Standard
SHP_00085,SUP_044,Road,1357,6.84,187,Standard
SHP_00086,SUP_005,Road,623,8.54,430,Critical
SHP_00087,SUP_015,Rail,133,11.34,829,Critical
SHP_00088,SUP_048,Rail,1950,5.36,200,Standard
SHP_00089,SUP_032,Ocean,4700,4.92,870,Standard
SHP_00090,SUP_022,Road,464,9.97,658,Standard
SHP_00091,SUP_038,Air,4358,9.81,587,Low
SHP_00092,SUP_045,Rail,791,16.92,859,Low
SHP_00093,SUP_044,Rail,131,4.06,529,Standard
SHP_00094,SUP_032,Rail,636,13.18,335,Standard
SHP_00095,SUP_013,Rail,302,9.99,852,Low
SHP_00096,SUP_014,Road,1150,18.37,219,Critical
SHP_00097,SUP_017,Road,1550,14.65,458,Low
SHP_00098,SUP_027,Road,1410,4.04,802,Standard
SHP_00099,SUP_040,Air,5717,11.81,862,Standard
SHP_00100,SUP_020,Air,7664,5.88,581,Critical
SHP_00101,SUP_002,Air,827,5.58,404,Critical
SHP_00102,SUP_013,Rail,340,8.65,454,Critical
SHP_00103,SUP_031,Road,1344,12.82,724,Standard
SHP_00104,SUP_001,Road,1051,9.77,770,Critical
SHP_00105,SUP_003,Ocean,3518,5.83,576,Critical
SHP_00106,SUP_035,Road,1169,12.44,970,Low
SHP_00107,SUP_042,Road,1428,3.78,602,Low
SHP_00108,SUP_050,Rail,1892,7.19,985,Standard
SHP_00109,SUP_020,Road,967,19.49,566,Critical
SHP_00110,SUP_009,Air,3843,13.72,135,Standard
SHP_00111,SUP_032,Road,1921,19,809,Critical
SHP_00112,SUP_008,Road,1904,18.6,619,Low
SHP_00113,SUP_047,Ocean,4494,17.86,760,Low
SHP_00114,SUP_023,Ocean,7263,18.28,658,Standard
SHP_00115,SUP_026,Rail,103,12.12,478,Critical
SHP_00116,SUP_041,Ocean,1243,7.66,205,Low
SHP_00117,SUP_002,Ocean,3572,19.92,960,Critical
SHP_00118,SUP_015,Road,1740,9.46,870,Critical
SHP_00119,SUP_020,Ocean,733,16.27,495,Standard
SHP_00120,SUP_001,Road,851,4.04,605,Standard
SHP_00121,SUP_044,Ocean,2042,15.32,569,Low
SHP_00122,SUP_044,Ocean,1581,19,431,Critical
SHP_00123,SUP_011,Road,335,8.22,529,Low
SHP_00124,SUP_006,Air,5506,17.59,126,Standard
SHP_00125,SUP_007,Road,1164,18.77,989,Standard
SHP_00126,SUP_034,Road,1360,3.15,437,Standard
SHP_00127,SUP_037,Ocean,6568,19.72,752,Low
SHP_00128,SUP_042,Ocean,2914,2.78,830,Critical
SHP_00129,SUP_039,Air,507,17.85,203,Standard
SHP_00130,SUP_033,Road,1054,14.85,735,Low
SHP_00131,SUP_016,Road,1382,4.99,259,Critical
SHP_00132,SUP_011,Road,1773,14.2,166,Standard
SHP_00133,SUP_016,Air,1573,13.26,403,Standard
SHP_00134,SUP_005,Road,1532,19.02,388,Critical
SHP_00135,SUP_026,Ocean,3424,6.19,671,Standard
SHP_00136,SUP_047,Road,445,1.08,451,Low
SHP_00137,SUP_014,Road,980,2.98,407,Critical
SHP_00138,SUP_046,Rail,145,14.01,906,Low
SHP_00139,SUP_027,Road,538,10.55,586,Low
SHP_00140,SUP_027,Ocean,3386,11.23,992,Standard
SHP_00141,SUP_020,Ocean,6845,17.64,960,Critical
SHP_00142,SUP_017,Road,1387,17.26,181,Critical
SHP_00143,SUP_007,Road,1484,3.47,660,Standard
SHP_00144,SUP_020,Road,777,7.21,365,Standard
SHP_00145,SUP_008,Road,520,10.58,624,Critical
SHP_00146,SUP_009,Air,1798,18.82,276,Standard
SHP_00147,SUP_018,Rail,558,4.66,880,Critical
SHP_00148,SUP_045,Road,1795,7.13,780,Critical
SHP_00149,SUP_023,Air,4480,14.84,997,Low
SHP_00150,SUP_006,Road,1398,18.36,794,Standard
SHP_00151,SUP_025,Ocean,4995,3.53,219,Standard
SHP_00152,SUP_044,Road,384,3.09,790,Critical
SHP_00153,SUP_039,Air,2184,9.22,446,Critical
SHP_00154,SUP_041,Road,1193,7.03,485,Low
SHP_00155,SUP_013,Ocean,1067,11.15,936,Critical
SHP_00156,SUP_010,Road,116,13.35,589,Standard
SHP_00157,SUP_009,Rail,205,2.17,365,Critical
SHP_00158,SUP_007,Rail,933,10.23,244,Low
SHP_00159,SUP_026,Road,1873,9.46,351,Standard
SHP_00160,SUP_030,Rail,1936,15.92,140,Critical
SHP_00161,SUP_044,Road,880,10.74,758,Standard
SHP_00162,SUP_023,Rail,1987,2.82,300,Critical
SHP_00163,SUP_037,Rail,1143,1.16,870,Low
SHP_00164,SUP_036,Road,1012,13.81,964,Standard
SHP_00165,SUP_008,Air,7315,11.54,830,Low
SHP_00166,SUP_029,Ocean,1963,17.31,159,Low
SHP_00167,SUP_010,Road,1937,17.62,517,Low
SHP_00168,SUP_003,Road,1240,3.19,354,Critical
SHP_00169,SUP_041,Air,3511,7.68,941,Standard
SHP_00170,SUP_007,Rail,279,1.13,428,Standard
SHP_00171,SUP_037,Rail,625,11.21,800,Low
SHP_00172,SUP_034,Air,7937,11.31,340,Low
SHP_00173,SUP_019,Road,620,4.35,119,Low
SHP_00174,SUP_001,Road,1375,4.76,694,Low
SHP_00175,SUP_019,Rail,1805,2.91,871,Low
SHP_00176,SUP_016,Road,1361,18.35,322,Critical
SHP_00177,SUP_022,Rail,1929,10.46,544,Standard
SHP_00178,SUP_033,Road,1926,19.24,799,Critical
SHP_00179,SUP_008,Ocean,3389,10.86,845,Critical
SHP_00180,SUP_026,Air,5115,13.96,899,Low
SHP_00181,SUP_005,Road,1294,16.87,147,Critical
SHP_00182,SUP_013,Air,1609,8.32,683,Critical
SHP_00183,SUP_050,Ocean,2255,1.27,361,Low
SHP_00184,SUP_031,Ocean,3421,8.78,776,Standard
SHP_00185,SUP_021,Road,1189,2.28,544,Standard
SHP_00186,SUP_003,Rail,1650,2.24,827,Low
SHP_00187,SUP_033,Ocean,1932,13.14,404,Low
SHP_00188,SUP_046,Rail,983,6.17,863,Critical
SHP_00189,SUP_007,Road,1231,2.32,525,Standard
SHP_00190,SUP_023,Road,981,5.92,988,Standard
SHP_00191,SUP_043,Air,4559,13.67,931,Critical
SHP_00192,SUP_041,Ocean,4474,9.3,714,Critical
SHP_00193,SUP_048,Ocean,7554,9.18,122,Critical
SHP_00194,SUP_004,Rail,599,12.4,430,Critical
SHP_00195,SUP_039,Road,1129,16.97,927,Standard
SHP_00196,SUP_048,Road,476,4.65,664,Low
SHP_00197,SUP_048,Rail,1326,6.38,264,Low
SHP_00198,SUP_043,Ocean,1895,19.65,734,Low
SHP_00199,SUP_031,Ocean,5710,4.99,126,Standard
SHP_00200,SUP_007,Rail,308,4.27,331,Low
SHP_00201,SUP_019,Rail,168,7.39,792,Critical
SHP_00202,SUP_002,Air,3136,1.37,133,Critical
SHP_00203,SUP_041,Road,928,6.21,153,Standard
SHP_00204,SUP_010,Ocean,7974,18.16,757,Standard
SHP_00205,SUP_023,Rail,674,17.71,707,Low
SHP_00206,SUP_026,Air,4361,3.78,339,Standard
SHP_00207,SUP_025,Air,2227,15.74,842,Low
SHP_00208,SUP_008,Rail,1436,14.6,728,Low
SHP_00209,SUP_004,Air,7191,5.71,409,Low
SHP_00210,SUP_041,Road,1699,8.17,562,Critical
SHP_00211,SUP_004,Road,1776,8.06,252,Low
SHP_00212,SUP_002,Rail,1559,14.33,779,Low
SHP_00213,SUP_011,Rail,1426,3.37,647,Critical
SHP_00214,SUP_021,Road,1795,13.5,635,Critical
SHP_00215,SUP_020,Rail,1657,4.97,495,Low
SHP_00216,SUP_005,Road,1260,2.84,999,Standard
SHP_00217,SUP_014,Road,628,18.79,648,Low
SHP_00218,SUP_031,Rail,168,12.69,303,Low
SHP_00219,SUP_045,Rail,502,15.02,869,Critical
SHP_00220,SUP_001,Ocean,5696,18.18,885,Critical
SHP_00221,SUP_027,Rail,717,5.1,658,Low
SHP_00222,SUP_004,Rail,1094,15.93,663,Critical
SHP_00223,SUP_026,Air,4780,7.55,163,Standard
SHP_00224,SUP_037,Road,1499,3.3,117,Standard
SHP_00225,SUP_031,Road,1604,12.94,649,Critical
SHP_00226,SUP_011,Road,1705,5,179,Standard
SHP_00227,SUP_019,Ocean,6886,6.99,137,Low
SHP_00228,SUP_026,Road,1466,1.23,736,Critical
SHP_00229,SUP_025,Ocean,4091,3.83,507,Low
SHP_00230,SUP_021,Rail,1248,8.85,554,Standard
SHP_00231,SUP_023,Rail,311,4.86,599,Critical
SHP_00232,SUP_046,Road,1358,17.79,104,Low
SHP_00233,SUP_033,Rail,184,11.66,479,Low
SHP_00234,SUP_041,Road,1862,19.22,287,Standard
SHP_00235,SUP_041,Road,987,2.2,263,Standard
SHP_00236,SUP_046,Rail,1716,16,422,Critical
SHP_00237,SUP_012,Road,1300,16.12,171,Critical
SHP_00238,SUP_030,Air,1768,3.36,313,Low
SHP_00239,SUP_039,Rail,1123,2.61,408,Low
SHP_00240,SUP_013,Road,1984,16.48,151,Low
SHP_00241,SUP_029,Ocean,4140,18.45,652,Low
SHP_00242,SUP_005,Ocean,1548,9.49,684,Low
SHP_00243,SUP_024,Ocean,3678,18.9,886,Critical
SHP_00244,SUP_044,Road,1304,2.69,898,Critical
SHP_00245,SUP_047,Air,1225,9.99,357,Critical
SHP_00246,SUP_011,Ocean,3592,8.92,653,Low
SHP_00247,SUP_019,Road,1043,6.93,128,Low
SHP_00248,SUP_030,Ocean,5539,6.58,111,Standard
SHP_00249,SUP_004,Ocean,7547,6.85,975,Low
SHP_00250,SUP_033,Ocean,2809,4.13,706,Low
SHP_00251,SUP_040,Road,1284,19.7,852,Low
SHP_00252,SUP_011,Road,751,19.53,433,Critical
SHP_00253,SUP_035,Ocean,3260,14.05,140,Low
SHP_00254,SUP_035,Road,1537,13.94,379,Low
SHP_00255,SUP_033,Road,742,10.58,939,Critical
SHP_00256,SUP_036,Rail,1093,12.24,356,Critical
SHP_00257,SUP_016,Ocean,6450,16.38,694,Standard
SHP_00258,SUP_044,Rail,1089,17.28,286,Critical
SHP_00259,SUP_027,Rail,790,16.48,125,Standard
SHP_00260,SUP_039,Air,7636,16.83,416,Critical
SHP_00261,SUP_018,Rail,698,4.8,605,Low
SHP_00262,SUP_016,Ocean,5368,10.21,739,Critical
SHP_00263,SUP_042,Air,3915,16.27,546,Standard
SHP_00264,SUP_039,Road,1823,9.19,310,Critical
SHP_00265,SUP_032,Ocean,3819,18.84,919,Standard
SHP_00266,SUP_004,Rail,184,18.33,642,Standard
SHP_00267,SUP_040,Rail,435,6.73,407,Standard
SHP_00268,SUP_040,Rail,1045,17.33,844,Critical
SHP_00269,SUP_021,Road,640,7.07,413,Standard
SHP_00270,SUP_048,Road,1171,8.25,622,Critical
SHP_00271,SUP_012,Ocean,1886,3.12,912,Standard
SHP_00272,SUP_008,Ocean,3723,19.6,461,Critical
SHP_00273,SUP_011,Ocean,1555,3.04,788,Critical
SHP_00274,SUP_001,Ocean,1903,6.12,847,Standard
SHP_00275,SUP_023,Road,165,4.41,767,Low
SHP_00276,SUP_024,Road,879,13.97,168,Critical
SHP_00277,SUP_047,Rail,1513,8.01,543,Low
SHP_00278,SUP_018,Rail,1539,12.04,790,Low
SHP_00279,SUP_035,Rail,1831,1.07,589,Low
SHP_00280,SUP_049,Rail,1678,2.01,716,Low
SHP_00281,SUP_026,Ocean,1646,7.78,558,Low
SHP_00282,SUP_029,Road,744,14.99,570,Standard
SHP_00283,SUP_035,Road,750,18.29,122,Low
SHP_00284,SUP_040,Air,3038,7.68,879,Low
SHP_00285,SUP_008,Rail,1290,2.01,461,Standard
SHP_00286,SUP_035,Air,3554,2.32,130,Standard
SHP_00287,SUP_023,Road,280,16.75,519,Critical
SHP_00288,SUP_040,Road,1029,3.67,371,Critical
SHP_00289,SUP_045,Road,1868,13.11,819,Standard
SHP_00290,SUP_048,Rail,1456,1.61,148,Critical
SHP_00291,SUP_050,Air,1601,14.79,379,Critical
SHP_00292,SUP_044,Air,7102,2.35,882,Low
SHP_00293,SUP_013,Ocean,1644,5.04,743,Standard
SHP_00294,SUP_026,Road,718,17.5,384,Low
SHP_00295,SUP_036,Air,4048,10.21,898,Critical
SHP_00296,SUP_009,Road,1725,18.2,980,Critical
SHP_00297,SUP_009,Rail,1405,11.82,533,Standard
SHP_00298,SUP_038,Road,1659,17.74,653,Low
SHP_00299,SUP_020,Rail,1521,2.88,951,Standard
SHP_00300,SUP_043,Air,2706,12.05,777,Critical
SHP_00301,SUP_018,Air,1879,3.4,762,Low
SHP_00302,SUP_040,Road,1617,15.39,137,Low
SHP_00303,SUP_026,Road,818,18.15,969,Standard
SHP_00304,SUP_006,Rail,1858,5.93,386,Critical
SHP_00305,SUP_005,Rail,1074,13.41,533,Critical
SHP_00306,SUP_026,Ocean,1684,19.89,980,Standard
SHP_00307,SUP_006,Road,111,7.69,999,Critical
SHP_00308,SUP_031,Road,196,1.74,238,Critical
SHP_00309,SUP_007,Rail,363,7.76,348,Standard
SHP_00310,SUP_027,Road,1371,16.47,644,Low
SHP_00311,SUP_047,Road,1892,11.6,352,Low
SHP_00312,SUP_034,Air,7398,9.66,535,Low
SHP_00313,SUP_028,Air,1924,15.12,347,Critical
SHP_00314,SUP_007,Ocean,4082,1.52,552,Low
SHP_00315,SUP_029,Ocean,4369,4.44,401,Standard
SHP_00316,SUP_010,Rail,1115,11.57,155,Critical
SHP_00317,SUP_008,Road,420,11.86,566,Critical
SHP_00318,SUP_018,Road,1272,18.94,763,Low
SHP_00319,SUP_019,Road,312,10.41,309,Standard
SHP_00320,SUP_045,Road,1282,3.53,507,Critical
SHP_00321,SUP_035,Road,589,15.55,926,Critical
SHP_00322,SUP_031,Rail,545,4.92,225,Low
SHP_00323,SUP_050,Rail,1607,16.7,228,Critical
SHP_00324,SUP_008,Road,217,12.41,142,Critical
SHP_00325,SUP_008,Ocean,5709,5.91,179,Standard
SHP_00326,SUP_040,Rail,414,11.83,604,Standard
SHP_00327,SUP_039,Rail,1365,19.72,460,Standard
SHP_00328,SUP_046,Rail,1973,14.25,897,Critical
SHP_00329,SUP_040,Road,1914,7.12,101,Critical
SHP_00330,SUP_040,Road,1725,8.47,824,Standard
SHP_00331,SUP_011,Road,1913,12.79,121,Critical
SHP_00332,SUP_019,Rail,111,14.11,786,Critical
SHP_00333,SUP_014,Air,7526,13.24,719,Low
SHP_00334,SUP_033,Air,6129,4.72,108,Critical
SHP_00335,SUP_020,Air,5877,6,607,Standard
SHP_00336,SUP_022,Air,2743,10.79,942,Low
SHP_00337,SUP_001,Ocean,5952,14.18,113,Standard
SHP_00338,SUP_047,Rail,311,15.6,368,Critical
SHP_00339,SUP_022,Road,913,14.76,752,Low
SHP_00340,SUP_001,Air,4386,9.18,724,Critical
SHP_00341,SUP_028,Road,1280,1.4,521,Critical
SHP_00342,SUP_031,Road,361,18.98,970,Critical
SHP_00343,SUP_046,Road,1747,19.38,595,Low
SHP_00344,SUP_046,Road,1461,13.49,606,Critical
SHP_00345,SUP_025,Road,668,14.42,657,Standard
SHP_00346,SUP_004,Rail,918,19.29,474,Standard
SHP_00347,SUP_004,Rail,933,3.52,562,Standard
SHP_00348,SUP_012,Air,5580,8.91,724,Standard
SHP_00349,SUP_026,Road,821,4.48,1000,Low
SHP_00350,SUP_030,Rail,1545,13.07,209,Low
SHP_00351,SUP_004,Road,1838,2.17,771,Standard
SHP_00352,SUP_046,Ocean,1131,18.01,505,Standard
SHP_00353,SUP_021,Rail,1931,1.04,959,Critical
SHP_00354,SUP_039,Road,1870,4.59,129,Standard
SHP_00355,SUP_013,Air,4306,12.49,554,Standard
SHP_00356,SUP_007,Rail,134,19.36,218,Low
SHP_00357,SUP_044,Air,3307,10.7,227,Standard
SHP_00358,SUP_045,Rail,535,8.49,737,Critical
SHP_00359,SUP_025,Ocean,3718,18.47,696,Low
SHP_00360,SUP_032,Rail,1555,9.55,294,Low
SHP_00361,SUP_029,Road,1492,6.38,796,Low
SHP_00362,SUP_006,Rail,1478,2.84,631,Critical
SHP_00363,SUP_002,Road,975,15.64,620,Standard
SHP_00364,SUP_022,Road,1506,14.09,327,Standard
SHP_00365,SUP_005,Ocean,3472,10.19,621,Critical
SHP_00366,SUP_028,Road,665,11.33,621,Standard
SHP_00367,SUP_043,Ocean,4000,4.15,893,Critical
SHP_00368,SUP_043,Ocean,7618,16.48,854,Low
SHP_00369,SUP_017,Road,1109,14.43,833,Critical
SHP_00370,SUP_036,Air,7636,11.62,985,Standard
SHP_00371,SUP_019,Air,3073,7.71,128,Standard
SHP_00372,SUP_003,Air,2631,2.97,270,Critical
SHP_00373,SUP_011,Air,5153,1.97,788,Critical
SHP_00374,SUP_004,Rail,519,18.27,181,Low
SHP_00375,SUP_009,Air,5616,6.78,207,Standard
SHP_00376,SUP_003,Road,1868,8.55,893,Critical
SHP_00377,SUP_021,Ocean,3351,14.28,943,Standard
SHP_00378,SUP_030,Air,6814,4.74,509,Standard
SHP_00379,SUP_043,Ocean,2681,13.67,301,Standard
SHP_00380,SUP_037,Road,101,2.72,699,Low
SHP_00381,SUP_021,Air,7879,11.59,639,Critical
SHP_00382,SUP_023,Rail,552,9.77,995,Low
SHP_00383,SUP_046,Rail,1912,11.61,246,Low
SHP_00384,SUP_021,Ocean,5511,3.39,536,Standard
SHP_00385,SUP_018,Rail,464,3.48,853,Low
SHP_00386,SUP_012,Ocean,1681,5.14,960,Low
SHP_00387,SUP_019,Road,1494,13.44,590,Low
SHP_00388,SUP_040,Road,1650,19.3,855,Low
SHP_00389,SUP_040,Rail,928,18.02,962,Low
SHP_00390,SUP_050,Ocean,5399,9.18,741,Standard
SHP_00391,SUP_021,Ocean,898,7.55,107,Low
SHP_00392,SUP_010,Road,1861,7.43,579,Standard
SHP_00393,SUP_035,Road,1414,14.36,318,Critical
SHP_00394,SUP_049,Rail,792,8.43,976,Critical
SHP_00395,SUP_029,Road,1562,19.39,512,Standard
SHP_00396,SUP_036,Ocean,735,7.79,702,Low
SHP_00397,SUP_039,Ocean,4827,1.11,446,Standard
SHP_00398,SUP_021,Road,262,2.07,417,Standard
SHP_00399,SUP_048,Rail,749,4.81,917,Critical
SHP_00400,SUP_047,Rail,702,11.24,987,Critical
SHP_00401,SUP_012,Air,4172,16.85,685,Standard
SHP_00402,SUP_024,Ocean,7281,12.64,506,Low
SHP_00403,SUP_028,Road,102,13.72,798,Critical
SHP_00404,SUP_036,Ocean,2904,5.85,193,Critical
SHP_00405,SUP_010,Road,290,12.32,435,Critical
SHP_00406,SUP_030,Ocean,2595,2.32,348,Low
SHP_00407,SUP_028,Road,388,16.38,758,Standard
SHP_00408,SUP_007,Air,3382,19.48,401,Low
SHP_00409,SUP_028,Ocean,7082,3.42,417,Critical
SHP_00410,SUP_029,Air,6076,11.81,814,Low
SHP_00411,SUP_005,Road,1380,6.94,920,Standard
SHP_00412,SUP_027,Ocean,5855,18.89,137,Standard
SHP_00413,SUP_032,Ocean,1599,11.29,791,Critical
SHP_00414,SUP_039,Rail,1636,16.69,912,Low
SHP_00415,SUP_034,Rail,1362,1.33,357,Critical
SHP_00416,SUP_026,Road,641,4.07,787,Standard
SHP_00417,SUP_011,Road,1754,1.22,449,Low
SHP_00418,SUP_040,Road,413,7.95,595,Low
SHP_00419,SUP_020,Rail,1185,5.93,222,Low
SHP_00420,SUP_013,Rail,888,4.11,182,Critical
SHP_00421,SUP_028,Rail,221,18.92,912,Critical
SHP_00422,SUP_033,Rail,1294,9.74,209,Critical
SHP_00423,SUP_013,Air,5936,6.63,634,Critical
SHP_00424,SUP_034,Road,296,18.9,590,Low
SHP_00425,SUP_011,Air,7724,3.89,960,Low
SHP_00426,SUP_015,Road,1593,17.93,633,Standard
SHP_00427,SUP_001,Road,1799,13.5,778,Low
SHP_00428,SUP_042,Ocean,2400,14.5,515,Standard
SHP_00429,SUP_001,Road,1936,1.32,922,Low
SHP_00430,SUP_013,Air,1650,13.13,425,Standard
SHP_00431,SUP_025,Air,1560,1.13,123,Low
SHP_00432,SUP_001,Rail,315,15.59,349,Low
SHP_00433,SUP_005,Rail,519,11.05,604,Low
SHP_00434,SUP_036,Air,4227,2.43,409,Standard
SHP_00435,SUP_042,Air,585,1.81,415,Standard
SHP_00436,SUP_037,Rail,1097,15.08,814,Low
SHP_00437,SUP_008,Air,663,2.17,254,Critical
SHP_00438,SUP_014,Ocean,7436,13.75,569,Low
SHP_00439,SUP_046,Rail,224,11.92,791,Low
SHP_00440,SUP_043,Air,2462,9.36,965,Low
SHP_00441,SUP_023,Air,4031,19.2,729,Standard
SHP_00442,SUP_034,Ocean,1053,1.12,980,Low
SHP_00443,SUP_003,Road,991,11.78,342,Critical
SHP_00444,SUP_005,Road,453,14.54,987,Critical
SHP_00445,SUP_022,Ocean,6722,5.28,604,Low
SHP_00446,SUP_013,Ocean,4342,3.21,151,Standard
SHP_00447,SUP_012,Ocean,5224,2.95,306,Low
SHP_00448,SUP_019,Rail,638,10.81,884,Standard
SHP_00449,SUP_041,Road,901,13.78,508,Critical
SHP_00450,SUP_049,Air,7418,5.15,176,Low
SHP_00451,SUP_020,Rail,130,12.8,984,Critical
SHP_00452,SUP_004,Rail,475,11.15,473,Critical
SHP_00453,SUP_036,Road,1343,2.92,286,Standard
SHP_00454,SUP_008,Ocean,5854,10.32,428,Critical
SHP_00455,SUP_037,Air,2228,14.13,799,Critical
SHP_00456,SUP_002,Road,1032,12.96,685,Critical
SHP_00457,SUP_016,Air,4702,11.8,496,Low
SHP_00458,SUP_010,Road,382,18.99,509,Critical
SHP_00459,SUP_031,Air,4133,10.88,263,Low
SHP_00460,SUP_041,Air,7387,1.51,309,Critical
SHP_00461,SUP_017,Air,7642,3.86,418,Standard
SHP_00462,SUP_023,Rail,937,1.15,976,Critical
SHP_00463,SUP_019,Rail,998,4.33,591,Critical
SHP_00464,SUP_046,Rail,989,14.84,785,Low
SHP_00465,SUP_044,Ocean,6433,2.6,310,Critical
SHP_00466,SUP_017,Road,1698,16.1,613,Critical
SHP_00467,SUP_003,Road,1598,16.99,686,Low
SHP_00468,SUP_010,Ocean,3633,12.13,823,Low
SHP_00469,SUP_022,Road,1794,19.78,384,Low
SHP_00470,SUP_010,Ocean,6949,11.02,474,Low
SHP_00471,SUP_014,Air,5462,2.84,393,Standard
SHP_00472,SUP_026,Ocean,2513,15.95,873,Standard
SHP_00473,SUP_014,Air,7419,12.88,549,Low
SHP_00474,SUP_029,Ocean,1699,16.02,384,Critical
SHP_00475,SUP_017,Road,183,17.06,197,Low
SHP_00476,SUP_046,Ocean,4289,15.99,803,Low
SHP_00477,SUP_025,Air,6249,3.99,812,Critical
SHP_00478,SUP_049,Rail,1495,12.34,422,Critical
SHP_00479,SUP_029,Ocean,6944,10.59,603,Low
SHP_00480,SUP_032,Road,422,18.44,451,Standard
SHP_00481,SUP_005,Rail,1650,7.39,191,Standard
SHP_00482,SUP_048,Rail,1090,11.52,929,Low
SHP_00483,SUP_025,Road,1055,19.36,223,Low
SHP_00484,SUP_016,Rail,1796,10.46,267,Critical
SHP_00485,SUP_011,Rail,815,12.2,312,Low
SHP_00486,SUP_036,Ocean,1752,19.69,472,Low
SHP_00487,SUP_009,Air,2788,1.99,483,Low
SHP_00488,SUP_021,Road,1843,18.59,313,Standard
SHP_00489,SUP_004,Ocean,7022,9.55,520,Low
SHP_00490,SUP_036,Ocean,7050,15.93,879,Low
SHP_00491,SUP_034,Road,1839,13.15,183,Standard
SHP_00492,SUP_022,Rail,1583,18.91,759,Critical
SHP_00493,SUP_035,Road,1086,12.61,139,Standard
SHP_00494,SUP_025,Road,774,16.97,266,Standard
SHP_00495,SUP_036,Road,601,2.68,310,Standard
SHP_00496,SUP_021,Road,310,16.46,976,Standard
SHP_00497,SUP_008,Rail,1330,4.95,962,Standard
SHP_00498,SUP_026,Air,2293,17.39,111,Standard
SHP_00499,SUP_041,Ocean,7600,10.67,202,Low
SHP_00500,SUP_014,Ocean,710,16.99,507,Critical
SHP_00501,SUP_020,Rail,970,12.28,915,Low
SHP_00502,SUP_037,Road,1473,3.99,616,Critical
SHP_00503,SUP_023,Road,355,5.46,283,Low
SHP_00504,SUP_046,Ocean,4622,1.13,891,Low
SHP_00505,SUP_034,Rail,671,13.03,655,Standard
SHP_00506,SUP_020,Road,868,3.57,614,Low
SHP_00507,SUP_028,Ocean,5461,11.52,317,Critical
SHP_00508,SUP_032,Ocean,3877,7.8,433,Low
SHP_00509,SUP_035,Ocean,5839,6.44,182,Standard
SHP_00510,SUP_041,Rail,1221,14.21,248,Critical
SHP_00511,SUP_010,Rail,1218,17.62,787,Critical
SHP_00512,SUP_043,Road,751,4.23,154,Standard
SHP_00513,SUP_007,Ocean,3739,8.48,830,Critical
SHP_00514,SUP_003,Ocean,4072,16.76,137,Standard
SHP_00515,SUP_016,Air,2565,4.09,730,Low
SHP_00516,SUP_025,Air,771,7.13,985,Low
SHP_00517,SUP_017,Road,1461,18.83,345,Standard
SHP_00518,SUP_032,Ocean,3040,7.9,440,Low
SHP_00519,SUP_022,Ocean,4529,15.32,948,Critical
SHP_00520,SUP_007,Road,1474,12.75,825,Standard
SHP_00521,SUP_019,Rail,1530,10.11,200,Standard
SHP_00522,SUP_018,Road,1656,8.51,338,Standard
SHP_00523,SUP_038,Ocean,2954,16.46,174,Low
SHP_00524,SUP_021,Ocean,5940,3.87,269,Low
SHP_00525,SUP_004,Ocean,6368,3.53,708,Standard
SHP_00526,SUP_037,Road,1236,4.44,120,Critical
SHP_00527,SUP_031,Road,956,8.98,324,Critical
SHP_00528,SUP_047,Road,1192,5.29,258,Standard
SHP_00529,SUP_022,Air,5176,11.97,420,Low
SHP_00530,SUP_041,Ocean,1801,13.56,559,Critical
SHP_00531,SUP_003,Ocean,592,18.28,568,Low
SHP_00532,SUP_014,Ocean,3961,5.37,573,Critical
SHP_00533,SUP_004,Ocean,2640,10.42,775,Critical
SHP_00534,SUP_032,Rail,1883,18.66,447,Standard
SHP_00535,SUP_045,Rail,1651,19.68,879,Standard
SHP_00536,SUP_049,Ocean,4895,7.92,444,Low
SHP_00537,SUP_013,Ocean,609,14.1,993,Low
SHP_00538,SUP_017,Road,1619,12.99,824,Low
SHP_00539,SUP_031,Road,1519,9.29,142,Critical
SHP_00540,SUP_034,Air,5779,3.99,693,Low
SHP_00541,SUP_002,Ocean,1463,1.33,899,Standard
SHP_00542,SUP_039,Rail,216,7.27,487,Low
SHP_00543,SUP_028,Road,1969,18.24,555,Critical
SHP_00544,SUP_011,Rail,121,17.21,479,Standard
SHP_00545,SUP_039,Rail,1917,3.38,356,Low
SHP_00546,SUP_044,Road,1140,18.09,394,Low
SHP_00547,SUP_025,Air,881,18.37,868,Low
SHP_00548,SUP_040,Rail,122,2.64,224,Standard
SHP_00549,SUP_037,Road,1598,18.55,192,Low
SHP_00550,SUP_009,Rail,125,1.41,586,Low
SHP_00551,SUP_047,Road,1833,3.65,914,Low
SHP_00552,SUP_036,Ocean,2581,19.98,968,Standard
SHP_00553,SUP_037,Rail,1532,13.86,934,Critical
SHP_00554,SUP_042,Rail,776,2.45,428,Low
SHP_00555,SUP_030,Ocean,5316,5.21,470,Standard
SHP_00556,SUP_030,Road,659,1.39,848,Standard
SHP_00557,SUP_044,Air,6960,13.19,317,Critical
SHP_00558,SUP_002,Air,820,12.81,286,Low
SHP_00559,SUP_027,Rail,1074,17.29,776,Standard
SHP_00560,SUP_003,Rail,1282,5.4,694,Low
SHP_00561,SUP_032,Rail,170,8.8,243,Critical
SHP_00562,SUP_034,Road,893,6.1,131,Standard
SHP_00563,SUP_050,Air,845,12.37,623,Standard
SHP_00564,SUP_012,Air,2732,12.31,591,Standard
SHP_00565,SUP_029,Road,1561,3.24,130,Low
SHP_00566,SUP_034,Rail,1033,13.33,251,Standard
SHP_00567,SUP_002,Road,1043,19.44,516,Low
SHP_00568,SUP_046,Road,776,1.11,541,Standard
SHP_00569,SUP_035,Ocean,6631,4.79,323,Low
SHP_00570,SUP_026,Road,500,14.89,401,Low
SHP_00571,SUP_029,Road,237,7.85,509,Critical
SHP_00572,SUP_038,Rail,482,15,597,Low
SHP_00573,SUP_001,Road,1487,5.37,698,Low
SHP_00574,SUP_011,Rail,1627,7.58,559,Low
SHP_00575,SUP_043,Ocean,7867,7.61,747,Standard
SHP_00576,SUP_045,Ocean,982,18.91,113,Standard
SHP_00577,SUP_045,Air,3369,8.02,483,Low
SHP_00578,SUP_008,Ocean,3299,17.68,825,Standard
SHP_00579,SUP_015,Road,1565,8.38,758,Low
SHP_00580,SUP_015,Road,1510,7.85,474,Critical
SHP_00581,SUP_016,Road,972,8.94,657,Critical
SHP_00582,SUP_014,Ocean,4442,16.95,173,Standard
SHP_00583,SUP_013,Road,366,10.94,688,Critical
SHP_00584,SUP_025,Road,371,2.28,558,Low
SHP_00585,SUP_026,Rail,301,9.76,613,Critical
SHP_00586,SUP_031,Road,506,2.59,281,Standard
SHP_00587,SUP_049,Air,6925,11.72,780,Low
SHP_00588,SUP_021,Air,632,3.5,696,Standard
SHP_00589,SUP_046,Air,1081,14.5,118,Low
SHP_00590,SUP_050,Road,1935,7.43,289,Standard
SHP_00591,SUP_003,Air,2813,2.28,391,Low
SHP_00592,SUP_022,Rail,835,4.36,435,Critical
SHP_00593,SUP_030,Road,685,13.89,300,Critical
SHP_00594,SUP_018,Road,1722,12.81,198,Critical
SHP_00595,SUP_010,Ocean,3117,18.52,190,Critical
SHP_00596,SUP_004,Road,1136,7.63,579,Standard
SHP_00597,SUP_001,Rail,783,15.69,420,Critical
SHP_00598,SUP_029,Road,852,3.13,129,Standard
SHP_00599,SUP_050,Road,620,12.03,731,Standard
SHP_00600,SUP_025,Air,2063,15.39,172,Critical
SHP_00601,SUP_011,Road,1554,14.73,795,Critical
SHP_00602,SUP_014,Road,1573,14.99,706,Critical
SHP_00603,SUP_022,Road,546,8.01,179,Standard
SHP_00604,SUP_044,Air,4864,4.77,351,Critical
SHP_00605,SUP_033,Air,5564,15.94,249,Low
SHP_00606,SUP_014,Road,911,2.41,589,Standard
SHP_00607,SUP_043,Road,1616,5.16,727,Standard
SHP_00608,SUP_001,Road,1058,19.15,818,Standard
SHP_00609,SUP_010,Road,1765,1.86,764,Standard
SHP_00610,SUP_037,Rail,1859,15.72,900,Standard
SHP_00611,SUP_009,Air,5412,12.97,984,Critical
SHP_00612,SUP_015,Rail,1501,2.07,773,Critical
SHP_00613,SUP_008,Rail,1836,4.26,537,Low
SHP_00614,SUP_026,Air,3602,13.34,707,Critical
SHP_00615,SUP_010,Ocean,2727,12.18,262,Low
SHP_00616,SUP_020,Ocean,2072,19.94,499,Critical
SHP_00617,SUP_025,Air,6274,19.64,765,Critical
SHP_00618,SUP_027,Road,1402,7.99,130,Standard
SHP_00619,SUP_042,Ocean,2747,4.87,773,Critical
SHP_00620,SUP_018,Rail,496,17.5,401,Standard
SHP_00621,SUP_041,Road,330,6.7,320,Standard
SHP_00622,SUP_037,Road,1662,2.35,452,Standard
SHP_00623,SUP_007,Road,1733,10.03,490,Standard
SHP_00624,SUP_001,Road,730,13.23,112,Low
SHP_00625,SUP_014,Rail,1088,6.31,845,Standard
SHP_00626,SUP_022,Road,796,19.57,232,Low
SHP_00627,SUP_033,Road,1271,12.31,304,Standard
SHP_00628,SUP_022,Rail,186,8.2,207,Critical
SHP_00629,SUP_012,Air,797,4.37,283,Standard
SHP_00630,SUP_019,Road,1443,15.1,187,Standard
SHP_00631,SUP_024,Rail,1994,17.87,662,Critical
SHP_00632,SUP_027,Ocean,7587,5.33,311,Low
SHP_00633,SUP_014,Road,597,11.66,769,Standard
SHP_00634,SUP_004,Road,644,17.88,514,Standard
SHP_00635,SUP_020,Air,7423,2.38,162,Standard
SHP_00636,SUP_040,Road,891,3.27,218,Standard
SHP_00637,SUP_039,Road,1285,10.91,711,Critical
SHP_00638,SUP_050,Road,783,4.61,143,Critical
SHP_00639,SUP_050,Road,240,15.68,473,Low
SHP_00640,SUP_049,Road,240,8.53,971,Low
SHP_00641,SUP_013,Air,3195,18.63,888,Critical
SHP_00642,SUP_012,Road,860,5.28,550,Critical
SHP_00643,SUP_043,Road,1044,3.99,574,Critical
SHP_00644,SUP_050,Road,1817,9.88,211,Low
SHP_00645,SUP_029,Air,3906,17.87,893,Critical
SHP_00646,SUP_029,Ocean,5248,12.24,196,Critical
SHP_00647,SUP_039,Rail,1673,4.91,954,Standard
SHP_00648,SUP_037,Rail,1493,18.68,998,Critical
SHP_00649,SUP_010,Rail,1775,10,240,Critical
SHP_00650,SUP_003,Road,1803,14.84,704,Standard
SHP_00651,SUP_034,Air,5048,15.39,869,Standard
SHP_00652,SUP_001,Road,348,8.09,117,Low
SHP_00653,SUP_047,Rail,1064,6.57,371,Standard
SHP_00654,SUP_025,Rail,526,18.58,154,Low
SHP_00655,SUP_013,Road,1849,4.47,996,Standard
SHP_00656,SUP_043,Air,1688,4.35,768,Critical
SHP_00657,SUP_039,Road,1428,5.53,497,Standard
SHP_00658,SUP_003,Road,508,12.5,257,Standard
SHP_00659,SUP_018,Rail,1277,14.01,832,Critical
SHP_00660,SUP_045,Rail,183,16.66,875,Standard
SHP_00661,SUP_037,Road,945,4.56,632,Critical
SHP_00662,SUP_004,Ocean,1407,9.56,341,Standard
SHP_00663,SUP_001,Rail,1657,9.08,196,Standard
SHP_00664,SUP_038,Road,757,19.15,614,Standard
SHP_00665,SUP_012,Air,1169,14.5,683,Standard
SHP_00666,SUP_044,Road,617,8.98,176,Standard
SHP_00667,SUP_022,Road,1523,9.26,529,Critical
SHP_00668,SUP_015,Road,1805,4.39,927,Low
SHP_00669,SUP_046,Road,552,18.24,516,Standard
SHP_00670,SUP_025,Road,1198,13.76,447,Standard
SHP_00671,SUP_005,Road,297,4.7,377,Low
SHP_00672,SUP_037,Ocean,5163,9.7,664,Standard
SHP_00673,SUP_010,Air,6904,4.05,122,Critical
SHP_00674,SUP_029,Road,266,18.63,314,Critical
SHP_00675,SUP_007,Road,330,5.13,200,Critical
SHP_00676,SUP_007,Ocean,6648,16.42,315,Low
SHP_00677,SUP_042,Air,1587,18.87,726,Low
SHP_00678,SUP_029,Road,668,12.6,534,Low
SHP_00679,SUP_002,Ocean,2451,3.7,863,Critical
SHP_00680,SUP_045,Ocean,6722,10.67,149,Critical
SHP_00681,SUP_010,Ocean,3197,14.79,615,Critical
SHP_00682,SUP_001,Road,1135,19.43,700,Low
SHP_00683,SUP_048,Road,1528,2,796,Critical
SHP_00684,SUP_004,Rail,1717,19.55,805,Low
SHP_00685,SUP_022,Ocean,7030,4.87,161,Low
SHP_00686,SUP_033,Rail,441,11.26,531,Low
SHP_00687,SUP_028,Rail,446,17.49,239,Standard
SHP_00688,SUP_004,Road,1934,2.55,131,Critical
SHP_00689,SUP_001,Rail,1950,6.61,478,Low
SHP_00690,SUP_042,Road,1958,17.87,681,Critical
SHP_00691,SUP_029,Road,348,7.86,531,Low
SHP_00692,SUP_047,Road,1618,17.62,861,Critical
SHP_00693,SUP_044,Road,778,13.21,100,Low
SHP_00694,SUP_001,Road,135,4.18,125,Low
SHP_00695,SUP_030,Air,2226,16.41,887,Critical
SHP_00696,SUP_021,Rail,1237,8.9,256,Low
SHP_00697,SUP_013,Road,559,16,454,Standard
SHP_00698,SUP_029,Rail,1715,6.1,430,Low
SHP_00699,SUP_033,Road,1082,4.55,315,Critical
SHP_00700,SUP_007,Road,150,3.99,756,Standard
SHP_00701,SUP_050,Road,243,8.49,280,Critical
SHP_00702,SUP_049,Air,1245,9.67,279,Standard
SHP_00703,SUP_012,Road,705,14.34,236,Critical
SHP_00704,SUP_013,Air,1769,16.07,315,Critical
SHP_00705,SUP_016,Air,6409,10.73,788,Critical
SHP_00706,SUP_005,Ocean,4528,4.07,587,Low
SHP_00707,SUP_029,Road,1122,11.86,628,Low
SHP_00708,SUP_008,Ocean,3709,6.25,587,Critical
SHP_00709,SUP_019,Road,1187,15.74,527,Low
SHP_00710,SUP_021,Rail,1254,5.96,398,Critical
SHP_00711,SUP_042,Rail,1971,5.52,514,Critical
SHP_00712,SUP_033,Rail,167,10.98,149,Low
SHP_00713,SUP_002,Road,1287,10.5,416,Low
SHP_00714,SUP_045,Road,1678,1.49,452,Standard
SHP_00715,SUP_039,Road,1180,15.7,626,Critical
SHP_00716,SUP_024,Ocean,833,4.11,498,Standard
SHP_00717,SUP_002,Ocean,7392,3.41,502,Standard
SHP_00718,SUP_001,Ocean,6508,13.86,504,Critical
SHP_00719,SUP_037,Air,760,15.61,384,Low
SHP_00720,SUP_028,Rail,1168,11.31,218,Standard
SHP_00721,SUP_040,Ocean,3517,17.95,893,Standard
SHP_00722,SUP_044,Road,930,12.54,908,Critical
SHP_00723,SUP_036,Air,5092,12.91,115,Critical
SHP_00724,SUP_037,Rail,1636,19.69,971,Standard
SHP_00725,SUP_031,Rail,368,6.44,444,Low
SHP_00726,SUP_032,Ocean,7312,4.68,804,Low
SHP_00727,SUP_044,Air,7567,6,953,Critical
SHP_00728,SUP_017,Rail,375,2.42,503,Low
SHP_00729,SUP_023,Road,406,9.66,150,Standard
SHP_00730,SUP_045,Road,1558,16.19,721,Critical
SHP_00731,SUP_050,Road,1081,6.58,546,Standard
SHP_00732,SUP_042,Ocean,3110,11.6,658,Critical
SHP_00733,SUP_023,Rail,682,4.4,268,Low
SHP_00734,SUP_029,Road,1141,8.14,145,Standard
SHP_00735,SUP_049,Road,293,7.31,839,Low
SHP_00736,SUP_009,Ocean,698,1.68,674,Critical
SHP_00737,SUP_041,Road,116,9.78,273,Standard
SHP_00738,SUP_020,Ocean,6026,5.81,293,Standard
SHP_00739,SUP_016,Road,389,9.26,249,Low
SHP_00740,SUP_041,Road,1457,10.65,501,Critical
SHP_00741,SUP_022,Road,579,1.05,194,Low
SHP_00742,SUP_004,Road,1415,8.12,430,Standard
SHP_00743,SUP_036,Rail,641,11.67,196,Low
SHP_00744,SUP_014,Road,1860,4.99,809,Standard
SHP_00745,SUP_014,Road,905,2.86,808,Standard
SHP_00746,SUP_038,Ocean,4851,14.15,913,Standard
SHP_00747,SUP_020,Road,245,19.04,391,Low
SHP_00748,SUP_018,Road,739,10.4,979,Critical
SHP_00749,SUP_023,Ocean,7955,11.67,893,Low
SHP_00750,SUP_045,Rail,1128,3.18,929,Low
SHP_00751,SUP_007,Air,3462,18.02,304,Low
SHP_00752,SUP_017,Ocean,1058,17.35,768,Standard
SHP_00753,SUP_047,Rail,366,1.92,196,Standard
SHP_00754,SUP_024,Road,888,4.28,374,Low
SHP_00755,SUP_002,Air,4065,14.22,745,Critical
SHP_00756,SUP_023,Rail,870,6.24,582,Critical
SHP_00757,SUP_029,Rail,991,6.94,787,Critical
SHP_00758,SUP_016,Road,290,5.31,587,Standard
SHP_00759,SUP_010,Ocean,7564,13.22,773,Critical
SHP_00760,SUP_021,Rail,870,18.39,455,Critical
SHP_00761,SUP_036,Road,1229,2.97,492,Standard
SHP_00762,SUP_010,Road,499,5.34,218,Critical
SHP_00763,SUP_022,Road,450,19.17,142,Standard
SHP_00764,SUP_005,Rail,359,15.88,886,Critical
SHP_00765,SUP_012,Air,1433,17.77,694,Critical
SHP_00766,SUP_033,Rail,1694,5.11,288,Low
SHP_00767,SUP_011,Rail,1937,6.69,623,Low
SHP_00768,SUP_028,Ocean,3823,15.6,749,Low
SHP_00769,SUP_027,Road,1201,6.56,179,Standard
SHP_00770,SUP_008,Ocean,7810,7.18,734,Critical
SHP_00771,SUP_033,Air,7511,10.77,652,Critical
SHP_00772,SUP_036,Ocean,5818,7.4,106,Low
SHP_00773,SUP_035,Air,1435,4.13,222,Critical
SHP_00774,SUP_040,Road,1472,1.08,149,Low
SHP_00775,SUP_035,Rail,1061,4.07,421,Low
SHP_00776,SUP_006,Air,7758,16.04,661,Standard
SHP_00777,SUP_022,Road,1124,9.3,583,Low
SHP_00778,SUP_004,Rail,624,10.12,391,Low
SHP_00779,SUP_041,Rail,1975,5.85,634,Low
SHP_00780,SUP_006,Rail,642,1.29,655,Standard
SHP_00781,SUP_023,Rail,949,14.64,827,Standard
SHP_00782,SUP_020,Road,627,15.07,441,Critical
SHP_00783,SUP_034,Road,433,5.89,683,Critical
SHP_00784,SUP_006,Road,1228,1.81,935,Critical
SHP_00785,SUP_019,Road,1168,4.12,544,Standard
SHP_00786,SUP_040,Ocean,776,5.07,287,Low
SHP_00787,SUP_010,Rail,150,7.53,164,Low
SHP_00788,SUP_048,Road,1514,1.53,636,Low
SHP_00789,SUP_029,Road,456,11.64,509,Low
SHP_00790,SUP_044,Ocean,3240,17.69,668,Critical
SHP_00791,SUP_005,Road,717,5.95,956,Critical
SHP_00792,SUP_032,Rail,474,9.58,277,Low
SHP_00793,SUP_031,Road,1379,1.27,371,Critical
SHP_00794,SUP_032,Rail,576,2.7,274,Standard
SHP_00795,SUP_011,Air,3611,3.56,981,Standard
SHP_00796,SUP_035,Ocean,2180,10.09,528,Critical
SHP_00797,SUP_036,Ocean,2507,10.63,901,Low
SHP_00798,SUP_036,Rail,825,10.86,957,Critical
SHP_00799,SUP_027,Rail,1433,12.36,578,Critical
SHP_00800,SUP_019,Ocean,672,4.38,372,Low
SHP_00801,SUP_018,Rail,1293,12.99,979,Low
SHP_00802,SUP_020,Road,1855,15.11,943,Low
SHP_00803,SUP_037,Rail,814,6.39,370,Standard
SHP_00804,SUP_030,Rail,902,19.18,220,Critical
SHP_00805,SUP_021,Road,1873,15.86,167,Standard
SHP_00806,SUP_016,Rail,1530,18.09,335,Critical
SHP_00807,SUP_019,Ocean,1103,17.87,368,Low
SHP_00808,SUP_011,Ocean,641,17.64,148,Standard
SHP_00809,SUP_042,Road,644,12.61,730,Standard
SHP_00810,SUP_018,Air,2695,7.79,583,Critical
SHP_00811,SUP_024,Ocean,5579,2.62,387,Critical
SHP_00812,SUP_025,Ocean,3063,15.74,412,Standard
SHP_00813,SUP_007,Air,2579,19.93,996,Low
SHP_00814,SUP_024,Ocean,3690,10.67,747,Low
SHP_00815,SUP_016,Ocean,5167,14.03,103,Low
SHP_00816,SUP_005,Road,313,9.31,260,Standard
SHP_00817,SUP_022,Rail,1516,7.91,216,Low
SHP_00818,SUP_020,Road,909,6.27,727,Low
SHP_00819,SUP_011,Air,3449,19.21,860,Standard
SHP_00820,SUP_047,Road,644,14.4,322,Standard
SHP_00821,SUP_012,Ocean,3342,2.41,340,Low
SHP_00822,SUP_029,Air,2940,1.25,291,Standard
SHP_00823,SUP_005,Road,448,17.07,513,Standard
SHP_00824,SUP_031,Road,810,11.75,310,Low
SHP_00825,SUP_015,Road,1637,4.94,996,Standard
SHP_00826,SUP_028,Ocean,2666,13.48,636,Critical
SHP_00827,SUP_036,Road,914,8.96,753,Critical
SHP_00828,SUP_014,Road,287,8.77,873,Critical
SHP_00829,SUP_009,Rail,981,1.96,487,Standard
SHP_00830,SUP_030,Road,1249,2.57,944,Low
SHP_00831,SUP_003,Road,797,5.68,280,Standard
SHP_00832,SUP_015,Road,810,13.79,967,Standard
SHP_00833,SUP_006,Air,5622,13.24,754,Low
SHP_00834,SUP_015,Road,1327,1.35,124,Standard
SHP_00835,SUP_012,Road,304,3.85,234,Critical
SHP_00836,SUP_041,Road,1855,19.33,220,Low
SHP_00837,SUP_034,Ocean,7695,3.39,659,Critical
SHP_00838,SUP_037,Road,952,7.98,645,Standard
SHP_00839,SUP_007,Rail,1945,13.3,177,Critical
SHP_00840,SUP_015,Rail,587,13.73,607,Low
SHP_00841,SUP_033,Air,7667,18.64,437,Standard
SHP_00842,SUP_013,Rail,729,9.29,591,Critical
SHP_00843,SUP_023,Road,388,19.12,431,Critical
SHP_00844,SUP_034,Ocean,2124,11.56,364,Standard
SHP_00845,SUP_031,Air,5298,7.14,585,Critical
SHP_00846,SUP_049,Road,407,16.36,515,Standard
SHP_00847,SUP_007,Air,7671,17.91,789,Critical
SHP_00848,SUP_030,Ocean,5694,3.62,225,Standard
SHP_00849,SUP_035,Road,490,1.49,903,Standard
SHP_00850,SUP_006,Rail,1575,3.18,509,Critical
SHP_00851,SUP_013,Air,1339,17.58,981,Low
SHP_00852,SUP_032,Rail,1284,8.56,660,Low
SHP_00853,SUP_024,Road,207,5.36,168,Critical
SHP_00854,SUP_009,Ocean,3292,8,486,Critical
SHP_00855,SUP_034,Road,374,9.57,986,Critical
SHP_00856,SUP_024,Road,1460,18.05,729,Critical
SHP_00857,SUP_024,Air,4021,18,439,Low
SHP_00858,SUP_005,Road,720,15.88,905,Low
SHP_00859,SUP_015,Rail,641,3.84,424,Standard
SHP_00860,SUP_038,Air,1005,10.8,846,Low
SHP_00861,SUP_033,Rail,1037,8.17,802,Critical
SHP_00862,SUP_002,Road,1853,4.28,843,Low
SHP_00863,SUP_044,Road,733,1.85,566,Low
SHP_00864,SUP_047,Road,1837,16.13,981,Critical
SHP_00865,SUP_009,Road,1479,14.03,359,Low
SHP_00866,SUP_043,Rail,1313,17.32,775,Low
SHP_00867,SUP_047,Road,930,8.49,786,Standard
SHP_00868,SUP_041,Road,878,17.83,465,Low
SHP_00869,SUP_041,Ocean,557,5.92,550,Critical
SHP_00870,SUP_008,Ocean,1184,13.22,729,Critical
SHP_00871,SUP_005,Road,744,16.44,551,Critical
SHP_00872,SUP_027,Road,410,9.01,152,Standard
SHP_00873,SUP_004,Rail,1005,14.93,221,Critical
SHP_00874,SUP_001,Road,571,3.33,553,Standard
SHP_00875,SUP_015,Air,1787,14.59,504,Critical
SHP_00876,SUP_020,Road,1190,8.17,883,Low
SHP_00877,SUP_015,Rail,1521,19.21,876,Critical
SHP_00878,SUP_011,Rail,367,14.05,598,Low
SHP_00879,SUP_017,Air,4515,16.62,977,Standard
SHP_00880,SUP_020,Road,106,1.36,666,Low
SHP_00881,SUP_037,Road,350,18.63,212,Critical
SHP_00882,SUP_017,Rail,1884,4.73,987,Low
SHP_00883,SUP_008,Air,5606,9.64,529,Low
SHP_00884,SUP_047,Air,1529,8.9,125,Low
SHP_00885,SUP_019,Rail,1935,6.7,616,Low
SHP_00886,SUP_049,Road,1537,15.33,248,Critical
SHP_00887,SUP_022,Rail,926,3.16,437,Critical
SHP_00888,SUP_019,Road,120,19.44,349,Standard
SHP_00889,SUP_038,Air,6370,18.16,728,Critical
SHP_00890,SUP_034,Road,1923,10.81,252,Low
SHP_00891,SUP_004,Rail,522,1.6,964,Standard
SHP_00892,SUP_014,Ocean,7658,5.97,194,Critical
SHP_00893,SUP_004,Ocean,629,13.32,887,Low
SHP_00894,SUP_030,Road,1201,12.97,778,Critical
SHP_00895,SUP_023,Rail,486,3.76,510,Standard
SHP_00896,SUP_042,Road,598,18.06,282,Standard
SHP_00897,SUP_031,Road,380,14.66,419,Critical
SHP_00898,SUP_035,Ocean,2017,15.44,425,Critical
SHP_00899,SUP_028,Air,3740,18.7,557,Standard
SHP_00900,SUP_004,Air,2637,14.99,578,Critical
SHP_00901,SUP_044,Road,1634,8.54,448,Low
SHP_00902,SUP_012,Air,2021,5.97,107,Standard
SHP_00903,SUP_048,Road,162,12.49,726,Standard
SHP_00904,SUP_004,Rail,1928,10.63,650,Standard
SHP_00905,SUP_024,Road,754,9.94,213,Standard
SHP_00906,SUP_022,Ocean,1968,8.55,952,Critical
SHP_00907,SUP_015,Ocean,1483,1.4,314,Critical
SHP_00908,SUP_038,Road,594,17.96,810,Critical
SHP_00909,SUP_002,Road,1357,11.75,178,Standard
SHP_00910,SUP_026,Road,1331,8.54,889,Low
SHP_00911,SUP_027,Rail,1356,15.93,808,Low
SHP_00912,SUP_033,Road,1500,10.03,211,Low
SHP_00913,SUP_037,Rail,926,4.44,358,Low
SHP_00914,SUP_036,Road,1860,14.83,634,Critical
SHP_00915,SUP_011,Rail,1934,15.9,357,Critical
SHP_00916,SUP_050,Road,1142,5.72,195,Critical
SHP_00917,SUP_046,Road,874,1.11,953,Standard
SHP_00918,SUP_022,Ocean,663,14.13,525,Critical
SHP_00919,SUP_006,Rail,1232,11.01,865,Standard
SHP_00920,SUP_020,Air,2053,6.26,762,Standard
SHP_00921,SUP_007,Ocean,5801,13,381,Low
SHP_00922,SUP_028,Road,1067,11.48,786,Standard
SHP_00923,SUP_001,Ocean,5797,11.19,819,Low
SHP_00924,SUP_023,Rail,1026,18.84,890,Critical
SHP_00925,SUP_004,Road,1008,4.75,185,Low
SHP_00926,SUP_012,Air,634,6.23,832,Low
SHP_00927,SUP_016,Road,591,5.33,427,Critical
SHP_00928,SUP_033,Road,675,15.67,299,Low
SHP_00929,SUP_048,Rail,1867,11.39,531,Standard
SHP_00930,SUP_032,Road,1699,13.54,278,Low
SHP_00931,SUP_048,Air,6760,19.59,135,Low
SHP_00932,SUP_032,Ocean,6250,5.3,500,Standard
SHP_00933,SUP_027,Ocean,6577,19.02,561,Low
SHP_00934,SUP_029,Road,1378,13.78,739,Standard
SHP_00935,SUP_023,Road,993,10.22,494,Critical
SHP_00936,SUP_018,Road,234,15.69,799,Critical
SHP_00937,SUP_015,Air,601,1.21,588,Low
SHP_00938,SUP_024,Ocean,3188,6.43,556,Low
SHP_00939,SUP_008,Air,3611,6.89,836,Critical
SHP_00940,SUP_031,Rail,1226,10.81,651,Low
SHP_00941,SUP_020,Road,248,16.34,836,Low
SHP_00942,SUP_038,Rail,198,8.68,348,Standard
SHP_00943,SUP_028,Rail,1387,13.85,725,Standard
SHP_00944,SUP_032,Ocean,1026,14.81,253,Standard
SHP_00945,SUP_049,Road,1611,4.39,292,Low
SHP_00946,SUP_045,Air,5448,13.19,815,Low
SHP_00947,SUP_029,Air,3018,17.27,992,Critical
SHP_00948,SUP_025,Ocean,2509,16.92,183,Standard
SHP_00949,SUP_004,Ocean,5858,11.93,576,Low
SHP_00950,SUP_002,Rail,1216,12.96,501,Low
SHP_00951,SUP_028,Rail,1408,16.86,127,Low
SHP_00952,SUP_016,Rail,1577,8.45,215,Low
SHP_00953,SUP_048,Road,1064,7.83,998,Standard
SHP_00954,SUP_009,Ocean,7479,7.82,894,Low
SHP_00955,SUP_014,Road,1426,9.95,361,Low
SHP_00956,SUP_007,Road,824,11.37,779,Low
SHP_00957,SUP_048,Road,740,13.23,592,Low
SHP_00958,SUP_031,Air,1327,17.17,546,Standard
SHP_00959,SUP_010,Road,1329,5.83,155,Low
SHP_00960,SUP_033,Rail,1131,2.6,712,Standard
SHP_00961,SUP_009,Air,2074,16.79,602,Low
SHP_00962,SUP_033,Rail,1074,6.41,120,Standard
SHP_00963,SUP_022,Road,1706,1.97,401,Critical
SHP_00964,SUP_035,Road,459,10.33,684,Low
SHP_00965,SUP_026,Road,630,16.26,977,Standard
SHP_00966,SUP_010,Road,1500,8.2,278,Critical
SHP_00967,SUP_043,Rail,1709,10.46,902,Standard
SHP_00968,SUP_027,Road,195,4.37,345,Low
SHP_00969,SUP_040,Rail,336,4.76,515,Standard
SHP_00970,SUP_029,Road,921,9.47,480,Critical
SHP_00971,SUP_027,Rail,1857,13.66,234,Low
SHP_00972,SUP_002,Ocean,1840,16.9,581,Low
SHP_00973,SUP_019,Rail,1626,14.7,318,Standard
SHP_00974,SUP_019,Road,1645,11.06,879,Standard
SHP_00975,SUP_035,Air,2060,3.28,869,Low
SHP_00976,SUP_007,Road,1305,15.07,253,Standard
SHP_00977,SUP_020,Rail,672,11.17,758,Critical
SHP_00978,SUP_005,Air,6277,5.76,533,Critical
SHP_00979,SUP_005,Road,1587,3.1,393,Standard
SHP_00980,SUP_044,Rail,1046,7.46,763,Critical
SHP_00981,SUP_044,Road,1811,11.59,489,Low
SHP_00982,SUP_050,Rail,1706,6.8,180,Low
SHP_00983,SUP_035,Air,5913,5.49,308,Low
SHP_00984,SUP_042,Air,2594,2.61,660,Low
SHP_00985,SUP_005,Rail,1966,13.46,542,Standard
SHP_00986,SUP_039,Road,588,6.91,764,Standard
SHP_00987,SUP_033,Rail,1412,7.28,215,Critical
SHP_00988,SUP_005,Road,621,17.2,236,Critical
SHP_00989,SUP_017,Road,786,12.79,953,Critical
SHP_00990,SUP_045,Ocean,960,9.65,669,Critical
SHP_00991,SUP_018,Rail,229,8.03,663,Standard
SHP_00992,SUP_041,Rail,1723,16.92,809,Critical
SHP_00993,SUP_027,Road,1405,7.51,788,Low
SHP_00994,SUP_045,Rail,1227,4.68,876,Critical
SHP_00995,SUP_048,Road,539,18.55,654,Critical
SHP_00996,SUP_022,Air,6286,5.21,463,Low
SHP_00997,SUP_013,Ocean,2853,18.39,713,Low
SHP_00998,SUP_031,Air,5623,9.04,729,Low
SHP_00999,SUP_005,Ocean,5049,7.62,256,Low
SHP_01000,SUP_030,Road,509,3.7,100,Critical
SHP_01001,SUP_020,Road,1749,17.42,950,Low
SHP_01002,SUP_017,Road,1295,9.24,479,Low
SHP_01003,SUP_025,Ocean,6959,17.53,944,Standard
SHP_01004,SUP_036,Rail,306,6.8,181,Standard
SHP_01005,SUP_046,Ocean,4402,14.8,771,Critical
SHP_01006,SUP_013,Rail,1139,4.9,704,Low
SHP_01007,SUP_019,Rail,1008,18.78,854,Low
SHP_01008,SUP_012,Ocean,1645,8.24,820,Critical
SHP_01009,SUP_033,Road,1591,10.29,900,Standard
SHP_01010,SUP_039,Road,456,18.84,211,Standard
SHP_01011,SUP_044,Road,118,1.3,455,Standard
SHP_01012,SUP_048,Ocean,5205,7.45,502,Standard
SHP_01013,SUP_013,Ocean,4984,1.03,415,Low
SHP_01014,SUP_039,Air,5919,1.06,123,Critical
SHP_01015,SUP_007,Rail,758,16.58,516,Critical
SHP_01016,SUP_006,Ocean,7993,3.49,316,Standard
SHP_01017,SUP_009,Road,1350,3.62,448,Critical
SHP_01018,SUP_002,Rail,1390,13.84,123,Standard
SHP_01019,SUP_035,Ocean,6672,5.15,550,Low
SHP_01020,SUP_009,Air,936,2.26,864,Standard
SHP_01021,SUP_038,Rail,294,8.81,640,Standard
SHP_01022,SUP_021,Road,1620,18.9,146,Standard
SHP_01023,SUP_049,Ocean,7674,4.51,787,Critical
SHP_01024,SUP_019,Ocean,2814,15.34,946,Critical
SHP_01025,SUP_005,Ocean,1201,9.06,672,Low
SHP_01026,SUP_009,Road,879,13.42,532,Standard
SHP_01027,SUP_032,Ocean,2215,5.64,711,Critical
SHP_01028,SUP_037,Ocean,4812,3.87,194,Standard
SHP_01029,SUP_013,Road,906,14.87,936,Standard
SHP_01030,SUP_043,Ocean,2186,3,182,Standard
SHP_01031,SUP_005,Air,4342,7.17,708,Low
SHP_01032,SUP_014,Rail,537,10.22,180,Low
SHP_01033,SUP_041,Road,952,3.68,662,Standard
SHP_01034,SUP_049,Air,629,5.79,143,Critical
SHP_01035,SUP_050,Air,2037,19.82,117,Critical
SHP_01036,SUP_002,Rail,1371,6.94,741,Critical
SHP_01037,SUP_028,Road,1736,11.37,554,Low
SHP_01038,SUP_029,Rail,265,13.55,724,Standard
SHP_01039,SUP_033,Air,6883,15.1,724,Standard
SHP_01040,SUP_027,Road,426,15.66,268,Critical
SHP_01041,SUP_002,Road,1396,15.96,921,Low
SHP_01042,SUP_021,Rail,1492,16.45,635,Standard
SHP_01043,SUP_016,Road,424,19.8,556,Low
SHP_01044,SUP_031,Rail,651,17.52,883,Critical
SHP_01045,SUP_047,Ocean,7224,13.64,267,Standard
SHP_01046,SUP_001,Rail,1004,5.05,130,Standard
SHP_01047,SUP_040,Road,119,19.57,456,Low
SHP_01048,SUP_021,Air,2356,7.92,484,Critical
SHP_01049,SUP_022,Ocean,7660,7.35,581,Critical
SHP_01050,SUP_043,Air,1837,7.37,561,Low
SHP_01051,SUP_039,Ocean,7150,14.61,746,Low
SHP_01052,SUP_015,Road,1495,12.95,866,Standard
SHP_01053,SUP_044,Ocean,664,12.48,721,Low
SHP_01054,SUP_035,Rail,942,10.57,238,Critical
SHP_01055,SUP_016,Ocean,1869,10.47,431,Low
SHP_01056,SUP_001,Road,894,2.82,392,Critical
SHP_01057,SUP_043,Rail,264,9.7,475,Standard
SHP_01058,SUP_014,Road,952,9.71,529,Low
SHP_01059,SUP_003,Road,977,2.86,727,Low
SHP_01060,SUP_046,Rail,330,2.5,191,Low
SHP_01061,SUP_008,Ocean,2441,16.71,351,Low
SHP_01062,SUP_002,Ocean,3132,15.08,730,Critical
SHP_01063,SUP_025,Rail,439,6.2,639,Standard
SHP_01064,SUP_005,Road,131,12.07,889,Standard
SHP_01065,SUP_010,Road,1601,4.95,206,Low
SHP_01066,SUP_043,Rail,267,12.27,732,Low
SHP_01067,SUP_025,Road,997,12.21,383,Low
SHP_01068,SUP_008,Air,7849,5.37,159,Standard
SHP_01069,SUP_028,Road,1006,7.34,489,Standard
SHP_01070,SUP_013,Road,1668,19.16,951,Critical
SHP_01071,SUP_048,Road,751,13.1,599,Critical
SHP_01072,SUP_031,Road,1438,18.3,624,Critical
SHP_01073,SUP_035,Air,7086,19.67,144,Low
SHP_01074,SUP_009,Air,7379,7.68,263,Standard
SHP_01075,SUP_046,Ocean,1933,8.49,695,Critical
SHP_01076,SUP_008,Road,835,3.22,630,Low
SHP_01077,SUP_012,Road,231,3,627,Low
SHP_01078,SUP_039,Rail,499,6.73,581,Low
SHP_01079,SUP_015,Road,1245,11.15,202,Critical
SHP_01080,SUP_004,Ocean,544,18.62,333,Low
SHP_01081,SUP_044,Rail,452,15.12,134,Low
SHP_01082,SUP_031,Air,7584,12.84,246,Low
SHP_01083,SUP_010,Road,966,5.3,109,Critical
SHP_01084,SUP_004,Ocean,3703,3.86,223,Critical
SHP_01085,SUP_042,Ocean,1507,12.31,748,Standard
SHP_01086,SUP_030,Road,1244,8.47,105,Low
SHP_01087,SUP_027,Rail,633,13.66,871,Standard
SHP_01088,SUP_011,Road,109,13.81,566,Low
SHP_01089,SUP_005,Ocean,6735,4.5,478,Standard
SHP_01090,SUP_042,Road,1307,9.56,549,Low
SHP_01091,SUP_038,Ocean,1880,8.76,182,Standard
SHP_01092,SUP_048,Rail,1016,4.07,539,Low
SHP_01093,SUP_015,Rail,1036,11.47,121,Critical
SHP_01094,SUP_004,Road,351,13.4,498,Low
SHP_01095,SUP_004,Road,1743,11.22,254,Critical
SHP_01096,SUP_037,Road,1766,2.38,954,Standard
SHP_01097,SUP_010,Road,1314,5.46,291,Critical
SHP_01098,SUP_044,Road,1967,3.93,902,Standard
SHP_01099,SUP_025,Rail,1148,3.18,430,Critical
SHP_01100,SUP_040,Road,164,11.61,421,Critical
SHP_01101,SUP_046,Air,5730,1.76,424,Critical
SHP_01102,SUP_049,Ocean,5321,7.85,479,Standard
SHP_01103,SUP_049,Ocean,4578,10.82,927,Critical
SHP_01104,SUP_032,Ocean,7059,12.84,202,Standard
SHP_01105,SUP_042,Ocean,999,14.33,238,Standard
SHP_01106,SUP_022,Road,1762,17.68,190,Critical
SHP_01107,SUP_007,Road,1228,16.58,991,Standard
SHP_01108,SUP_029,Rail,1281,13.14,305,Low
SHP_01109,SUP_032,Rail,1005,8.95,1000,Standard
SHP_01110,SUP_009,Road,1028,7.53,116,Critical
SHP_01111,SUP_031,Ocean,3843,1.89,194,Standard
SHP_01112,SUP_050,Road,1202,17.37,452,Low
SHP_01113,SUP_017,Road,474,11.55,281,Critical
SHP_01114,SUP_019,Road,843,7.53,193,Critical
SHP_01115,SUP_026,Rail,1833,7.44,637,Critical
SHP_01116,SUP_034,Rail,1863,15.24,159,Low
SHP_01117,SUP_041,Air,4645,13.24,787,Low
SHP_01118,SUP_017,Ocean,5461,12.11,676,Low
SHP_01119,SUP_014,Road,1693,13.72,213,Standard
SHP_01120,SUP_008,Air,1238,11.66,556,Low
SHP_01121,SUP_019,Ocean,3424,8.65,554,Standard
SHP_01122,SUP_047,Ocean,2967,6.85,171,Low
SHP_01123,SUP_020,Ocean,5344,6.88,872,Critical
SHP_01124,SUP_013,Ocean,7045,6.56,715,Standard
SHP_01125,SUP_019,Rail,1565,11.84,968,Standard
SHP_01126,SUP_022,Rail,1105,6.99,391,Critical
SHP_01127,SUP_003,Air,843,8.46,840,Standard
SHP_01128,SUP_007,Road,1606,11.56,652,Critical
SHP_01129,SUP_012,Road,1919,2.87,670,Low
SHP_01130,SUP_038,Road,387,18.33,261,Critical
SHP_01131,SUP_025,Rail,338,14.71,932,Low
SHP_01132,SUP_050,Road,1107,8.25,366,Critical
SHP_01133,SUP_020,Air,6873,9.66,200,Standard
SHP_01134,SUP_028,Road,186,15.11,558,Critical
SHP_01135,SUP_026,Rail,870,1.14,779,Critical
SHP_01136,SUP_040,Air,1730,1.86,300,Critical
SHP_01137,SUP_017,Ocean,911,8.14,826,Critical
SHP_01138,SUP_022,Road,1539,11.4,609,Low
SHP_01139,SUP_022,Road,1070,16.42,702,Low
SHP_01140,SUP_011,Rail,248,3.03,343,Standard
SHP_01141,SUP_030,Ocean,7060,7.59,597,Low
SHP_01142,SUP_007,Road,1001,18.3,538,Critical
SHP_01143,SUP_020,Rail,1842,13.57,897,Critical
SHP_01144,SUP_038,Rail,230,5.68,940,Critical
SHP_01145,SUP_046,Road,227,15.6,680,Critical
SHP_01146,SUP_013,Ocean,5496,16.65,148,Low
SHP_01147,SUP_009,Rail,1058,14.31,414,Critical
SHP_01148,SUP_043,Rail,212,2.92,674,Low
SHP_01149,SUP_021,Ocean,7020,17.61,436,Critical
SHP_01150,SUP_039,Ocean,7463,4.16,821,Critical
SHP_01151,SUP_026,Rail,1821,18.68,447,Critical
SHP_01152,SUP_022,Ocean,4626,3.93,281,Low
SHP_01153,SUP_032,Rail,1312,8.68,145,Standard
SHP_01154,SUP_032,Rail,1859,18.1,467,Standard
SHP_01155,SUP_016,Rail,1003,19.86,561,Low
SHP_01156,SUP_035,Rail,1804,3.37,920,Standard
SHP_01157,SUP_038,Road,1080,8.35,720,Low
SHP_01158,SUP_025,Ocean,3134,15.64,884,Standard
SHP_01159,SUP_004,Ocean,5812,6.93,525,Critical
SHP_01160,SUP_044,Air,2571,5.2,873,Standard
SHP_01161,SUP_028,Ocean,527,15.83,812,Standard
SHP_01162,SUP_044,Air,4552,5.78,603,Low
SHP_01163,SUP_037,Road,378,3.05,843,Low
SHP_01164,SUP_022,Rail,247,6.84,309,Critical
SHP_01165,SUP_012,Road,156,16.89,994,Low
SHP_01166,SUP_045,Ocean,2729,15.46,701,Low
SHP_01167,SUP_032,Ocean,917,6.6,890,Standard
SHP_01168,SUP_027,Road,1292,12.32,720,Critical
SHP_01169,SUP_025,Air,5563,1.88,316,Critical
SHP_01170,SUP_039,Road,1036,1.74,559,Critical
SHP_01171,SUP_025,Rail,1784,1.26,245,Standard
SHP_01172,SUP_030,Ocean,2180,5.4,748,Standard
SHP_01173,SUP_012,Rail,139,2.68,903,Critical
SHP_01174,SUP_034,Road,1181,7.82,758,Low
SHP_01175,SUP_013,Rail,1776,5.17,694,Critical
SHP_01176,SUP_026,Road,679,10.9,399,Low
SHP_01177,SUP_003,Rail,608,11.1,1000,Critical
SHP_01178,SUP_007,Air,2346,8.71,906,Low
SHP_01179,SUP_023,Rail,868,16.46,582,Low
SHP_01180,SUP_003,Road,172,12.28,277,Critical
SHP_01181,SUP_035,Ocean,5090,1.22,431,Low
SHP_01182,SUP_035,Road,1833,6.61,408,Low
SHP_01183,SUP_023,Rail,731,2.98,939,Standard
SHP_01184,SUP_022,Ocean,7015,11.58,615,Standard
SHP_01185,SUP_009,Air,4687,8.04,555,Standard
SHP_01186,SUP_037,Ocean,5025,7.21,911,Critical
SHP_01187,SUP_035,Rail,333,14,763,Low
SHP_01188,SUP_042,Air,4805,4.93,782,Critical
SHP_01189,SUP_048,Road,526,18.03,484,Critical
SHP_01190,SUP_041,Rail,1112,5.31,891,Critical
SHP_01191,SUP_050,Air,777,9.65,255,Low
SHP_01192,SUP_020,Rail,727,3.63,449,Critical
SHP_01193,SUP_046,Road,418,5.59,304,Critical
SHP_01194,SUP_006,Rail,1622,3.34,449,Critical
SHP_01195,SUP_008,Air,650,5.15,359,Standard
SHP_01196,SUP_003,Ocean,4038,7.71,366,Low
SHP_01197,SUP_010,Ocean,3102,2.81,571,Low
SHP_01198,SUP_032,Ocean,7681,15.34,854,Low
SHP_01199,SUP_014,Rail,463,12.37,494,Standard
SHP_01200,SUP_001,Air,2227,16.49,177,Standard
SHP_01201,SUP_025,Rail,354,5.75,442,Critical
SHP_01202,SUP_003,Air,946,4.61,854,Standard
SHP_01203,SUP_033,Air,6061,1.27,194,Standard
SHP_01204,SUP_018,Road,1595,5.8,784,Standard
SHP_01205,SUP_007,Road,514,12.3,569,Standard
SHP_01206,SUP_034,Rail,1974,16.77,454,Standard
SHP_01207,SUP_047,Rail,1844,16.65,358,Critical
SHP_01208,SUP_042,Road,1815,17.63,597,Critical
SHP_01209,SUP_024,Road,1570,18.86,899,Low
SHP_01210,SUP_044,Ocean,5873,9.15,415,Critical
SHP_01211,SUP_046,Road,1508,7.23,177,Standard
SHP_01212,SUP_018,Road,485,4.16,783,Standard
SHP_01213,SUP_014,Road,125,16.6,487,Standard
SHP_01214,SUP_030,Rail,1774,13.5,555,Low
SHP_01215,SUP_012,Rail,1548,17.06,573,Low
SHP_01216,SUP_045,Road,1502,4.11,983,Critical
SHP_01217,SUP_047,Air,7142,17.51,555,Critical
SHP_01218,SUP_024,Rail,1106,3.4,369,Standard
SHP_01219,SUP_032,Rail,1677,10.18,475,Standard
SHP_01220,SUP_034,Road,1677,18.11,710,Low
SHP_01221,SUP_040,Ocean,6451,18.25,608,Critical
SHP_01222,SUP_040,Road,754,2.15,720,Low
SHP_01223,SUP_047,Road,358,6.99,439,Low
SHP_01224,SUP_011,Ocean,5755,1.14,390,Critical
SHP_01225,SUP_025,Road,1900,2.71,208,Low
SHP_01226,SUP_021,Rail,371,17.25,978,Low
SHP_01227,SUP_009,Road,898,18.9,112,Critical
SHP_01228,SUP_043,Road,1824,7.94,691,Low
SHP_01229,SUP_031,Ocean,1970,5.1,877,Standard
SHP_01230,SUP_013,Road,1176,13.13,695,Standard
SHP_01231,SUP_019,Ocean,3626,19.23,851,Standard
SHP_01232,SUP_002,Road,520,16.99,843,Standard
SHP_01233,SUP_009,Road,1925,10.76,453,Critical
SHP_01234,SUP_030,Air,3336,12.63,715,Critical
SHP_01235,SUP_015,Rail,484,11.41,747,Low
SHP_01236,SUP_008,Road,1657,10.34,927,Standard
SHP_01237,SUP_032,Ocean,7715,12.21,526,Critical
SHP_01238,SUP_008,Road,407,17.68,255,Low
SHP_01239,SUP_005,Ocean,763,14.86,393,Critical
SHP_01240,SUP_021,Road,1773,3.8,598,Low
SHP_01241,SUP_038,Ocean,5369,12.82,931,Standard
SHP_01242,SUP_030,Rail,1057,2.06,440,Low
SHP_01243,SUP_008,Rail,1155,11.68,818,Low
SHP_01244,SUP_037,Ocean,2701,2.21,708,Critical
SHP_01245,SUP_017,Rail,443,11.4,899,Standard
SHP_01246,SUP_010,Rail,591,18.11,520,Low
SHP_01247,SUP_047,Air,1619,2.45,520,Low
SHP_01248,SUP_022,Air,999,18.83,488,Low
SHP_01249,SUP_035,Ocean,3622,19.59,392,Critical
SHP_01250,SUP_005,Rail,1689,5.04,264,Standard
SHP_01251,SUP_045,Rail,1038,1.01,530,Standard
SHP_01252,SUP_039,Road,1999,7.98,118,Low
SHP_01253,SUP_012,Air,5979,10.78,872,Standard
SHP_01254,SUP_021,Air,7322,18.51,766,Low
SHP_01255,SUP_018,Rail,158,10.33,494,Critical
SHP_01256,SUP_020,Road,845,9.56,385,Critical
SHP_01257,SUP_022,Road,1106,11.54,163,Low
SHP_01258,SUP_006,Road,1718,2.74,952,Low
SHP_01259,SUP_034,Air,6781,10.66,634,Critical
SHP_01260,SUP_023,Rail,1750,19.84,233,Critical
SHP_01261,SUP_001,Road,1910,2.78,666,Standard
SHP_01262,SUP_020,Rail,1802,11.83,566,Standard
SHP_01263,SUP_020,Road,275,9.3,949,Low
SHP_01264,SUP_042,Road,181,12.28,361,Standard
SHP_01265,SUP_016,Air,3744,17.97,723,Low
SHP_01266,SUP_009,Air,7405,2.51,644,Critical
SHP_01267,SUP_037,Road,1136,12.36,120,Low
SHP_01268,SUP_039,Road,929,19.72,567,Standard
SHP_01269,SUP_043,Rail,1428,14.31,157,Critical
SHP_01270,SUP_010,Road,1386,6.84,821,Low
SHP_01271,SUP_008,Rail,398,5.23,287,Low
SHP_01272,SUP_034,Ocean,4702,6.93,472,Low
SHP_01273,SUP_011,Rail,1467,13.61,586,Standard
SHP_01274,SUP_043,Air,1939,7.14,368,Standard
SHP_01275,SUP_005,Road,127,17.15,136,Low
SHP_01276,SUP_019,Air,4871,9.58,120,Standard
SHP_01277,SUP_019,Road,1897,17.53,803,Standard
SHP_01278,SUP_032,Ocean,2219,4.05,866,Standard
SHP_01279,SUP_039,Air,6799,4.01,502,Standard
SHP_01280,SUP_033,Road,1246,17.64,879,Standard
SHP_01281,SUP_017,Rail,436,14.59,978,Low
SHP_01282,SUP_004,Rail,917,14.4,876,Critical
SHP_01283,SUP_049,Rail,470,18.68,237,Low
SHP_01284,SUP_005,Air,1852,12.77,153,Standard
SHP_01285,SUP_010,Road,850,17.03,351,Low
SHP_01286,SUP_022,Road,1428,6.82,804,Low
SHP_01287,SUP_007,Air,4779,5.57,465,Critical
SHP_01288,SUP_019,Road,753,13.79,534,Standard
SHP_01289,SUP_016,Air,6943,7.13,682,Standard
SHP_01290,SUP_035,Air,4498,8.93,796,Standard
SHP_01291,SUP_026,Road,1252,3.16,452,Critical
SHP_01292,SUP_029,Air,7653,17.75,413,Critical
SHP_01293,SUP_045,Rail,354,17.36,353,Critical
SHP_01294,SUP_025,Rail,706,8.76,252,Critical
SHP_01295,SUP_025,Ocean,2957,10.75,292,Low
SHP_01296,SUP_007,Road,246,8.57,885,Standard
SHP_01297,SUP_045,Road,928,4.12,313,Low
SHP_01298,SUP_041,Air,7668,7.13,632,Low
SHP_01299,SUP_033,Rail,724,11.35,915,Standard
SHP_01300,SUP_001,Rail,875,17.21,179,Low
SHP_01301,SUP_010,Air,4903,2.95,293,Critical
SHP_01302,SUP_010,Ocean,7864,15.65,159,Critical
SHP_01303,SUP_025,Air,2445,10.86,600,Low
SHP_01304,SUP_032,Road,813,14.44,252,Critical
SHP_01305,SUP_030,Rail,1378,12.85,377,Standard
SHP_01306,SUP_048,Ocean,6257,1.49,932,Low
SHP_01307,SUP_033,Rail,1103,15.63,783,Low
SHP_01308,SUP_009,Ocean,1121,8.22,360,Standard
SHP_01309,SUP_003,Road,512,15.73,832,Critical
SHP_01310,SUP_029,Ocean,6898,8.73,851,Low
SHP_01311,SUP_036,Air,5068,14.01,606,Low
SHP_01312,SUP_045,Ocean,1200,7.7,227,Standard
SHP_01313,SUP_008,Road,937,2.4,246,Standard
SHP_01314,SUP_038,Ocean,2514,13.96,981,Low
SHP_01315,SUP_027,Road,938,3.98,383,Standard
SHP_01316,SUP_026,Rail,1369,19.22,887,Critical
SHP_01317,SUP_009,Road,1082,6.14,545,Standard
SHP_01318,SUP_020,Rail,1525,6.32,714,Low
SHP_01319,SUP_010,Air,5130,11.06,324,Low
SHP_01320,SUP_010,Air,2660,6.19,248,Standard
SHP_01321,SUP_027,Road,473,4.66,582,Critical
SHP_01322,SUP_029,Road,1794,14,805,Standard
SHP_01323,SUP_015,Ocean,6704,19.06,342,Critical
SHP_01324,SUP_036,Road,1345,5.19,635,Critical
SHP_01325,SUP_035,Ocean,7787,16.31,940,Standard
SHP_01326,SUP_027,Road,1489,17.21,636,Critical
SHP_01327,SUP_014,Road,1318,16.82,765,Standard
SHP_01328,SUP_021,Rail,1452,2.3,241,Critical
SHP_01329,SUP_035,Rail,1668,14.62,768,Standard
SHP_01330,SUP_013,Road,1466,9.39,927,Low
SHP_01331,SUP_044,Rail,1397,16.08,981,Standard
SHP_01332,SUP_022,Rail,313,3.86,779,Critical
SHP_01333,SUP_048,Road,865,15.25,558,Standard
SHP_01334,SUP_028,Ocean,1330,6.96,478,Low
SHP_01335,SUP_006,Ocean,7583,4.46,129,Standard
SHP_01336,SUP_042,Rail,1671,8.92,653,Critical
SHP_01337,SUP_037,Road,793,6.18,730,Standard
SHP_01338,SUP_030,Rail,1651,15.13,266,Low
SHP_01339,SUP_011,Air,5349,4.1,794,Critical
SHP_01340,SUP_021,Air,2092,12.51,395,Standard
SHP_01341,SUP_027,Road,1924,8.34,134,Low
SHP_01342,SUP_018,Road,1114,2.92,725,Standard
SHP_01343,SUP_012,Ocean,7692,11.16,414,Critical
SHP_01344,SUP_031,Rail,622,19.82,554,Standard
SHP_01345,SUP_031,Rail,1244,14.27,522,Low
SHP_01346,SUP_028,Road,651,6.03,649,Low
SHP_01347,SUP_030,Road,1469,10.67,444,Critical
SHP_01348,SUP_009,Road,331,14.44,740,Low
SHP_01349,SUP_007,Ocean,3520,11.31,958,Standard
SHP_01350,SUP_031,Air,2882,5.95,207,Standard
SHP_01351,SUP_032,Ocean,6872,3.15,140,Standard
SHP_01352,SUP_010,Rail,1278,4.12,991,Critical
SHP_01353,SUP_039,Road,117,2.83,748,Standard
SHP_01354,SUP_029,Rail,1103,3.85,521,Low
SHP_01355,SUP_013,Road,1647,1.3,620,Low
SHP_01356,SUP_018,Ocean,3596,8.07,129,Low
SHP_01357,SUP_016,Ocean,4997,10.61,261,Critical
SHP_01358,SUP_003,Road,1614,7.14,371,Low
SHP_01359,SUP_005,Road,1965,11.37,813,Critical
SHP_01360,SUP_030,Rail,1103,14.81,210,Critical
SHP_01361,SUP_005,Ocean,717,7.9,780,Critical
SHP_01362,SUP_033,Road,1355,18.05,915,Low
SHP_01363,SUP_010,Rail,830,17.71,831,Low
SHP_01364,SUP_048,Rail,1876,18.47,404,Standard
SHP_01365,SUP_049,Rail,1584,3.54,507,Low
SHP_01366,SUP_032,Air,5539,19.19,175,Critical
SHP_01367,SUP_049,Rail,454,15.04,712,Critical
SHP_01368,SUP_035,Ocean,4255,18.97,948,Standard
SHP_01369,SUP_007,Road,146,16.6,471,Low
SHP_01370,SUP_046,Road,356,12.89,668,Low
SHP_01371,SUP_042,Ocean,4937,3.21,714,Low
SHP_01372,SUP_015,Road,340,11.32,200,Standard
SHP_01373,SUP_027,Ocean,2537,3.23,270,Standard
SHP_01374,SUP_042,Road,253,6.34,496,Critical
SHP_01375,SUP_009,Road,1574,16.67,188,Low
SHP_01376,SUP_041,Ocean,3022,9.62,484,Standard
SHP_01377,SUP_043,Road,1786,2.98,770,Low
SHP_01378,SUP_011,Road,214,8.49,721,Standard
SHP_01379,SUP_011,Road,1733,19.09,688,Low
SHP_01380,SUP_011,Rail,611,7.73,560,Critical
SHP_01381,SUP_028,Road,1697,10.6,697,Low
SHP_01382,SUP_028,Road,1176,4.42,309,Standard
SHP_01383,SUP_035,Ocean,5958,19.78,594,Standard
SHP_01384,SUP_003,Road,703,7.55,285,Standard
SHP_01385,SUP_003,Rail,1099,5.57,117,Standard
SHP_01386,SUP_047,Road,1933,12.35,472,Critical
SHP_01387,SUP_041,Rail,588,14.67,244,Critical
SHP_01388,SUP_004,Air,4850,6.92,924,Low
SHP_01389,SUP_020,Ocean,2356,1.6,120,Low
SHP_01390,SUP_040,Road,407,18.9,985,Low
SHP_01391,SUP_003,Road,670,15.7,811,Standard
SHP_01392,SUP_037,Air,4119,10.37,285,Standard
SHP_01393,SUP_004,Road,1988,14.71,761,Critical
SHP_01394,SUP_002,Road,1659,2.13,265,Low
SHP_01395,SUP_041,Road,1690,16.64,751,Critical
SHP_01396,SUP_001,Ocean,603,3.7,416,Critical
SHP_01397,SUP_048,Road,439,10.52,520,Low
SHP_01398,SUP_030,Road,1046,13.61,157,Standard
SHP_01399,SUP_038,Rail,631,10.39,765,Critical
SHP_01400,SUP_003,Rail,1898,13.27,177,Standard
SHP_01401,SUP_027,Road,219,11.49,993,Low
SHP_01402,SUP_044,Road,733,10.63,738,Standard
SHP_01403,SUP_045,Air,7796,19.2,370,Standard
SHP_01404,SUP_011,Rail,1025,11.52,124,Critical
SHP_01405,SUP_041,Rail,493,3.14,482,Low
SHP_01406,SUP_004,Road,1057,11.05,121,Standard
SHP_01407,SUP_034,Ocean,4520,13.39,661,Low
SHP_01408,SUP_036,Ocean,3924,2.13,365,Critical
SHP_01409,SUP_031,Rail,664,4.8,976,Low
SHP_01410,SUP_048,Ocean,1540,17.61,681,Standard
SHP_01411,SUP_021,Road,1180,15.74,597,Critical
SHP_01412,SUP_017,Air,7351,16.25,806,Standard
SHP_01413,SUP_026,Road,1857,17.7,186,Critical
SHP_01414,SUP_007,Air,4354,8.59,347,Standard
SHP_01415,SUP_011,Road,919,14.73,822,Low
SHP_01416,SUP_025,Ocean,6264,7.51,136,Low
SHP_01417,SUP_010,Air,7973,5.2,894,Low
SHP_01418,SUP_027,Air,1074,1.45,881,Critical
SHP_01419,SUP_015,Road,750,16.25,453,Low
SHP_01420,SUP_021,Ocean,4533,9.56,858,Low
SHP_01421,SUP_002,Road,360,11.6,476,Critical
SHP_01422,SUP_016,Road,1947,14.44,278,Critical
SHP_01423,SUP_046,Air,4987,18.22,622,Critical
SHP_01424,SUP_037,Air,4931,1.55,257,Critical
SHP_01425,SUP_033,Ocean,5093,2.81,287,Standard
SHP_01426,SUP_014,Ocean,5860,5.52,456,Critical
SHP_01427,SUP_050,Air,5795,5.02,252,Low
SHP_01428,SUP_011,Ocean,4805,17.96,248,Low
SHP_01429,SUP_047,Rail,472,5.14,883,Low
SHP_01430,SUP_035,Ocean,5301,19.67,495,Critical
SHP_01431,SUP_035,Road,1963,15.72,303,Critical
SHP_01432,SUP_004,Road,1891,2.52,151,Standard
SHP_01433,SUP_028,Road,1159,14.82,867,Standard
SHP_01434,SUP_004,Rail,1171,7.57,908,Standard
SHP_01435,SUP_026,Air,3204,15.9,375,Standard
SHP_01436,SUP_027,Air,3412,17.15,598,Low
SHP_01437,SUP_017,Road,520,14.82,594,Standard
SHP_01438,SUP_006,Rail,1459,1.83,486,Critical
SHP_01439,SUP_020,Road,253,13.06,711,Low
SHP_01440,SUP_005,Rail,617,11.37,720,Low
SHP_01441,SUP_037,Ocean,5211,16.31,146,Low
SHP_01442,SUP_004,Air,6631,19.26,102,Standard
SHP_01443,SUP_042,Rail,1074,2.95,549,Low
SHP_01444,SUP_020,Road,1138,18.66,632,Low
SHP_01445,SUP_010,Ocean,3261,10.14,568,Low
SHP_01446,SUP_019,Road,814,3.33,784,Low
SHP_01447,SUP_040,Rail,1129,7.39,737,Low
SHP_01448,SUP_014,Ocean,5242,14.29,668,Critical
SHP_01449,SUP_032,Ocean,5188,1.39,747,Standard
SHP_01450,SUP_022,Rail,709,6.14,275,Low
SHP_01451,SUP_040,Road,897,16.91,654,Standard
SHP_01452,SUP_043,Rail,1837,10.9,638,Low
SHP_01453,SUP_039,Ocean,6708,8.15,686,Critical
SHP_01454,SUP_046,Rail,1300,16.93,352,Low
SHP_01455,SUP_001,Air,2671,18.53,894,Critical
SHP_01456,SUP_021,Ocean,6019,7.15,483,Standard
SHP_01457,SUP_008,Rail,1511,12.42,903,Critical
SHP_01458,SUP_004,Rail,1994,17.32,875,Critical
SHP_01459,SUP_026,Road,1478,9.26,283,Standard
SHP_01460,SUP_024,Rail,993,6.18,894,Low
SHP_01461,SUP_039,Road,1196,5.72,962,Critical
SHP_01462,SUP_007,Rail,794,3.79,159,Standard
SHP_01463,SUP_045,Air,851,7.54,612,Critical
SHP_01464,SUP_039,Rail,1632,18.28,486,Standard
SHP_01465,SUP_042,Ocean,4869,19.72,678,Standard
SHP_01466,SUP_022,Air,2169,4.65,320,Standard
SHP_01467,SUP_018,Ocean,2058,11.8,507,Standard
SHP_01468,SUP_019,Road,1841,15.54,576,Critical
SHP_01469,SUP_004,Ocean,2576,12.31,933,Standard
SHP_01470,SUP_027,Rail,317,15.13,249,Critical
SHP_01471,SUP_016,Rail,245,12.83,876,Critical
SHP_01472,SUP_024,Rail,619,13.85,792,Standard
SHP_01473,SUP_026,Ocean,7404,15.21,448,Critical
SHP_01474,SUP_005,Road,1038,5.81,494,Standard
SHP_01475,SUP_028,Road,457,1.64,670,Low
SHP_01476,SUP_024,Rail,1953,12.8,491,Low
SHP_01477,SUP_020,Ocean,3318,9.92,416,Standard
SHP_01478,SUP_038,Rail,525,7.41,121,Low
SHP_01479,SUP_028,Rail,297,16.84,359,Standard
SHP_01480,SUP_037,Road,1282,10.43,963,Critical
SHP_01481,SUP_017,Ocean,7384,16.59,579,Low
SHP_01482,SUP_010,Air,804,15.97,972,Low
SHP_01483,SUP_037,Road,1560,16.99,294,Critical
SHP_01484,SUP_027,Air,6971,18.97,269,Standard
SHP_01485,SUP_011,Road,183,3.15,141,Standard
SHP_01486,SUP_035,Road,1273,7.45,198,Low
SHP_01487,SUP_041,Road,1984,18.66,813,Critical
SHP_01488,SUP_050,Rail,1158,16.55,535,Standard
SHP_01489,SUP_019,Road,854,6.56,735,Standard
SHP_01490,SUP_050,Road,1355,7.63,417,Critical
SHP_01491,SUP_033,Road,601,13.71,477,Low
SHP_01492,SUP_038,Road,1857,6.97,407,Low
SHP_01493,SUP_035,Road,400,19.49,173,Standard
SHP_01494,SUP_032,Air,1547,6.35,894,Low
SHP_01495,SUP_050,Rail,862,11.9,774,Low
SHP_01496,SUP_050,Rail,1787,8.26,784,Low
SHP_01497,SUP_042,Rail,1564,18.84,198,Standard
SHP_01498,SUP_041,Road,973,9.98,104,Low
SHP_01499,SUP_012,Road,730,6.03,795,Low
SHP_01500,SUP_003,Ocean,1287,11.73,555,Critical
SHP_01501,SUP_044,Road,1071,16.73,428,Low
SHP_01502,SUP_042,Road,294,8.13,595,Critical
SHP_01503,SUP_009,Air,6885,4.54,842,Standard
SHP_01504,SUP_033,Road,1588,2.47,381,Standard
SHP_01505,SUP_034,Road,795,7.96,522,Low
SHP_01506,SUP_004,Road,223,17.23,881,Standard
SHP_01507,SUP_017,Rail,998,6.12,300,Critical
SHP_01508,SUP_006,Road,1273,17.02,991,Standard
SHP_01509,SUP_032,Rail,1157,9.35,598,Critical
SHP_01510,SUP_045,Rail,1153,19,735,Critical
SHP_01511,SUP_018,Ocean,549,3.82,806,Low
SHP_01512,SUP_030,Rail,1951,18.6,208,Critical
SHP_01513,SUP_028,Ocean,3123,16.23,928,Low
SHP_01514,SUP_028,Air,807,17.84,404,Low
SHP_01515,SUP_050,Road,905,13.44,343,Low
SHP_01516,SUP_049,Air,5552,16.71,701,Standard
SHP_01517,SUP_016,Rail,740,14.82,523,Standard
SHP_01518,SUP_043,Ocean,3452,14.85,165,Low
SHP_01519,SUP_009,Road,615,5.94,357,Low
SHP_01520,SUP_048,Ocean,1016,3.28,646,Standard
SHP_01521,SUP_014,Air,1564,14.66,211,Low
SHP_01522,SUP_007,Ocean,5755,12.04,878,Low
SHP_01523,SUP_012,Road,769,19.75,941,Standard
SHP_01524,SUP_043,Air,6872,6.66,529,Low
SHP_01525,SUP_020,Road,1690,14.27,757,Standard
SHP_01526,SUP_042,Road,1844,10.42,362,Critical
SHP_01527,SUP_033,Road,1882,17.58,186,Standard
SHP_01528,SUP_021,Road,1902,8.07,351,Critical
SHP_01529,SUP_025,Ocean,3513,18.14,704,Critical
SHP_01530,SUP_050,Road,1136,7.06,680,Low
SHP_01531,SUP_022,Road,1539,10.75,312,Low
SHP_01532,SUP_034,Rail,1529,6.72,775,Low
SHP_01533,SUP_020,Rail,551,6.64,855,Critical
SHP_01534,SUP_003,Road,195,6.5,855,Critical
SHP_01535,SUP_018,Road,736,10.35,720,Standard
SHP_01536,SUP_035,Air,3019,12.77,800,Standard
SHP_01537,SUP_047,Road,1431,2.54,804,Low
SHP_01538,SUP_035,Rail,128,3.29,900,Critical
SHP_01539,SUP_029,Road,1022,8.45,161,Low
SHP_01540,SUP_023,Road,1688,3,848,Low
SHP_01541,SUP_045,Rail,1876,3.07,798,Standard
SHP_01542,SUP_019,Air,4034,5.66,926,Standard
SHP_01543,SUP_027,Rail,200,4.66,221,Standard
SHP_01544,SUP_015,Road,813,1.01,551,Standard
SHP_01545,SUP_037,Ocean,2816,13.83,774,Standard
SHP_01546,SUP_040,Road,1725,5.98,354,Critical
SHP_01547,SUP_027,Ocean,3600,14.21,658,Low
SHP_01548,SUP_010,Rail,1956,17.1,269,Critical
SHP_01549,SUP_043,Air,5839,11.8,197,Low
SHP_01550,SUP_038,Rail,1895,17.19,693,Critical
SHP_01551,SUP_045,Ocean,4750,14.3,738,Critical
SHP_01552,SUP_029,Rail,1859,16.93,604,Critical
SHP_01553,SUP_027,Ocean,4261,17.84,208,Critical
SHP_01554,SUP_043,Ocean,4377,12.08,888,Critical
SHP_01555,SUP_028,Road,365,3.3,120,Standard
SHP_01556,SUP_048,Road,165,12.62,778,Standard
SHP_01557,SUP_021,Rail,1679,2.08,656,Standard
SHP_01558,SUP_010,Road,893,2.79,430,Critical
SHP_01559,SUP_001,Ocean,3339,15.23,251,Critical
SHP_01560,SUP_023,Ocean,989,14.74,590,Standard
SHP_01561,SUP_045,Road,744,12.56,244,Standard
SHP_01562,SUP_025,Road,1429,14.39,704,Critical
SHP_01563,SUP_009,Rail,1244,16.53,527,Low
SHP_01564,SUP_025,Road,1751,8.89,820,Low
SHP_01565,SUP_004,Ocean,810,5.87,902,Standard
SHP_01566,SUP_001,Road,1133,8.31,111,Critical
SHP_01567,SUP_037,Rail,1981,12.88,851,Critical
SHP_01568,SUP_002,Air,6381,8.33,797,Critical
SHP_01569,SUP_040,Rail,230,6.19,656,Low
SHP_01570,SUP_050,Road,1233,13.7,999,Critical
SHP_01571,SUP_047,Rail,1501,3.09,963,Standard
SHP_01572,SUP_045,Road,1237,12.36,994,Critical
SHP_01573,SUP_039,Rail,610,16.69,338,Low
SHP_01574,SUP_047,Ocean,579,15.31,334,Standard
SHP_01575,SUP_011,Road,1458,11.88,437,Low
SHP_01576,SUP_036,Air,4961,16.16,622,Standard
SHP_01577,SUP_044,Air,6068,9.95,305,Critical
SHP_01578,SUP_027,Rail,1298,15.8,841,Critical
SHP_01579,SUP_020,Rail,1463,7.02,638,Critical
SHP_01580,SUP_002,Road,1335,18.58,969,Standard
SHP_01581,SUP_018,Road,707,2.16,540,Standard
SHP_01582,SUP_015,Road,1133,3.51,417,Low
SHP_01583,SUP_027,Rail,1054,5.69,883,Standard
SHP_01584,SUP_022,Road,1971,13.23,428,Low
SHP_01585,SUP_034,Ocean,3026,9.81,447,Standard
SHP_01586,SUP_040,Air,1043,1.98,292,Critical
SHP_01587,SUP_041,Rail,338,3.97,213,Standard
SHP_01588,SUP_005,Road,1174,2.3,255,Standard
SHP_01589,SUP_030,Road,811,9.98,960,Standard
SHP_01590,SUP_022,Rail,1759,7.97,821,Critical
SHP_01591,SUP_010,Rail,773,17.44,478,Standard
SHP_01592,SUP_013,Ocean,1669,1.94,287,Standard
SHP_01593,SUP_011,Air,1580,8.96,759,Standard
SHP_01594,SUP_030,Air,5925,3.94,973,Low
SHP_01595,SUP_001,Rail,824,13.78,152,Low
SHP_01596,SUP_047,Rail,1841,6.58,300,Standard
SHP_01597,SUP_013,Road,599,11.47,900,Critical
SHP_01598,SUP_035,Air,7663,15.52,798,Critical
SHP_01599,SUP_025,Air,3814,8.38,460,Low
SHP_01600,SUP_006,Ocean,5691,19.78,216,Standard
SHP_01601,SUP_006,Road,1814,12.77,405,Critical
SHP_01602,SUP_039,Road,143,14.25,596,Low
SHP_01603,SUP_028,Road,1101,8.96,150,Low
SHP_01604,SUP_006,Road,1900,4.76,213,Critical
SHP_01605,SUP_017,Air,1840,12.89,131,Low
SHP_01606,SUP_039,Road,278,14.77,961,Low
SHP_01607,SUP_041,Air,2822,12.77,402,Low
SHP_01608,SUP_003,Ocean,4357,10.58,297,Low
SHP_01609,SUP_028,Road,390,6.32,710,Low
SHP_01610,SUP_033,Road,1922,17.5,292,Standard
SHP_01611,SUP_020,Ocean,969,19.48,438,Standard
SHP_01612,SUP_039,Rail,787,18.58,845,Low
SHP_01613,SUP_015,Road,1278,13.35,815,Standard
SHP_01614,SUP_041,Road,522,14.41,910,Critical
SHP_01615,SUP_022,Road,527,2.19,903,Standard
SHP_01616,SUP_024,Rail,117,3.53,191,Low
SHP_01617,SUP_029,Ocean,1143,4.74,987,Standard
SHP_01618,SUP_026,Rail,1108,17.09,111,Critical
SHP_01619,SUP_037,Rail,702,15.68,601,Standard
SHP_01620,SUP_028,Rail,644,5.45,837,Low
SHP_01621,SUP_008,Road,1522,2.97,344,Low
SHP_01622,SUP_015,Air,2584,9.14,521,Low
SHP_01623,SUP_050,Rail,1438,4.46,912,Low
SHP_01624,SUP_039,Ocean,2541,13.74,711,Standard
SHP_01625,SUP_002,Road,1510,8.16,688,Critical
SHP_01626,SUP_018,Rail,674,12.79,957,Low
SHP_01627,SUP_011,Road,1460,7.11,730,Standard
SHP_01628,SUP_039,Road,310,19.74,141,Standard
SHP_01629,SUP_020,Air,6239,2.65,415,Standard
SHP_01630,SUP_008,Road,885,1.41,998,Critical
SHP_01631,SUP_013,Rail,1835,13.39,870,Low
SHP_01632,SUP_033,Road,833,9.25,305,Low
SHP_01633,SUP_010,Rail,1808,12.71,187,Critical
SHP_01634,SUP_013,Rail,832,15.94,455,Standard
SHP_01635,SUP_008,Ocean,5655,6.84,731,Low
SHP_01636,SUP_005,Road,694,8.7,481,Low
SHP_01637,SUP_022,Road,1005,17,482,Critical
SHP_01638,SUP_016,Road,1379,8.7,310,Standard
SHP_01639,SUP_031,Ocean,5594,4.44,542,Low
SHP_01640,SUP_023,Ocean,1711,11,378,Critical
SHP_01641,SUP_004,Road,697,1.58,562,Standard
SHP_01642,SUP_036,Ocean,1871,18.87,532,Critical
SHP_01643,SUP_029,Road,496,4.5,908,Low
SHP_01644,SUP_049,Rail,1740,8.64,205,Standard
SHP_01645,SUP_027,Air,4023,18.88,134,Critical
SHP_01646,SUP_013,Rail,961,11.03,761,Low
SHP_01647,SUP_043,Air,7071,6.39,156,Standard
SHP_01648,SUP_035,Ocean,1038,1.22,124,Standard
SHP_01649,SUP_034,Rail,1728,5.74,632,Low
SHP_01650,SUP_040,Rail,1335,16.41,885,Critical
SHP_01651,SUP_038,Air,5291,11.72,691,Low
SHP_01652,SUP_002,Road,616,11.91,636,Standard
SHP_01653,SUP_042,Road,1416,17.87,377,Standard
SHP_01654,SUP_008,Road,1576,12.09,988,Low
SHP_01655,SUP_009,Air,2822,7.29,348,Standard
SHP_01656,SUP_014,Ocean,1061,2.11,907,Critical
SHP_01657,SUP_002,Rail,1480,11.4,897,Low
SHP_01658,SUP_030,Road,128,10.97,285,Low
SHP_01659,SUP_045,Road,175,4.86,121,Low
SHP_01660,SUP_037,Road,454,11,479,Low
SHP_01661,SUP_025,Rail,327,11.1,783,Standard
SHP_01662,SUP_029,Road,605,5.89,363,Standard
SHP_01663,SUP_013,Ocean,6147,15.61,235,Standard
SHP_01664,SUP_013,Road,283,16.46,328,Standard
SHP_01665,SUP_011,Ocean,7890,2.51,523,Low
SHP_01666,SUP_047,Ocean,3961,14.82,152,Critical
SHP_01667,SUP_047,Road,1746,17.97,355,Low
SHP_01668,SUP_040,Ocean,7647,9.18,601,Low
SHP_01669,SUP_010,Air,2625,11.48,224,Low
SHP_01670,SUP_049,Ocean,3826,8.76,754,Low
SHP_01671,SUP_037,Road,302,4.31,169,Low
SHP_01672,SUP_024,Ocean,6431,5.51,987,Standard
SHP_01673,SUP_008,Ocean,6388,7.43,573,Low
SHP_01674,SUP_027,Ocean,3533,5.8,669,Low
SHP_01675,SUP_010,Rail,1643,11.07,435,Critical
SHP_01676,SUP_030,Road,250,4.51,700,Low
SHP_01677,SUP_026,Air,2003,3.92,708,Standard
SHP_01678,SUP_022,Road,1704,18.95,250,Standard
SHP_01679,SUP_018,Road,1956,2.73,821,Standard
SHP_01680,SUP_003,Rail,410,11.98,179,Low
SHP_01681,SUP_033,Road,1639,12.72,278,Low
SHP_01682,SUP_036,Ocean,2952,9.62,812,Critical
SHP_01683,SUP_016,Rail,1034,9.76,603,Low
SHP_01684,SUP_026,Ocean,7776,5.51,864,Critical
SHP_01685,SUP_049,Air,4717,13.88,966,Standard
SHP_01686,SUP_018,Ocean,4213,1.13,764,Standard
SHP_01687,SUP_036,Ocean,4252,15.61,390,Standard
SHP_01688,SUP_035,Road,1468,10.27,555,Critical
SHP_01689,SUP_001,Rail,850,6.99,290,Standard
SHP_01690,SUP_038,Rail,1775,5.21,832,Low
SHP_01691,SUP_022,Road,1301,12.33,117,Low
SHP_01692,SUP_024,Road,1428,1.78,884,Standard
SHP_01693,SUP_013,Road,1827,7.19,759,Critical
SHP_01694,SUP_020,Air,2875,2.81,267,Standard
SHP_01695,SUP_025,Road,1996,3.42,313,Low
SHP_01696,SUP_004,Air,7881,14.32,409,Standard
SHP_01697,SUP_008,Air,6866,3.22,490,Standard
SHP_01698,SUP_047,Air,6257,10.06,106,Critical
SHP_01699,SUP_050,Ocean,2018,12.75,511,Low
SHP_01700,SUP_045,Road,1257,15.28,359,Standard
SHP_01701,SUP_019,Ocean,6936,4.14,260,Critical
SHP_01702,SUP_018,Road,1477,9.32,962,Critical
SHP_01703,SUP_036,Road,1953,9.89,714,Low
SHP_01704,SUP_027,Road,1107,12.77,725,Standard
SHP_01705,SUP_018,Road,1520,15.68,770,Critical
SHP_01706,SUP_005,Air,1231,10.96,339,Standard
SHP_01707,SUP_042,Rail,1434,8.15,383,Critical
SHP_01708,SUP_045,Road,1093,12.31,491,Low
SHP_01709,SUP_044,Rail,1202,10.68,623,Critical
SHP_01710,SUP_044,Rail,914,2.66,811,Standard
SHP_01711,SUP_036,Road,891,8.29,221,Critical
SHP_01712,SUP_035,Air,4235,2.24,898,Critical
SHP_01713,SUP_014,Rail,1512,1.71,342,Standard
SHP_01714,SUP_007,Road,1863,11.67,544,Critical
SHP_01715,SUP_014,Air,3904,10.77,803,Standard
SHP_01716,SUP_035,Ocean,1712,8.38,966,Low
SHP_01717,SUP_034,Air,4733,16.16,938,Low
SHP_01718,SUP_027,Rail,1785,12.02,617,Standard
SHP_01719,SUP_043,Ocean,3669,4.96,941,Critical
SHP_01720,SUP_046,Road,565,14.87,521,Critical
SHP_01721,SUP_007,Air,3025,7.09,109,Low
SHP_01722,SUP_003,Air,2094,9.24,801,Standard
SHP_01723,SUP_016,Road,604,7.54,527,Standard
SHP_01724,SUP_035,Air,7665,16.39,425,Low
SHP_01725,SUP_007,Rail,1190,1.24,494,Standard
SHP_01726,SUP_011,Air,7023,18.66,750,Critical
SHP_01727,SUP_034,Road,1809,11.67,973,Low
SHP_01728,SUP_022,Ocean,1946,7.75,435,Standard
SHP_01729,SUP_024,Ocean,7791,2.72,206,Low
SHP_01730,SUP_022,Rail,840,12.93,660,Critical
SHP_01731,SUP_044,Road,297,18.74,303,Low
SHP_01732,SUP_037,Rail,1858,14.8,248,Critical
SHP_01733,SUP_007,Road,186,17.09,228,Low
SHP_01734,SUP_023,Road,627,12.76,838,Low
SHP_01735,SUP_044,Air,7667,19.9,684,Low
SHP_01736,SUP_016,Ocean,7338,7.37,963,Critical
SHP_01737,SUP_033,Road,1748,13.28,435,Low
SHP_01738,SUP_001,Road,770,10.45,928,Critical
SHP_01739,SUP_032,Road,184,12.83,544,Low
SHP_01740,SUP_009,Road,1889,15.23,350,Low
SHP_01741,SUP_006,Ocean,5388,14.79,516,Standard
SHP_01742,SUP_047,Rail,1041,7.35,574,Critical
SHP_01743,SUP_013,Rail,1781,6.18,562,Critical
SHP_01744,SUP_038,Air,5842,16.22,146,Standard
SHP_01745,SUP_023,Road,1449,10.1,646,Low
SHP_01746,SUP_032,Road,424,13.54,172,Standard
SHP_01747,SUP_009,Air,4930,12.59,589,Standard
SHP_01748,SUP_035,Road,1627,15.37,985,Low
SHP_01749,SUP_044,Rail,684,8.43,998,Standard
SHP_01750,SUP_015,Air,6941,3.2,176,Low
SHP_01751,SUP_027,Road,1183,3.2,926,Critical
SHP_01752,SUP_039,Road,1821,3.39,351,Standard
SHP_01753,SUP_013,Air,3791,1.91,531,Standard
SHP_01754,SUP_038,Road,1663,19.35,273,Critical
SHP_01755,SUP_016,Ocean,3895,1.94,720,Standard
SHP_01756,SUP_012,Ocean,6325,7.98,901,Standard
SHP_01757,SUP_020,Ocean,3498,17.44,181,Low
SHP_01758,SUP_013,Road,131,3.27,128,Low
SHP_01759,SUP_045,Air,7144,14.89,329,Standard
SHP_01760,SUP_002,Road,1727,7.08,732,Low
SHP_01761,SUP_034,Road,1692,1.17,248,Standard
SHP_01762,SUP_029,Ocean,3184,19.48,660,Low
SHP_01763,SUP_029,Air,4061,14.81,236,Standard
SHP_01764,SUP_008,Road,1517,14.88,757,Critical
SHP_01765,SUP_018,Road,132,10.62,721,Critical
SHP_01766,SUP_041,Road,1040,18.35,459,Critical
SHP_01767,SUP_045,Rail,150,15.65,138,Standard
SHP_01768,SUP_008,Road,1827,9.59,644,Standard
SHP_01769,SUP_007,Road,1037,2.12,548,Low
SHP_01770,SUP_028,Road,1887,18.65,634,Low
SHP_01771,SUP_023,Road,1278,12.56,126,Low
SHP_01772,SUP_006,Rail,1698,12.26,524,Standard
SHP_01773,SUP_047,Ocean,7955,1.83,979,Low
SHP_01774,SUP_033,Ocean,4589,7.56,593,Critical
SHP_01775,SUP_013,Rail,239,17.96,576,Standard
SHP_01776,SUP_014,Road,763,15.38,436,Critical
SHP_01777,SUP_006,Rail,677,1.56,165,Critical
SHP_01778,SUP_040,Road,1775,7.85,722,Standard
SHP_01779,SUP_046,Road,1316,1.18,879,Low
SHP_01780,SUP_009,Ocean,1730,18.95,249,Standard
SHP_01781,SUP_015,Air,6856,2.62,197,Standard
SHP_01782,SUP_046,Ocean,5445,1.2,867,Critical
SHP_01783,SUP_026,Road,862,5.46,792,Critical
SHP_01784,SUP_045,Rail,639,19.05,626,Low
SHP_01785,SUP_016,Rail,429,13.6,859,Standard
SHP_01786,SUP_032,Ocean,4800,1.97,242,Low
SHP_01787,SUP_020,Rail,497,1.01,917,Critical
SHP_01788,SUP_022,Rail,1633,12.58,418,Standard
SHP_01789,SUP_046,Air,6702,13.3,314,Critical
SHP_01790,SUP_023,Road,802,13.47,370,Standard
SHP_01791,SUP_008,Road,1780,5.7,496,Critical
SHP_01792,SUP_012,Rail,143,16.55,270,Standard
SHP_01793,SUP_037,Road,372,5.12,796,Low
SHP_01794,SUP_022,Rail,251,18.2,758,Critical
SHP_01795,SUP_044,Air,6443,17.12,809,Critical
SHP_01796,SUP_010,Air,6092,18.75,415,Low
SHP_01797,SUP_030,Rail,1374,13.43,483,Low
SHP_01798,SUP_027,Air,4586,16.92,561,Low
SHP_01799,SUP_026,Air,6569,2.02,430,Low
SHP_01800,SUP_001,Air,7063,9.52,773,Low
SHP_01801,SUP_025,Ocean,7674,2.68,970,Low
SHP_01802,SUP_040,Rail,1733,13.68,971,Standard
SHP_01803,SUP_040,Road,781,14.15,323,Standard
SHP_01804,SUP_004,Road,271,8.37,590,Critical
SHP_01805,SUP_024,Road,1909,12.39,894,Standard
SHP_01806,SUP_011,Rail,1781,9.44,396,Low
SHP_01807,SUP_035,Rail,1887,13.62,599,Critical
SHP_01808,SUP_044,Road,1957,4.87,781,Critical
SHP_01809,SUP_034,Road,1275,11.46,819,Low
SHP_01810,SUP_036,Air,7057,16.68,396,Low
SHP_01811,SUP_038,Rail,210,6.79,381,Critical
SHP_01812,SUP_029,Rail,1652,14.18,966,Low
SHP_01813,SUP_048,Road,1355,7.31,928,Standard
SHP_01814,SUP_018,Air,1161,14.85,221,Critical
SHP_01815,SUP_034,Air,3068,11.81,157,Low
SHP_01816,SUP_013,Ocean,7340,17.65,912,Low
SHP_01817,SUP_043,Road,1611,8.29,722,Critical
SHP_01818,SUP_027,Rail,1520,8.4,843,Standard
SHP_01819,SUP_033,Rail,1981,13.09,983,Standard
SHP_01820,SUP_045,Road,1213,16.97,829,Low
SHP_01821,SUP_008,Road,1955,7.58,374,Critical
SHP_01822,SUP_005,Air,4493,3.62,836,Critical
SHP_01823,SUP_033,Rail,717,5.24,428,Critical
SHP_01824,SUP_029,Rail,518,19.94,906,Standard
SHP_01825,SUP_030,Rail,855,1.29,311,Low
SHP_01826,SUP_017,Road,1623,3.8,761,Standard
SHP_01827,SUP_029,Air,4052,5.17,157,Low
SHP_01828,SUP_021,Ocean,3661,5.73,191,Standard
SHP_01829,SUP_038,Rail,329,15.23,497,Standard
SHP_01830,SUP_011,Road,1744,6.5,766,Critical
SHP_01831,SUP_031,Ocean,3600,19.82,722,Critical
SHP_01832,SUP_006,Rail,1916,9.12,655,Standard
SHP_01833,SUP_001,Rail,826,2.69,875,Low
SHP_01834,SUP_003,Rail,1219,19.21,149,Critical
SHP_01835,SUP_009,Ocean,6177,13.88,680,Standard
SHP_01836,SUP_032,Rail,1412,19.81,110,Low
SHP_01837,SUP_015,Air,4986,17.89,692,Critical
SHP_01838,SUP_039,Road,1073,2.36,299,Standard
SHP_01839,SUP_044,Ocean,6107,19.64,612,Low
SHP_01840,SUP_047,Road,1504,15.52,566,Low
SHP_01841,SUP_027,Road,794,13.24,850,Critical
SHP_01842,SUP_008,Road,1272,18.98,244,Standard
SHP_01843,SUP_034,Road,1793,16.08,112,Critical
SHP_01844,SUP_009,Rail,338,14.69,804,Low
SHP_01845,SUP_036,Ocean,1602,7.46,937,Low
SHP_01846,SUP_022,Road,841,12.45,573,Low
SHP_01847,SUP_014,Air,4649,4.59,653,Standard
SHP_01848,SUP_009,Road,1191,1.64,596,Low
SHP_01849,SUP_028,Ocean,6568,3.37,400,Critical
SHP_01850,SUP_023,Rail,514,12.98,123,Standard
SHP_01851,SUP_028,Road,1538,2.68,811,Low
SHP_01852,SUP_018,Ocean,7984,5.1,259,Standard
SHP_01853,SUP_006,Ocean,4360,8.97,183,Critical
SHP_01854,SUP_001,Ocean,6668,4.29,940,Standard
SHP_01855,SUP_045,Ocean,3681,3.11,662,Critical
SHP_01856,SUP_030,Road,852,4.47,874,Critical
SHP_01857,SUP_007,Rail,1421,3.18,410,Critical
SHP_01858,SUP_011,Road,131,10.28,363,Standard
SHP_01859,SUP_018,Ocean,6976,11.58,882,Standard
SHP_01860,SUP_006,Rail,1118,3.81,298,Standard
SHP_01861,SUP_008,Rail,1786,12.57,671,Low
SHP_01862,SUP_045,Rail,1871,9.27,208,Standard
SHP_01863,SUP_028,Road,1068,14.06,658,Critical
SHP_01864,SUP_043,Road,687,14.43,858,Standard
SHP_01865,SUP_014,Ocean,1901,10.79,978,Low
SHP_01866,SUP_025,Ocean,6648,16.67,547,Critical
SHP_01867,SUP_025,Air,3168,9.41,931,Critical
SHP_01868,SUP_017,Road,1465,15.65,717,Standard
SHP_01869,SUP_010,Air,2021,2.62,269,Low
SHP_01870,SUP_018,Rail,140,10.78,139,Low
SHP_01871,SUP_020,Ocean,6334,17.21,971,Critical
SHP_01872,SUP_036,Road,147,6.01,938,Critical
SHP_01873,SUP_028,Road,1628,11.89,701,Standard
SHP_01874,SUP_039,Ocean,5301,19.23,336,Low
SHP_01875,SUP_022,Rail,1747,8.79,801,Critical
SHP_01876,SUP_039,Road,936,8.8,983,Critical
SHP_01877,SUP_041,Rail,362,17.74,607,Standard
SHP_01878,SUP_001,Road,191,5.53,601,Critical
SHP_01879,SUP_018,Road,1909,14.57,252,Critical
SHP_01880,SUP_032,Rail,314,8.39,930,Standard
SHP_01881,SUP_018,Rail,927,7.93,643,Critical
SHP_01882,SUP_023,Ocean,5683,4.98,801,Standard
SHP_01883,SUP_045,Rail,1281,9.17,131,Low
SHP_01884,SUP_002,Rail,368,9.78,694,Critical
SHP_01885,SUP_015,Road,451,7.43,887,Critical
SHP_01886,SUP_014,Road,1872,19.18,950,Critical
SHP_01887,SUP_009,Air,707,19.03,771,Critical
SHP_01888,SUP_028,Road,801,8.03,208,Critical
SHP_01889,SUP_016,Rail,117,3.68,802,Low
SHP_01890,SUP_021,Ocean,3569,10.22,715,Standard
SHP_01891,SUP_044,Air,3786,5.42,508,Standard
SHP_01892,SUP_003,Road,1183,6.03,710,Low
SHP_01893,SUP_022,Ocean,1361,8.45,575,Standard
SHP_01894,SUP_018,Road,1433,12.01,598,Low
SHP_01895,SUP_041,Rail,182,15.39,637,Critical
SHP_01896,SUP_044,Rail,1385,9.8,361,Critical
SHP_01897,SUP_045,Rail,1970,16.38,526,Critical
SHP_01898,SUP_017,Road,895,10.7,296,Critical
SHP_01899,SUP_008,Road,228,3.83,529,Standard
SHP_01900,SUP_034,Rail,1094,7.84,725,Critical
SHP_01901,SUP_042,Rail,1577,1.49,907,Critical
SHP_01902,SUP_034,Air,2079,19.42,314,Standard
SHP_01903,SUP_035,Rail,663,7.46,900,Standard
SHP_01904,SUP_038,Air,2034,18.46,163,Standard
SHP_01905,SUP_021,Rail,1548,16.23,121,Standard
SHP_01906,SUP_036,Road,1988,5.78,720,Critical
SHP_01907,SUP_037,Ocean,2845,8.35,800,Standard
SHP_01908,SUP_018,Road,1813,1.82,769,Low
SHP_01909,SUP_019,Road,292,12.43,579,Standard
SHP_01910,SUP_012,Air,1595,10.34,303,Low
SHP_01911,SUP_026,Road,1448,2.79,110,Critical
SHP_01912,SUP_027,Ocean,3048,12.71,318,Low
SHP_01913,SUP_015,Ocean,5741,18.78,914,Standard
SHP_01914,SUP_045,Road,979,9.45,488,Critical
SHP_01915,SUP_001,Road,1782,15.48,974,Critical
SHP_01916,SUP_035,Rail,532,13.63,524,Low
SHP_01917,SUP_031,Ocean,3348,6.22,333,Standard
SHP_01918,SUP_031,Rail,1877,10.06,759,Standard
SHP_01919,SUP_015,Road,253,9.27,262,Critical
SHP_01920,SUP_012,Road,1802,14.02,497,Standard
SHP_01921,SUP_008,Rail,853,18.59,584,Standard
SHP_01922,SUP_050,Air,1775,8.89,778,Standard
SHP_01923,SUP_026,Rail,810,3.13,159,Standard
SHP_01924,SUP_041,Road,1081,6.29,137,Critical
SHP_01925,SUP_019,Rail,1499,11.37,958,Standard
SHP_01926,SUP_048,Air,4529,7.33,811,Low
SHP_01927,SUP_031,Rail,1513,7.6,930,Standard
SHP_01928,SUP_002,Road,1107,6.45,946,Critical
SHP_01929,SUP_024,Rail,1472,10.93,622,Low
SHP_01930,SUP_047,Air,3545,7.67,148,Standard
SHP_01931,SUP_006,Rail,700,14.6,437,Critical
SHP_01932,SUP_013,Rail,1244,9.51,312,Critical
SHP_01933,SUP_035,Rail,1109,15.07,445,Standard
SHP_01934,SUP_001,Rail,538,13.63,565,Low
SHP_01935,SUP_014,Rail,348,1,322,Low
SHP_01936,SUP_001,Ocean,3171,15.49,694,Low
SHP_01937,SUP_031,Road,1994,3.87,697,Critical
SHP_01938,SUP_041,Ocean,4849,4.08,204,Low
SHP_01939,SUP_050,Road,458,6.62,866,Low
SHP_01940,SUP_002,Air,4930,4.3,952,Standard
SHP_01941,SUP_044,Air,3989,17.97,145,Low
SHP_01942,SUP_025,Road,417,11.84,535,Standard
SHP_01943,SUP_004,Rail,1276,4.55,958,Low
SHP_01944,SUP_043,Rail,1617,10.43,916,Standard
SHP_01945,SUP_050,Rail,1205,18.67,398,Low
SHP_01946,SUP_029,Road,811,17.73,872,Low
SHP_01947,SUP_017,Road,1784,16.29,773,Low
SHP_01948,SUP_013,Air,5711,19.77,247,Low
SHP_01949,SUP_046,Road,1421,16.54,260,Critical
SHP_01950,SUP_047,Road,371,18.77,774,Standard
SHP_01951,SUP_013,Air,7551,2.9,142,Low
SHP_01952,SUP_047,Road,379,19.05,522,Low
SHP_01953,SUP_039,Rail,642,12.65,205,Standard
SHP_01954,SUP_042,Rail,107,16.48,174,Standard
SHP_01955,SUP_013,Ocean,1074,16.78,777,Low
SHP_01956,SUP_046,Ocean,5130,13.69,779,Critical
SHP_01957,SUP_041,Rail,536,18.76,602,Standard
SHP_01958,SUP_028,Road,1322,9.92,892,Low
SHP_01959,SUP_033,Rail,1248,17.98,673,Standard
SHP_01960,SUP_017,Rail,1423,5.7,634,Low
SHP_01961,SUP_020,Air,6895,10.01,811,Low
SHP_01962,SUP_027,Road,1481,14.59,873,Critical
SHP_01963,SUP_020,Ocean,6704,6.79,497,Critical
SHP_01964,SUP_001,Road,1795,7.08,357,Low
SHP_01965,SUP_017,Rail,1340,3.39,651,Standard
SHP_01966,SUP_036,Rail,559,18.73,635,Critical
SHP_01967,SUP_029,Road,1403,7.51,485,Critical
SHP_01968,SUP_048,Road,566,9.17,701,Critical
SHP_01969,SUP_003,Road,1959,11.95,853,Standard
SHP_01970,SUP_009,Air,1106,10.02,707,Critical
SHP_01971,SUP_032,Air,3165,17.56,167,Critical
SHP_01972,SUP_007,Ocean,5370,18.2,511,Critical
SHP_01973,SUP_035,Road,456,1.84,377,Low
SHP_01974,SUP_033,Road,404,10.79,184,Critical
SHP_01975,SUP_029,Road,181,7.26,398,Low
SHP_01976,SUP_036,Ocean,1202,9.34,980,Critical
SHP_01977,SUP_050,Road,1798,5.88,181,Low
SHP_01978,SUP_008,Road,1114,9.03,728,Critical
SHP_01979,SUP_010,Ocean,4922,5.72,633,Low
SHP_01980,SUP_021,Ocean,4035,14.52,977,Standard
SHP_01981,SUP_049,Road,819,1.84,758,Standard
SHP_01982,SUP_046,Ocean,7963,8.79,990,Low
SHP_01983,SUP_029,Road,755,6.73,245,Low
SHP_01984,SUP_003,Road,773,18.28,550,Standard
SHP_01985,SUP_040,Air,4279,19.61,137,Low
SHP_01986,SUP_038,Air,979,12.73,841,Critical
SHP_01987,SUP_021,Rail,1826,5.3,328,Standard
SHP_01988,SUP_003,Road,1814,11.49,669,Critical
SHP_01989,SUP_016,Road,1953,11.59,987,Low
SHP_01990,SUP_004,Rail,1977,7.8,1000,Standard
SHP_01991,SUP_019,Rail,1405,13.46,160,Standard
SHP_01992,SUP_001,Road,325,13.27,917,Standard
SHP_01993,SUP_048,Rail,295,5.09,757,Low
SHP_01994,SUP_037,Air,2755,8.65,937,Standard
SHP_01995,SUP_050,Rail,975,8.6,324,Critical
SHP_01996,SUP_046,Rail,670,16.01,973,Critical
SHP_01997,SUP_006,Ocean,7392,15.76,514,Standard
SHP_01998,SUP_012,Air,1216,19.24,848,Low
SHP_01999,SUP_017,Air,7996,8.89,804,Critical
SHP_02000,SUP_032,Road,351,7.99,674,Standard
SHP_02001,SUP_012,Road,497,3.03,477,Standard
SHP_02002,SUP_018,Road,1943,2.38,460,Low
SHP_02003,SUP_039,Ocean,3738,8.11,154,Standard
SHP_02004,SUP_001,Road,197,18.15,781,Critical
SHP_02005,SUP_020,Road,671,17.62,167,Low
SHP_02006,SUP_043,Rail,829,10.43,310,Standard
SHP_02007,SUP_010,Road,869,16.55,893,Standard
SHP_02008,SUP_001,Rail,1351,8.34,168,Standard
SHP_02009,SUP_034,Air,6114,16.53,420,Critical
SHP_02010,SUP_003,Road,1152,4.62,629,Low
SHP_02011,SUP_011,Air,629,7.43,991,Low
SHP_02012,SUP_039,Air,2805,15.04,990,Critical
SHP_02013,SUP_046,Ocean,5599,3.81,599,Critical
SHP_02014,SUP_041,Air,3436,14.3,326,Standard
SHP_02015,SUP_030,Road,324,4.89,974,Low
SHP_02016,SUP_024,Road,1191,19.68,232,Critical
SHP_02017,SUP_001,Road,855,16.32,728,Low
SHP_02018,SUP_046,Ocean,3618,6.98,897,Low
SHP_02019,SUP_023,Air,4305,7.53,888,Critical
SHP_02020,SUP_013,Rail,122,18.35,786,Standard
SHP_02021,SUP_038,Ocean,2345,1.58,803,Low
SHP_02022,SUP_038,Rail,1913,18.18,709,Standard
SHP_02023,SUP_029,Ocean,3146,9.21,851,Critical
SHP_02024,SUP_046,Air,6815,3.02,599,Standard
SHP_02025,SUP_022,Road,315,8.34,528,Low
SHP_02026,SUP_040,Road,974,13.4,924,Critical
SHP_02027,SUP_019,Rail,1452,7.18,816,Low
SHP_02028,SUP_007,Ocean,924,18.43,359,Low
SHP_02029,SUP_036,Road,1840,5.35,754,Critical
SHP_02030,SUP_039,Rail,1264,14.47,335,Low
SHP_02031,SUP_037,Road,347,17.53,864,Critical
SHP_02032,SUP_002,Rail,120,2.44,410,Critical
SHP_02033,SUP_036,Road,777,1.68,598,Standard
SHP_02034,SUP_018,Ocean,6375,9.39,120,Low
SHP_02035,SUP_007,Rail,1527,4.12,695,Low
SHP_02036,SUP_036,Road,1137,11.86,542,Standard
SHP_02037,SUP_012,Air,2049,6.79,688,Standard
SHP_02038,SUP_007,Road,761,6.91,874,Critical
SHP_02039,SUP_014,Road,386,11.55,887,Low
SHP_02040,SUP_022,Road,1701,14.47,976,Standard
SHP_02041,SUP_037,Ocean,2928,4.32,395,Critical
SHP_02042,SUP_003,Rail,1941,11.15,416,Standard
SHP_02043,SUP_050,Road,603,15.07,674,Standard
SHP_02044,SUP_003,Air,4369,11.59,560,Low
SHP_02045,SUP_033,Ocean,5436,18.91,436,Standard
SHP_02046,SUP_007,Rail,984,10.5,945,Critical
SHP_02047,SUP_002,Air,3988,8.41,136,Low
SHP_02048,SUP_043,Rail,766,7.19,477,Standard
SHP_02049,SUP_044,Road,1655,10.46,806,Critical
SHP_02050,SUP_007,Air,7851,13.14,666,Low
SHP_02051,SUP_023,Road,1691,18.78,122,Standard
SHP_02052,SUP_047,Road,1069,13.46,652,Low
SHP_02053,SUP_031,Road,571,19.26,506,Low
SHP_02054,SUP_034,Ocean,4145,6.62,831,Low
SHP_02055,SUP_039,Ocean,7623,5.49,858,Low
SHP_02056,SUP_038,Rail,1251,7.31,391,Standard
SHP_02057,SUP_040,Road,768,14.22,560,Standard
SHP_02058,SUP_045,Road,1307,13.35,333,Critical
SHP_02059,SUP_049,Rail,1398,1.69,128,Standard
SHP_02060,SUP_028,Road,1656,11.57,302,Standard
SHP_02061,SUP_037,Air,7959,18.79,824,Standard
SHP_02062,SUP_009,Road,928,11,271,Low
SHP_02063,SUP_007,Ocean,2330,2.53,455,Standard
SHP_02064,SUP_044,Road,1043,9.56,735,Low
SHP_02065,SUP_040,Air,2238,5.23,922,Critical
SHP_02066,SUP_005,Rail,582,14.72,754,Low
SHP_02067,SUP_036,Road,402,16.96,608,Critical
SHP_02068,SUP_035,Road,1011,1.3,797,Low
SHP_02069,SUP_003,Road,779,17.94,180,Critical
SHP_02070,SUP_018,Road,911,10.42,310,Low
SHP_02071,SUP_010,Rail,1753,11.13,923,Standard
SHP_02072,SUP_048,Road,1008,2.58,690,Standard
SHP_02073,SUP_022,Road,1882,2.03,903,Standard
SHP_02074,SUP_037,Ocean,1667,12.42,575,Low
SHP_02075,SUP_007,Ocean,4267,5.54,465,Low
SHP_02076,SUP_029,Ocean,3531,8.19,667,Critical
SHP_02077,SUP_025,Road,1436,13.01,445,Standard
SHP_02078,SUP_013,Road,875,3.72,494,Critical
SHP_02079,SUP_018,Ocean,1361,9.41,626,Standard
SHP_02080,SUP_037,Rail,1423,8.33,613,Critical
SHP_02081,SUP_007,Air,3600,12.29,478,Critical
SHP_02082,SUP_046,Air,5171,12.99,540,Critical
SHP_02083,SUP_028,Road,257,3.02,936,Low
SHP_02084,SUP_013,Ocean,4604,15.99,185,Critical
SHP_02085,SUP_002,Road,1248,15.76,976,Low
SHP_02086,SUP_002,Road,1502,8.67,312,Low
SHP_02087,SUP_009,Air,2998,13.11,426,Critical
SHP_02088,SUP_039,Rail,1435,14.55,645,Standard
SHP_02089,SUP_034,Ocean,1197,19.68,489,Standard
SHP_02090,SUP_005,Road,1128,10.4,792,Standard
SHP_02091,SUP_008,Rail,1551,9.6,551,Standard
SHP_02092,SUP_048,Ocean,3585,16.4,953,Critical
SHP_02093,SUP_017,Road,1761,3.94,428,Standard
SHP_02094,SUP_028,Road,1867,8.17,953,Critical
SHP_02095,SUP_016,Road,1130,2.14,466,Low
SHP_02096,SUP_026,Rail,1151,8.51,833,Critical
SHP_02097,SUP_047,Rail,354,14.9,835,Low
SHP_02098,SUP_047,Rail,659,6.48,744,Standard
SHP_02099,SUP_008,Rail,100,19.36,326,Critical
SHP_02100,SUP_015,Road,1109,10.64,934,Low
SHP_02101,SUP_034,Ocean,3147,3.32,613,Critical
SHP_02102,SUP_016,Road,1926,18.15,480,Critical
SHP_02103,SUP_001,Road,198,7.77,197,Low
SHP_02104,SUP_026,Rail,439,5.94,764,Low
SHP_02105,SUP_007,Rail,1397,18.99,570,Critical
SHP_02106,SUP_028,Road,1555,6.66,331,Critical
SHP_02107,SUP_037,Ocean,2643,7.53,262,Low
SHP_02108,SUP_017,Ocean,5944,17.52,244,Standard
SHP_02109,SUP_023,Road,1424,17.35,366,Critical
SHP_02110,SUP_047,Ocean,2600,4.95,973,Standard
SHP_02111,SUP_005,Air,4246,4.89,837,Low
SHP_02112,SUP_044,Road,1769,18.22,393,Low
SHP_02113,SUP_042,Road,107,1.84,221,Critical
SHP_02114,SUP_034,Ocean,5422,15.92,940,Standard
SHP_02115,SUP_031,Rail,1234,13,353,Critical
SHP_02116,SUP_020,Road,1598,2.32,588,Low
SHP_02117,SUP_025,Road,386,2.08,431,Standard
SHP_02118,SUP_026,Rail,967,16.96,278,Low
SHP_02119,SUP_013,Air,1309,11.15,767,Low
SHP_02120,SUP_043,Ocean,5753,18.72,382,Standard
SHP_02121,SUP_019,Ocean,5198,19.55,565,Low
SHP_02122,SUP_046,Road,1744,11.12,515,Standard
SHP_02123,SUP_032,Ocean,1373,7.33,919,Standard
SHP_02124,SUP_048,Road,505,5.38,178,Low
SHP_02125,SUP_049,Ocean,7818,17.89,119,Standard
SHP_02126,SUP_023,Rail,345,1.05,184,Standard
SHP_02127,SUP_001,Rail,1126,5.34,647,Standard
SHP_02128,SUP_008,Road,754,14.74,513,Low
SHP_02129,SUP_022,Ocean,2052,8.98,686,Low
SHP_02130,SUP_004,Road,761,19.01,229,Critical
SHP_02131,SUP_042,Road,1625,11.95,996,Standard
SHP_02132,SUP_030,Air,6846,17.74,694,Critical
SHP_02133,SUP_034,Rail,1177,19.47,488,Low
SHP_02134,SUP_048,Road,1583,6.39,110,Low
SHP_02135,SUP_023,Rail,1073,6.77,102,Standard
SHP_02136,SUP_050,Ocean,1835,11.96,525,Low
SHP_02137,SUP_019,Air,1477,8.69,278,Standard
SHP_02138,SUP_037,Rail,1590,15.86,161,Critical
SHP_02139,SUP_040,Road,1223,5.28,857,Critical
SHP_02140,SUP_034,Ocean,1504,17.36,102,Low
SHP_02141,SUP_036,Ocean,7164,17.63,133,Standard
SHP_02142,SUP_001,Road,468,14.17,890,Standard
SHP_02143,SUP_014,Rail,1217,16.86,502,Standard
SHP_02144,SUP_046,Road,276,6.07,642,Low
SHP_02145,SUP_009,Road,163,7.81,649,Standard
SHP_02146,SUP_005,Ocean,2945,19.28,654,Low
SHP_02147,SUP_016,Road,1666,5.74,579,Low
SHP_02148,SUP_007,Road,1162,17.4,494,Low
SHP_02149,SUP_003,Road,1073,3.86,198,Critical
SHP_02150,SUP_021,Ocean,5967,14.41,118,Critical
SHP_02151,SUP_020,Road,1327,17.45,438,Standard
SHP_02152,SUP_050,Road,1411,6.93,583,Low
SHP_02153,SUP_002,Rail,1931,3.18,363,Low
SHP_02154,SUP_031,Ocean,7118,13.54,610,Standard
SHP_02155,SUP_030,Air,3305,7.66,639,Low
SHP_02156,SUP_001,Road,1324,15.89,286,Low
SHP_02157,SUP_014,Air,1905,9.67,870,Low
SHP_02158,SUP_029,Road,501,15.35,424,Critical
SHP_02159,SUP_017,Road,1107,11.27,353,Standard
SHP_02160,SUP_037,Rail,1993,15.69,551,Critical
SHP_02161,SUP_017,Rail,1466,1.8,557,Standard
SHP_02162,SUP_046,Rail,1722,1.52,624,Standard
SHP_02163,SUP_038,Road,1764,5.46,764,Critical
SHP_02164,SUP_009,Ocean,7142,10.15,458,Standard
SHP_02165,SUP_019,Road,1513,2.51,111,Critical
SHP_02166,SUP_026,Ocean,3011,4.06,865,Critical
SHP_02167,SUP_003,Rail,1964,10.82,465,Critical
SHP_02168,SUP_034,Air,4012,10.43,237,Critical
SHP_02169,SUP_033,Rail,1320,13.42,959,Critical
SHP_02170,SUP_020,Road,567,3.99,509,Low
SHP_02171,SUP_021,Rail,1502,1.74,650,Low
SHP_02172,SUP_035,Air,1273,16.35,105,Standard
SHP_02173,SUP_008,Road,1493,11.54,506,Standard
SHP_02174,SUP_036,Ocean,6044,11.15,676,Critical
SHP_02175,SUP_030,Road,1188,16.19,728,Standard
SHP_02176,SUP_003,Ocean,7387,18.35,149,Standard
SHP_02177,SUP_047,Road,1879,16.53,428,Low
SHP_02178,SUP_045,Rail,1899,19.61,887,Critical
SHP_02179,SUP_010,Rail,1023,6.56,917,Critical
SHP_02180,SUP_035,Road,469,13.14,303,Low
SHP_02181,SUP_008,Road,398,15.19,701,Critical
SHP_02182,SUP_007,Road,284,10.68,817,Critical
SHP_02183,SUP_013,Air,4090,17.57,950,Low
SHP_02184,SUP_015,Road,665,15.14,707,Standard
SHP_02185,SUP_049,Rail,1239,6.56,518,Low
SHP_02186,SUP_017,Ocean,4540,8.11,724,Critical
SHP_02187,SUP_043,Ocean,4091,19.53,714,Low
SHP_02188,SUP_002,Rail,404,3.9,525,Low
SHP_02189,SUP_033,Rail,1601,9.62,695,Critical
SHP_02190,SUP_006,Rail,1752,19.63,996,Low
SHP_02191,SUP_032,Road,587,19.59,758,Critical
SHP_02192,SUP_034,Ocean,5341,11.17,909,Low
SHP_02193,SUP_020,Rail,799,9.42,907,Critical
SHP_02194,SUP_027,Rail,1769,3.27,560,Low
SHP_02195,SUP_026,Air,7026,5.56,479,Standard
SHP_02196,SUP_009,Road,1315,15.71,332,Standard
SHP_02197,SUP_037,Road,1724,12.94,821,Critical
SHP_02198,SUP_017,Ocean,1474,8.59,397,Low
SHP_02199,SUP_046,Road,1645,8.32,318,Critical
SHP_02200,SUP_006,Road,565,9.16,869,Critical
SHP_02201,SUP_036,Ocean,4529,19.54,761,Low
SHP_02202,SUP_032,Air,5923,5.98,704,Standard
SHP_02203,SUP_008,Road,1565,15.73,251,Critical
SHP_02204,SUP_020,Air,5035,3.22,762,Low
SHP_02205,SUP_039,Rail,1592,18.96,771,Low
SHP_02206,SUP_011,Ocean,2364,1.49,294,Standard
SHP_02207,SUP_028,Road,1975,11.05,875,Low
SHP_02208,SUP_050,Ocean,6200,2.66,532,Standard
SHP_02209,SUP_003,Road,346,15.77,212,Critical
SHP_02210,SUP_027,Ocean,3715,3.62,264,Low
SHP_02211,SUP_050,Rail,503,2.57,490,Standard
SHP_02212,SUP_044,Ocean,6872,16.94,772,Critical
SHP_02213,SUP_010,Air,4144,16.2,225,Low
SHP_02214,SUP_021,Ocean,4531,5.86,945,Standard
SHP_02215,SUP_007,Rail,218,4.69,768,Low
SHP_02216,SUP_045,Road,1548,11.91,874,Critical
SHP_02217,SUP_030,Ocean,5992,4.2,238,Critical
SHP_02218,SUP_030,Road,1509,3.53,134,Standard
SHP_02219,SUP_032,Ocean,5702,5.5,714,Critical
SHP_02220,SUP_010,Air,595,11.33,755,Low
SHP_02221,SUP_035,Rail,1581,2.8,301,Critical
SHP_02222,SUP_042,Road,1392,12.79,915,Critical
SHP_02223,SUP_034,Air,5127,15.98,540,Low
SHP_02224,SUP_034,Road,1652,7.19,287,Critical
SHP_02225,SUP_004,Air,3970,6.44,795,Standard
SHP_02226,SUP_007,Road,1935,12.17,440,Low
SHP_02227,SUP_035,Road,1622,7.5,593,Standard
SHP_02228,SUP_004,Rail,555,17.6,745,Critical
SHP_02229,SUP_010,Road,1259,13.29,938,Standard
SHP_02230,SUP_019,Road,928,6.33,890,Standard
SHP_02231,SUP_033,Rail,319,16.93,343,Low
SHP_02232,SUP_026,Air,1143,18.04,180,Standard
SHP_02233,SUP_035,Ocean,5835,6.1,986,Standard
SHP_02234,SUP_001,Ocean,2041,18.88,502,Critical
SHP_02235,SUP_034,Rail,1246,3.49,536,Critical
SHP_02236,SUP_017,Rail,454,4.12,457,Standard
SHP_02237,SUP_044,Ocean,5457,4.49,565,Standard
SHP_02238,SUP_011,Road,769,10.32,530,Standard
SHP_02239,SUP_009,Air,7359,1.76,499,Standard
SHP_02240,SUP_023,Road,1193,10.15,707,Standard
SHP_02241,SUP_045,Rail,1872,1.69,472,Low
SHP_02242,SUP_043,Air,5474,10.91,236,Critical
SHP_02243,SUP_006,Rail,1647,14.59,295,Low
SHP_02244,SUP_029,Ocean,1125,16.76,274,Low
SHP_02245,SUP_038,Ocean,2425,19.61,204,Low
SHP_02246,SUP_018,Road,1556,5.43,170,Standard
SHP_02247,SUP_008,Air,6167,15.15,483,Critical
SHP_02248,SUP_024,Ocean,5614,4.59,367,Low
SHP_02249,SUP_026,Rail,1967,12.4,182,Critical
SHP_02250,SUP_009,Air,4507,15.09,927,Critical
SHP_02251,SUP_041,Air,7368,17.31,214,Standard
SHP_02252,SUP_017,Ocean,4987,9.32,944,Low
SHP_02253,SUP_045,Rail,585,15.32,487,Critical
SHP_02254,SUP_021,Ocean,7279,7.41,892,Standard
SHP_02255,SUP_042,Ocean,7366,8.43,222,Critical
SHP_02256,SUP_007,Rail,1145,8.18,712,Low
SHP_02257,SUP_003,Road,1931,13.46,238,Standard
SHP_02258,SUP_049,Road,1318,13.12,475,Critical
SHP_02259,SUP_042,Road,1482,6.6,733,Low
SHP_02260,SUP_042,Road,1326,11.55,923,Standard
SHP_02261,SUP_019,Rail,1741,13.65,972,Low
SHP_02262,SUP_028,Rail,1537,5.29,165,Low
SHP_02263,SUP_002,Ocean,5077,11.25,219,Standard
SHP_02264,SUP_022,Road,239,5.15,232,Low
SHP_02265,SUP_002,Rail,399,12.45,374,Critical
SHP_02266,SUP_002,Rail,315,1.1,867,Standard
SHP_02267,SUP_043,Rail,115,5.15,599,Standard
SHP_02268,SUP_007,Rail,266,6.98,930,Standard
SHP_02269,SUP_029,Road,760,7.17,416,Critical
SHP_02270,SUP_008,Road,288,9.51,809,Standard
SHP_02271,SUP_046,Air,3958,12.06,383,Low
SHP_02272,SUP_038,Road,1258,13.01,651,Standard
SHP_02273,SUP_003,Road,1485,19.88,560,Standard
SHP_02274,SUP_025,Rail,1738,14.63,941,Low
SHP_02275,SUP_039,Ocean,7487,6.7,682,Critical
SHP_02276,SUP_037,Rail,123,3.13,790,Standard
SHP_02277,SUP_017,Rail,256,4.63,382,Critical
SHP_02278,SUP_004,Road,1016,16.56,480,Critical
SHP_02279,SUP_012,Rail,1378,5.84,449,Critical
SHP_02280,SUP_039,Air,7592,14.72,613,Standard
SHP_02281,SUP_044,Road,1550,19.5,657,Low
SHP_02282,SUP_032,Road,490,17.01,629,Standard
SHP_02283,SUP_021,Road,1529,5.06,968,Critical
SHP_02284,SUP_033,Air,7576,7.23,235,Low
SHP_02285,SUP_032,Air,5027,4.27,515,Standard
SHP_02286,SUP_019,Road,1642,19.69,126,Standard
SHP_02287,SUP_037,Ocean,1287,19.59,252,Critical
SHP_02288,SUP_035,Road,1904,10.69,469,Standard
SHP_02289,SUP_024,Road,1296,4.28,162,Low
SHP_02290,SUP_014,Road,548,14.92,558,Low
SHP_02291,SUP_004,Rail,1564,3.86,715,Low
SHP_02292,SUP_034,Road,806,10.14,383,Standard
SHP_02293,SUP_011,Road,960,2.77,589,Low
SHP_02294,SUP_039,Road,1423,17.63,110,Low
SHP_02295,SUP_011,Air,5392,7.98,121,Low
SHP_02296,SUP_027,Air,4816,13.25,417,Critical
SHP_02297,SUP_017,Road,179,6.21,170,Standard
SHP_02298,SUP_031,Air,6666,13.24,905,Critical
SHP_02299,SUP_006,Air,2433,6.8,249,Standard
SHP_02300,SUP_006,Road,480,16.56,880,Standard
SHP_02301,SUP_021,Ocean,7042,16.25,655,Standard
SHP_02302,SUP_021,Rail,1277,15.84,846,Low
SHP_02303,SUP_011,Road,919,7.29,533,Standard
SHP_02304,SUP_044,Road,198,1.15,165,Critical
SHP_02305,SUP_013,Ocean,7804,19.07,687,Critical
SHP_02306,SUP_040,Road,122,1.75,488,Standard
SHP_02307,SUP_016,Air,594,6.95,386,Low
SHP_02308,SUP_012,Rail,898,8.45,841,Critical
SHP_02309,SUP_046,Air,2221,14.9,950,Standard
SHP_02310,SUP_041,Road,853,17.52,650,Standard
SHP_02311,SUP_039,Road,1850,1.43,487,Critical
SHP_02312,SUP_015,Ocean,2415,1.78,879,Standard
SHP_02313,SUP_007,Road,787,15.65,660,Standard
SHP_02314,SUP_030,Rail,1914,11.04,215,Standard
SHP_02315,SUP_046,Ocean,7515,17.35,207,Low
SHP_02316,SUP_007,Air,1869,19.17,703,Critical
SHP_02317,SUP_048,Road,1256,14.13,117,Standard
SHP_02318,SUP_023,Road,1547,8.77,652,Standard
SHP_02319,SUP_046,Road,194,8.46,608,Standard
SHP_02320,SUP_028,Road,296,7.71,574,Standard
SHP_02321,SUP_005,Ocean,4591,12.4,471,Low
SHP_02322,SUP_006,Rail,1404,11.03,574,Critical
SHP_02323,SUP_045,Rail,1656,10.16,126,Standard
SHP_02324,SUP_011,Road,1815,17.7,261,Critical
SHP_02325,SUP_041,Ocean,1003,2.05,695,Critical
SHP_02326,SUP_006,Ocean,4955,17.49,540,Critical
SHP_02327,SUP_004,Ocean,3770,11.2,359,Standard
SHP_02328,SUP_037,Air,6741,10,718,Standard
SHP_02329,SUP_032,Rail,663,9.45,944,Low
SHP_02330,SUP_004,Air,5609,16.91,595,Low
SHP_02331,SUP_006,Road,636,4.32,727,Critical
SHP_02332,SUP_001,Air,7933,13.27,841,Low
SHP_02333,SUP_026,Rail,897,18.67,408,Standard
SHP_02334,SUP_011,Rail,732,9.01,779,Low
SHP_02335,SUP_032,Air,2839,11.02,327,Low
SHP_02336,SUP_036,Road,1627,13.35,312,Low
SHP_02337,SUP_032,Road,554,12.61,791,Low
SHP_02338,SUP_016,Road,1287,4.53,638,Critical
SHP_02339,SUP_029,Air,7854,13.91,898,Critical
SHP_02340,SUP_032,Road,1241,13.23,219,Critical
SHP_02341,SUP_050,Rail,1170,18.97,745,Low
SHP_02342,SUP_006,Air,2058,6.61,289,Low
SHP_02343,SUP_002,Air,2368,8.85,166,Standard
SHP_02344,SUP_040,Road,823,7.24,368,Critical
SHP_02345,SUP_049,Ocean,4259,15.21,344,Critical
SHP_02346,SUP_006,Rail,424,19.18,985,Standard
SHP_02347,SUP_027,Rail,1906,18.48,931,Low
SHP_02348,SUP_045,Road,1279,3.77,247,Critical
SHP_02349,SUP_029,Rail,1977,14.33,288,Standard
SHP_02350,SUP_047,Air,5093,1.1,897,Low
SHP_02351,SUP_011,Rail,1476,17.27,864,Standard
SHP_02352,SUP_037,Ocean,1972,8.4,794,Standard
SHP_02353,SUP_032,Rail,943,8.27,165,Low
SHP_02354,SUP_028,Ocean,7494,11.99,875,Low
SHP_02355,SUP_021,Rail,1231,19.64,323,Standard
SHP_02356,SUP_036,Air,5740,4.39,237,Standard
SHP_02357,SUP_004,Ocean,5273,15.53,527,Critical
SHP_02358,SUP_006,Air,3482,5.04,999,Standard
SHP_02359,SUP_029,Road,376,7.86,172,Critical
SHP_02360,SUP_013,Air,1708,2.07,892,Critical
SHP_02361,SUP_017,Air,1396,6.44,178,Standard
SHP_02362,SUP_037,Road,303,13.4,630,Critical
SHP_02363,SUP_029,Road,850,8.26,373,Critical
SHP_02364,SUP_001,Road,1845,12.53,702,Standard
SHP_02365,SUP_017,Rail,1326,19.63,709,Critical
SHP_02366,SUP_012,Air,936,11.57,356,Critical
SHP_02367,SUP_025,Air,2175,6.05,170,Standard
SHP_02368,SUP_034,Rail,1134,14.52,265,Low
SHP_02369,SUP_011,Road,1875,14.34,597,Low
SHP_02370,SUP_015,Rail,875,16.6,613,Critical
SHP_02371,SUP_014,Rail,439,18.29,406,Standard
SHP_02372,SUP_017,Ocean,841,14.19,807,Low
SHP_02373,SUP_042,Rail,335,6.41,244,Critical
SHP_02374,SUP_014,Road,848,16.33,115,Low
SHP_02375,SUP_001,Rail,687,1.27,261,Critical
SHP_02376,SUP_013,Road,1561,17.39,910,Critical
SHP_02377,SUP_013,Road,1868,5.5,879,Standard
SHP_02378,SUP_008,Rail,674,12.45,609,Standard
SHP_02379,SUP_006,Road,795,18.28,564,Standard
SHP_02380,SUP_006,Rail,876,15.72,262,Standard
SHP_02381,SUP_037,Ocean,4154,9.45,749,Standard
SHP_02382,SUP_022,Ocean,5596,10.69,258,Standard
SHP_02383,SUP_030,Ocean,7882,7.92,427,Critical
SHP_02384,SUP_031,Road,1889,5.43,228,Standard
SHP_02385,SUP_024,Road,1422,18.72,363,Standard
SHP_02386,SUP_002,Rail,1604,6.18,431,Critical
SHP_02387,SUP_037,Road,124,9.34,112,Low
SHP_02388,SUP_032,Rail,114,17.79,348,Standard
SHP_02389,SUP_012,Rail,820,8.6,276,Critical
SHP_02390,SUP_026,Rail,440,4.74,537,Standard
SHP_02391,SUP_044,Road,653,5.12,234,Standard
SHP_02392,SUP_026,Road,1016,10.72,609,Standard
SHP_02393,SUP_049,Road,470,9.53,547,Standard
SHP_02394,SUP_034,Air,7432,15.62,971,Critical
SHP_02395,SUP_037,Ocean,7759,2.79,451,Low
SHP_02396,SUP_042,Road,1664,10.55,411,Critical
SHP_02397,SUP_023,Road,1518,8.64,393,Low
SHP_02398,SUP_032,Air,4137,6.34,796,Standard
SHP_02399,SUP_034,Rail,720,3.42,784,Low
SHP_02400,SUP_037,Rail,1278,11.4,594,Critical
SHP_02401,SUP_046,Road,852,19.67,374,Low
SHP_02402,SUP_007,Air,5712,11.16,810,Low
SHP_02403,SUP_044,Road,587,9.22,863,Low
SHP_02404,SUP_049,Road,1607,15.64,338,Critical
SHP_02405,SUP_026,Rail,1984,2.27,685,Critical
SHP_02406,SUP_047,Rail,161,9.05,923,Critical
SHP_02407,SUP_039,Road,1065,7.81,890,Low
SHP_02408,SUP_038,Road,785,16.51,504,Critical
SHP_02409,SUP_001,Ocean,7008,13.95,567,Low
SHP_02410,SUP_049,Road,1855,17.24,960,Standard
SHP_02411,SUP_024,Rail,1472,13.18,898,Standard
SHP_02412,SUP_036,Air,1497,9.96,619,Low
SHP_02413,SUP_024,Road,1411,2.46,836,Critical
SHP_02414,SUP_014,Air,6166,8.45,884,Low
SHP_02415,SUP_033,Road,2000,17.26,902,Standard
SHP_02416,SUP_028,Ocean,3452,17.98,335,Standard
SHP_02417,SUP_031,Road,388,11.42,836,Critical
SHP_02418,SUP_016,Air,7766,4.33,472,Critical
SHP_02419,SUP_013,Air,538,3.71,741,Low
SHP_02420,SUP_040,Road,1933,6.32,235,Low
SHP_02421,SUP_028,Road,839,17.53,111,Critical
SHP_02422,SUP_018,Air,923,5.35,762,Low
SHP_02423,SUP_006,Rail,998,8.87,694,Low
SHP_02424,SUP_047,Road,1440,12.82,363,Low
SHP_02425,SUP_016,Road,1806,6.97,461,Critical
SHP_02426,SUP_022,Ocean,3585,12.31,138,Low
SHP_02427,SUP_027,Air,7742,4.24,282,Critical
SHP_02428,SUP_031,Ocean,2513,13.21,629,Critical
SHP_02429,SUP_002,Road,917,17.18,219,Critical
SHP_02430,SUP_032,Ocean,4046,15.18,667,Low
SHP_02431,SUP_006,Rail,1602,5.99,514,Standard
SHP_02432,SUP_032,Ocean,958,5.81,884,Critical
SHP_02433,SUP_023,Ocean,3666,6.53,211,Standard
SHP_02434,SUP_004,Road,269,2.85,858,Standard
SHP_02435,SUP_018,Ocean,6826,11.23,164,Low
SHP_02436,SUP_003,Road,544,6.82,351,Critical
SHP_02437,SUP_012,Road,443,13.34,299,Standard
SHP_02438,SUP_030,Road,1590,16.59,603,Standard
SHP_02439,SUP_017,Road,1684,3.09,829,Low
SHP_02440,SUP_018,Road,523,7.05,807,Low
SHP_02441,SUP_005,Rail,665,4.86,794,Critical
SHP_02442,SUP_047,Road,1561,4.93,227,Critical
SHP_02443,SUP_003,Rail,187,16.22,612,Standard
SHP_02444,SUP_005,Ocean,6301,17.75,627,Critical
SHP_02445,SUP_041,Road,813,8.67,205,Standard
SHP_02446,SUP_034,Road,1821,7.04,483,Low
SHP_02447,SUP_011,Road,1327,16.79,124,Low
SHP_02448,SUP_030,Road,551,11.12,996,Standard
SHP_02449,SUP_029,Air,4163,14.96,265,Standard
SHP_02450,SUP_026,Road,425,7.41,643,Standard
SHP_02451,SUP_007,Road,1541,18.92,127,Standard
SHP_02452,SUP_036,Ocean,4208,15.54,194,Critical
SHP_02453,SUP_045,Rail,853,12.22,657,Low
SHP_02454,SUP_047,Road,1728,13.91,144,Critical
SHP_02455,SUP_040,Rail,156,6.66,681,Low
SHP_02456,SUP_012,Air,4269,3.4,454,Low
SHP_02457,SUP_012,Road,170,18.43,294,Low
SHP_02458,SUP_027,Rail,446,16.79,208,Critical
SHP_02459,SUP_001,Road,772,19.85,107,Standard
SHP_02460,SUP_007,Road,1929,5.61,332,Low
SHP_02461,SUP_021,Ocean,2409,11.69,178,Critical
SHP_02462,SUP_015,Ocean,6782,18.2,591,Standard
SHP_02463,SUP_017,Rail,1211,2.78,904,Critical
SHP_02464,SUP_005,Rail,1943,8.95,871,Standard
SHP_02465,SUP_032,Rail,956,16.93,795,Standard
SHP_02466,SUP_013,Road,409,16.43,592,Critical
SHP_02467,SUP_037,Road,277,16.23,832,Critical
SHP_02468,SUP_018,Air,3196,8.26,346,Standard
SHP_02469,SUP_016,Road,970,19.37,876,Critical
SHP_02470,SUP_018,Road,546,17.83,331,Standard
SHP_02471,SUP_001,Road,989,18.43,893,Low
SHP_02472,SUP_021,Ocean,602,10.43,265,Standard
SHP_02473,SUP_038,Ocean,6728,14.53,384,Low
SHP_02474,SUP_042,Rail,1403,7.71,478,Standard
SHP_02475,SUP_044,Road,1486,13.98,320,Low
SHP_02476,SUP_044,Ocean,6207,7.88,207,Standard
SHP_02477,SUP_012,Air,4688,6.58,604,Critical
SHP_02478,SUP_020,Rail,1027,18.33,228,Low
SHP_02479,SUP_026,Air,3532,4.28,503,Low
SHP_02480,SUP_025,Rail,546,10.97,975,Standard
SHP_02481,SUP_025,Road,1491,15.37,276,Standard
SHP_02482,SUP_018,Ocean,3928,1.21,285,Standard
SHP_02483,SUP_019,Ocean,6414,6.15,268,Critical
SHP_02484,SUP_007,Air,6309,12.34,983,Critical
SHP_02485,SUP_049,Road,1268,19.29,844,Standard
SHP_02486,SUP_045,Ocean,851,6.04,617,Standard
SHP_02487,SUP_013,Road,1557,1.52,719,Critical
SHP_02488,SUP_009,Ocean,5172,2.45,501,Critical
SHP_02489,SUP_039,Rail,1461,9.3,899,Standard
SHP_02490,SUP_036,Road,1553,3.37,684,Critical
SHP_02491,SUP_020,Road,254,9.75,1000,Low
SHP_02492,SUP_039,Road,696,9.43,941,Standard
SHP_02493,SUP_019,Rail,1065,13.98,908,Standard
SHP_02494,SUP_035,Road,417,9.06,925,Critical
SHP_02495,SUP_008,Road,593,6.86,847,Critical
SHP_02496,SUP_003,Road,1520,6.79,433,Standard
SHP_02497,SUP_035,Rail,650,17.44,588,Standard
SHP_02498,SUP_021,Ocean,7608,7.29,702,Standard
SHP_02499,SUP_004,Ocean,3448,18.67,391,Critical
SHP_02500,SUP_023,Road,249,8.81,266,Standard
SHP_02501,SUP_008,Ocean,2707,4.47,377,Standard
SHP_02502,SUP_033,Rail,1990,17.79,124,Standard
SHP_02503,SUP_014,Rail,1742,5.2,647,Critical
SHP_02504,SUP_035,Ocean,3932,1.91,303,Critical
SHP_02505,SUP_029,Road,314,16.51,537,Standard
SHP_02506,SUP_014,Air,7415,11.99,707,Standard
SHP_02507,SUP_030,Ocean,6734,14.33,977,Standard
SHP_02508,SUP_007,Road,1243,1.44,622,Standard
SHP_02509,SUP_008,Ocean,1228,19.02,227,Critical
SHP_02510,SUP_006,Ocean,4469,11.74,875,Critical
SHP_02511,SUP_033,Air,4922,13.93,214,Critical
SHP_02512,SUP_028,Ocean,6066,17.13,607,Low
SHP_02513,SUP_010,Road,1736,8.47,943,Critical
SHP_02514,SUP_036,Road,329,11.2,265,Low
SHP_02515,SUP_046,Rail,874,17.34,213,Critical
SHP_02516,SUP_036,Ocean,5824,3.62,162,Low
SHP_02517,SUP_036,Air,5678,4.63,541,Standard
SHP_02518,SUP_021,Road,1757,3.35,573,Low
SHP_02519,SUP_048,Rail,531,5.45,475,Critical
SHP_02520,SUP_036,Rail,772,3.66,140,Low
SHP_02521,SUP_016,Rail,912,6.33,286,Critical
SHP_02522,SUP_030,Air,4105,15.73,795,Critical
SHP_02523,SUP_012,Road,308,7.28,252,Standard
SHP_02524,SUP_027,Road,1301,12.08,966,Standard
SHP_02525,SUP_005,Ocean,603,18.52,883,Critical
SHP_02526,SUP_026,Road,378,2.48,500,Critical
SHP_02527,SUP_022,Road,1094,11.59,736,Critical
SHP_02528,SUP_043,Ocean,3833,19.83,237,Critical
SHP_02529,SUP_032,Air,701,11.52,992,Critical
SHP_02530,SUP_002,Ocean,3217,7.73,902,Standard
SHP_02531,SUP_039,Rail,1211,12.52,549,Critical
SHP_02532,SUP_034,Ocean,7295,9.29,266,Critical
SHP_02533,SUP_037,Road,202,13.61,497,Low
SHP_02534,SUP_013,Air,7263,2.87,490,Standard
SHP_02535,SUP_030,Rail,1624,9.64,843,Critical
SHP_02536,SUP_039,Ocean,7984,18.97,141,Low
SHP_02537,SUP_019,Rail,114,1.17,255,Low
SHP_02538,SUP_037,Air,2125,15.56,622,Low
SHP_02539,SUP_024,Rail,785,11.78,981,Critical
SHP_02540,SUP_001,Rail,1130,19.54,205,Low
SHP_02541,SUP_008,Rail,1490,16.21,438,Standard
SHP_02542,SUP_003,Rail,1792,12.39,480,Standard
SHP_02543,SUP_020,Ocean,7628,1.57,475,Critical
SHP_02544,SUP_002,Rail,1828,18.37,105,Critical
SHP_02545,SUP_032,Air,6262,19.95,475,Standard
SHP_02546,SUP_028,Road,240,12.14,307,Critical
SHP_02547,SUP_045,Air,7386,1.5,364,Standard
SHP_02548,SUP_026,Road,1185,15.02,366,Low
SHP_02549,SUP_026,Road,104,4.68,918,Low
SHP_02550,SUP_034,Air,638,17.87,813,Critical
SHP_02551,SUP_010,Road,1763,11.32,446,Low
SHP_02552,SUP_040,Air,6002,14.41,183,Critical
SHP_02553,SUP_012,Ocean,939,17.04,592,Low
SHP_02554,SUP_028,Ocean,5731,7.52,929,Standard
SHP_02555,SUP_035,Air,2063,2.54,951,Standard
SHP_02556,SUP_044,Ocean,3534,11.28,826,Low
SHP_02557,SUP_030,Road,907,7.04,161,Critical
SHP_02558,SUP_008,Road,789,2.37,799,Standard
SHP_02559,SUP_028,Air,7570,16.49,331,Low
SHP_02560,SUP_019,Road,344,3.92,702,Critical
SHP_02561,SUP_044,Rail,780,7.18,107,Low
SHP_02562,SUP_042,Rail,1166,3.63,953,Critical
SHP_02563,SUP_034,Air,5372,2.51,957,Critical
SHP_02564,SUP_005,Air,6024,4.72,565,Low
SHP_02565,SUP_037,Road,1560,4.76,404,Low
SHP_02566,SUP_002,Road,897,4.07,796,Low
SHP_02567,SUP_016,Road,788,9.78,623,Low
SHP_02568,SUP_014,Road,494,2.36,453,Standard
SHP_02569,SUP_006,Ocean,6134,7.8,276,Low
SHP_02570,SUP_029,Ocean,3855,12.11,494,Low
SHP_02571,SUP_011,Road,1067,19.06,996,Critical
SHP_02572,SUP_023,Ocean,5336,17.75,229,Low
SHP_02573,SUP_027,Road,1466,14.12,473,Critical
SHP_02574,SUP_045,Road,981,5.85,102,Critical
SHP_02575,SUP_049,Road,717,3.08,531,Standard
SHP_02576,SUP_045,Rail,120,15.06,640,Standard
SHP_02577,SUP_015,Ocean,5353,1.77,580,Low
SHP_02578,SUP_012,Rail,975,13.47,122,Standard
SHP_02579,SUP_036,Road,480,4.11,334,Low
SHP_02580,SUP_046,Rail,547,3.5,588,Low
SHP_02581,SUP_050,Air,3522,1.67,982,Critical
SHP_02582,SUP_048,Ocean,4082,3.55,712,Low
SHP_02583,SUP_050,Road,1490,12.1,879,Low
SHP_02584,SUP_035,Road,1553,5.13,408,Low
SHP_02585,SUP_011,Rail,186,10.55,630,Low
SHP_02586,SUP_012,Rail,979,15.14,269,Critical
SHP_02587,SUP_016,Air,6122,14.98,799,Standard
SHP_02588,SUP_033,Rail,493,18.07,752,Critical
SHP_02589,SUP_040,Road,237,8.25,873,Critical
SHP_02590,SUP_034,Rail,1756,18.34,226,Standard
SHP_02591,SUP_009,Ocean,6018,9.31,537,Low
SHP_02592,SUP_036,Ocean,7908,3.61,187,Standard
SHP_02593,SUP_037,Rail,1686,4.28,724,Low
SHP_02594,SUP_048,Road,1478,17.47,142,Low
SHP_02595,SUP_031,Air,2202,4.6,335,Standard
SHP_02596,SUP_032,Rail,724,10.46,556,Critical
SHP_02597,SUP_048,Road,1816,18.82,585,Standard
SHP_02598,SUP_016,Road,1331,15.48,366,Low
SHP_02599,SUP_046,Road,1871,17.38,673,Standard
SHP_02600,SUP_012,Air,3811,5.51,971,Critical
SHP_02601,SUP_041,Rail,206,8.12,701,Critical
SHP_02602,SUP_039,Air,1712,2.1,242,Low
SHP_02603,SUP_015,Rail,309,8.24,125,Critical
SHP_02604,SUP_030,Road,1218,13.9,882,Low
SHP_02605,SUP_007,Air,6020,11.14,747,Standard
SHP_02606,SUP_021,Road,1545,19.75,657,Standard
SHP_02607,SUP_037,Air,4117,13.51,319,Critical
SHP_02608,SUP_035,Road,1449,3.61,936,Critical
SHP_02609,SUP_012,Rail,452,16.56,203,Standard
SHP_02610,SUP_032,Air,6049,5.79,769,Standard
SHP_02611,SUP_026,Ocean,3009,6.12,894,Low
SHP_02612,SUP_034,Air,2814,1.14,483,Standard
SHP_02613,SUP_010,Road,1616,1.12,100,Standard
SHP_02614,SUP_043,Rail,366,16.95,469,Standard
SHP_02615,SUP_044,Road,125,9.51,223,Standard
SHP_02616,SUP_009,Air,735,12.59,323,Standard
SHP_02617,SUP_034,Road,848,17.52,698,Standard
SHP_02618,SUP_032,Road,365,6.82,107,Critical
SHP_02619,SUP_049,Ocean,2878,18.55,387,Standard
SHP_02620,SUP_032,Road,782,6.03,670,Low
SHP_02621,SUP_026,Rail,1620,8.26,996,Low
SHP_02622,SUP_010,Ocean,1731,12.78,127,Standard
SHP_02623,SUP_022,Road,902,13.92,109,Standard
SHP_02624,SUP_023,Ocean,661,2.48,544,Critical
SHP_02625,SUP_026,Road,602,15.9,593,Low
SHP_02626,SUP_027,Ocean,4060,5.88,637,Critical
SHP_02627,SUP_009,Air,5978,8.13,927,Low
SHP_02628,SUP_027,Rail,735,7.99,131,Standard
SHP_02629,SUP_050,Road,323,10.13,506,Critical
SHP_02630,SUP_012,Road,1855,2.71,115,Standard
SHP_02631,SUP_004,Rail,1052,15.98,394,Critical
SHP_02632,SUP_018,Rail,1795,8.81,454,Standard
SHP_02633,SUP_009,Air,4371,19.45,431,Standard
SHP_02634,SUP_011,Road,283,13.76,242,Low
SHP_02635,SUP_039,Rail,932,18.72,197,Critical
SHP_02636,SUP_034,Rail,312,3.78,398,Low
SHP_02637,SUP_022,Ocean,3543,3.53,778,Critical
SHP_02638,SUP_016,Rail,1027,9.21,194,Standard
SHP_02639,SUP_008,Ocean,4109,14.42,672,Critical
SHP_02640,SUP_022,Rail,1777,6.98,527,Standard
SHP_02641,SUP_041,Road,265,9.39,124,Standard
SHP_02642,SUP_044,Air,7148,5.64,679,Low
SHP_02643,SUP_003,Rail,275,10.78,658,Standard
SHP_02644,SUP_048,Rail,1937,4.34,746,Low
SHP_02645,SUP_041,Air,5184,7.99,696,Critical
SHP_02646,SUP_001,Road,1794,16.51,884,Critical
SHP_02647,SUP_008,Ocean,4183,6.17,173,Low
SHP_02648,SUP_013,Road,1921,9.78,895,Critical
SHP_02649,SUP_016,Road,1374,19.76,437,Critical
SHP_02650,SUP_024,Road,1928,4.67,787,Standard
SHP_02651,SUP_017,Road,1203,13.34,614,Standard
SHP_02652,SUP_043,Road,876,13.32,824,Standard
SHP_02653,SUP_007,Road,1391,17.82,276,Low
SHP_02654,SUP_036,Air,6635,7.16,350,Standard
SHP_02655,SUP_034,Rail,1705,16.94,476,Low
SHP_02656,SUP_020,Road,795,2.02,468,Critical
SHP_02657,SUP_001,Ocean,5550,17.91,366,Low
SHP_02658,SUP_021,Ocean,5591,14.03,332,Standard
SHP_02659,SUP_038,Road,1207,7.81,526,Critical
SHP_02660,SUP_022,Rail,579,16.09,206,Low
SHP_02661,SUP_041,Road,409,7,778,Low
SHP_02662,SUP_001,Ocean,6961,15.61,426,Low
SHP_02663,SUP_011,Road,409,14.67,865,Standard
SHP_02664,SUP_045,Rail,681,15.32,883,Critical
SHP_02665,SUP_016,Rail,550,1.28,443,Low
SHP_02666,SUP_046,Road,880,10.88,325,Critical
SHP_02667,SUP_043,Air,6279,10.82,815,Standard
SHP_02668,SUP_019,Rail,377,8.38,298,Critical
SHP_02669,SUP_008,Rail,428,15.83,866,Standard
SHP_02670,SUP_041,Road,1842,1.65,215,Low
SHP_02671,SUP_026,Rail,1950,12.56,806,Standard
SHP_02672,SUP_006,Road,727,18.99,129,Low
SHP_02673,SUP_037,Rail,779,17.18,557,Low
SHP_02674,SUP_035,Road,987,13.53,903,Low
SHP_02675,SUP_014,Ocean,5124,12.42,775,Standard
SHP_02676,SUP_023,Road,485,1.41,388,Standard
SHP_02677,SUP_043,Road,667,3.85,249,Low
SHP_02678,SUP_046,Air,5282,16.13,448,Low
SHP_02679,SUP_050,Air,2138,5.8,680,Standard
SHP_02680,SUP_011,Road,1782,11.19,482,Low
SHP_02681,SUP_029,Road,122,7.74,557,Low
SHP_02682,SUP_031,Ocean,2958,15.96,716,Standard
SHP_02683,SUP_036,Air,4872,8.2,544,Low
SHP_02684,SUP_016,Road,1727,14.32,976,Critical
SHP_02685,SUP_050,Road,1376,11.16,637,Standard
SHP_02686,SUP_007,Air,4622,8.85,450,Critical
SHP_02687,SUP_023,Air,2502,2.05,640,Standard
SHP_02688,SUP_041,Road,730,18.42,621,Standard
SHP_02689,SUP_004,Road,1531,16.52,155,Critical
SHP_02690,SUP_028,Road,297,18.22,234,Standard
SHP_02691,SUP_029,Road,1158,3.59,251,Low
SHP_02692,SUP_047,Rail,1236,12,732,Low
SHP_02693,SUP_034,Air,755,16.53,554,Low
SHP_02694,SUP_047,Road,926,6.89,696,Critical
SHP_02695,SUP_041,Ocean,3680,19.86,326,Low
SHP_02696,SUP_028,Road,1632,11.61,582,Low
SHP_02697,SUP_032,Rail,1542,10.99,241,Low
SHP_02698,SUP_035,Road,524,2.94,168,Critical
SHP_02699,SUP_042,Rail,103,14.95,600,Critical
SHP_02700,SUP_018,Rail,765,7.57,183,Critical
SHP_02701,SUP_038,Road,1213,14.37,267,Standard
SHP_02702,SUP_050,Ocean,6317,10.32,561,Standard
SHP_02703,SUP_043,Air,2285,13.51,153,Low
SHP_02704,SUP_026,Air,3248,14.02,436,Standard
SHP_02705,SUP_021,Rail,1421,18.14,441,Low
SHP_02706,SUP_044,Ocean,3159,17.37,141,Standard
SHP_02707,SUP_010,Air,7164,10.77,881,Critical
SHP_02708,SUP_029,Road,1241,2.66,333,Critical
SHP_02709,SUP_009,Air,7046,9.65,817,Standard
SHP_02710,SUP_034,Road,1695,19.62,819,Low
SHP_02711,SUP_013,Rail,702,19.36,585,Critical
SHP_02712,SUP_042,Road,210,10.75,864,Low
SHP_02713,SUP_049,Road,1591,16.95,340,Low
SHP_02714,SUP_021,Road,1699,17.28,629,Standard
SHP_02715,SUP_002,Air,4030,2.87,346,Critical
SHP_02716,SUP_013,Road,1747,16.24,364,Critical
SHP_02717,SUP_012,Rail,200,2.23,419,Low
SHP_02718,SUP_040,Ocean,3431,10.31,837,Low
SHP_02719,SUP_045,Ocean,1773,5.17,361,Low
SHP_02720,SUP_018,Air,7793,3.48,605,Critical
SHP_02721,SUP_050,Ocean,681,9.59,968,Low
SHP_02722,SUP_033,Rail,1767,8.65,885,Critical
SHP_02723,SUP_035,Rail,1572,14.57,722,Low
SHP_02724,SUP_016,Road,333,16.21,798,Standard
SHP_02725,SUP_018,Road,911,14.35,290,Low
SHP_02726,SUP_014,Road,752,14.4,988,Low
SHP_02727,SUP_012,Air,4818,9.77,327,Critical
SHP_02728,SUP_004,Road,800,8.77,166,Standard
SHP_02729,SUP_042,Road,894,2.78,475,Low
SHP_02730,SUP_050,Road,490,17.05,556,Critical
SHP_02731,SUP_048,Rail,738,14.71,599,Standard
SHP_02732,SUP_015,Road,516,16.92,123,Low
SHP_02733,SUP_027,Air,2603,5.31,680,Critical
SHP_02734,SUP_037,Ocean,7365,6.48,645,Critical
SHP_02735,SUP_047,Ocean,5784,19.34,134,Low
SHP_02736,SUP_039,Rail,974,5,783,Standard
SHP_02737,SUP_004,Ocean,1107,19.15,818,Standard
SHP_02738,SUP_046,Road,1541,9.1,569,Low
SHP_02739,SUP_005,Ocean,5246,1.42,706,Low
SHP_02740,SUP_025,Air,994,9.15,935,Low
SHP_02741,SUP_006,Road,234,2.14,382,Critical
SHP_02742,SUP_028,Road,1385,19.67,957,Standard
SHP_02743,SUP_001,Road,985,4.12,811,Standard
SHP_02744,SUP_013,Air,3139,1.25,208,Low
SHP_02745,SUP_028,Rail,913,15.68,672,Critical
SHP_02746,SUP_008,Rail,1262,13.62,944,Critical
SHP_02747,SUP_029,Rail,748,17.26,685,Standard
SHP_02748,SUP_023,Air,2210,13.45,704,Critical
SHP_02749,SUP_014,Ocean,5502,5.87,238,Low
SHP_02750,SUP_018,Rail,218,8.46,556,Critical
SHP_02751,SUP_033,Road,1235,16.24,750,Standard
SHP_02752,SUP_022,Rail,1374,19.62,947,Low
SHP_02753,SUP_029,Road,1676,5.39,298,Standard
SHP_02754,SUP_003,Road,652,6.85,540,Critical
SHP_02755,SUP_001,Ocean,2320,3.35,528,Critical
SHP_02756,SUP_020,Road,1233,18.75,666,Low
SHP_02757,SUP_031,Road,787,5.58,655,Standard
SHP_02758,SUP_030,Ocean,6548,8.96,922,Critical
SHP_02759,SUP_041,Rail,774,3.95,368,Standard
SHP_02760,SUP_034,Air,663,19.87,389,Standard
SHP_02761,SUP_041,Air,6477,13.81,903,Critical
SHP_02762,SUP_009,Air,1977,19.16,786,Standard
SHP_02763,SUP_020,Rail,1851,9.69,964,Standard
SHP_02764,SUP_025,Road,443,11.93,337,Critical
SHP_02765,SUP_042,Air,1775,8.37,160,Low
SHP_02766,SUP_043,Ocean,1680,19.45,187,Low
SHP_02767,SUP_039,Road,1832,4.33,420,Low
SHP_02768,SUP_023,Road,1122,3.89,224,Low
SHP_02769,SUP_041,Road,1990,19.19,546,Low
SHP_02770,SUP_031,Rail,1862,16.98,258,Critical
SHP_02771,SUP_041,Air,5519,13.82,313,Standard
SHP_02772,SUP_034,Road,1590,4.94,156,Standard
SHP_02773,SUP_015,Ocean,1294,5.95,648,Critical
SHP_02774,SUP_030,Road,1393,7.97,380,Critical
SHP_02775,SUP_037,Road,1917,11.29,751,Critical
SHP_02776,SUP_048,Road,1196,16.48,221,Low
SHP_02777,SUP_020,Air,6140,12.91,697,Standard
SHP_02778,SUP_032,Road,1021,1.94,559,Standard
SHP_02779,SUP_025,Road,1346,2.16,580,Critical
SHP_02780,SUP_008,Road,442,15.95,737,Critical
SHP_02781,SUP_014,Air,7324,4.8,450,Low
SHP_02782,SUP_035,Ocean,2190,15.7,694,Low
SHP_02783,SUP_004,Ocean,6062,13.91,127,Critical
SHP_02784,SUP_035,Rail,1726,18.93,891,Critical
SHP_02785,SUP_021,Ocean,7239,18.49,766,Standard
SHP_02786,SUP_021,Road,621,4.58,205,Critical
SHP_02787,SUP_003,Ocean,4080,1.87,552,Critical
SHP_02788,SUP_044,Road,464,2.18,955,Low
SHP_02789,SUP_027,Ocean,1563,7.2,269,Standard
SHP_02790,SUP_023,Ocean,1731,8.98,846,Low
SHP_02791,SUP_001,Rail,1904,12.77,881,Critical
SHP_02792,SUP_043,Ocean,2545,2.8,392,Low
SHP_02793,SUP_030,Rail,138,19.44,624,Critical
SHP_02794,SUP_022,Road,1845,12.99,568,Standard
SHP_02795,SUP_033,Road,1392,2.44,825,Critical
SHP_02796,SUP_019,Rail,813,2.42,943,Low
SHP_02797,SUP_013,Air,7385,9.87,899,Standard
SHP_02798,SUP_047,Rail,1341,17.09,768,Critical
SHP_02799,SUP_034,Ocean,3941,17.91,322,Standard
SHP_02800,SUP_025,Road,883,13.03,882,Standard
SHP_02801,SUP_048,Rail,312,14.18,100,Standard
SHP_02802,SUP_002,Ocean,7845,14.69,747,Standard
SHP_02803,SUP_005,Ocean,2219,3.58,771,Critical
SHP_02804,SUP_001,Ocean,3513,18.9,690,Standard
SHP_02805,SUP_027,Road,1449,8.69,386,Critical
SHP_02806,SUP_013,Ocean,1361,13.33,841,Critical
SHP_02807,SUP_013,Rail,703,13.17,100,Low
SHP_02808,SUP_016,Road,1404,12.32,689,Critical
SHP_02809,SUP_034,Road,300,8.46,161,Critical
SHP_02810,SUP_023,Rail,1942,4.96,421,Low
SHP_02811,SUP_008,Road,1555,4.5,397,Critical
SHP_02812,SUP_037,Rail,1371,13.8,933,Low
SHP_02813,SUP_040,Rail,498,1.41,890,Low
SHP_02814,SUP_010,Road,650,8.72,888,Standard
SHP_02815,SUP_011,Rail,1142,7.43,697,Standard
SHP_02816,SUP_026,Rail,1467,12.95,384,Standard
SHP_02817,SUP_013,Road,674,2.01,470,Critical
SHP_02818,SUP_033,Air,5966,18.72,459,Critical
SHP_02819,SUP_049,Air,2818,19.46,738,Standard
SHP_02820,SUP_036,Road,1167,15.19,400,Low
SHP_02821,SUP_049,Ocean,4624,17.05,996,Low
SHP_02822,SUP_001,Road,1353,4.23,396,Standard
SHP_02823,SUP_049,Rail,962,13.47,896,Low
SHP_02824,SUP_034,Road,1546,10.13,480,Low
SHP_02825,SUP_026,Road,532,6.9,491,Standard
SHP_02826,SUP_033,Ocean,6406,2.07,895,Standard
SHP_02827,SUP_004,Rail,1004,17.29,631,Low
SHP_02828,SUP_024,Air,5573,15.26,996,Standard
SHP_02829,SUP_010,Road,1884,19.55,432,Critical
SHP_02830,SUP_047,Air,7171,8.99,530,Standard
SHP_02831,SUP_049,Road,661,9.58,698,Low
SHP_02832,SUP_041,Rail,566,3.59,658,Critical
SHP_02833,SUP_038,Air,7960,19.02,185,Critical
SHP_02834,SUP_003,Road,1637,17.08,916,Standard
SHP_02835,SUP_019,Road,244,10.86,930,Critical
SHP_02836,SUP_001,Ocean,3640,16.56,141,Low
SHP_02837,SUP_038,Ocean,5337,3.09,629,Standard
SHP_02838,SUP_026,Air,4379,7.68,105,Critical
SHP_02839,SUP_025,Rail,699,5.96,459,Low
SHP_02840,SUP_040,Road,1360,5.18,293,Standard
SHP_02841,SUP_011,Road,1484,6.41,617,Low
SHP_02842,SUP_015,Rail,755,18.65,923,Low
SHP_02843,SUP_010,Ocean,6870,10.01,599,Low
SHP_02844,SUP_029,Ocean,6258,8.53,802,Low
SHP_02845,SUP_024,Rail,654,3.82,643,Standard
SHP_02846,SUP_020,Road,1144,7.81,419,Standard
SHP_02847,SUP_027,Rail,675,13.15,737,Critical
SHP_02848,SUP_032,Road,233,16.54,318,Critical
SHP_02849,SUP_032,Rail,516,16.18,994,Low
SHP_02850,SUP_042,Road,146,15.37,956,Low
SHP_02851,SUP_026,Rail,529,9.48,240,Low
SHP_02852,SUP_041,Road,964,3.5,378,Standard
SHP_02853,SUP_042,Road,882,5.1,593,Standard
SHP_02854,SUP_042,Ocean,5124,14.05,499,Standard
SHP_02855,SUP_030,Air,5447,14.95,545,Standard
SHP_02856,SUP_030,Road,1744,4.3,695,Low
SHP_02857,SUP_007,Road,1323,13.07,410,Critical
SHP_02858,SUP_041,Air,5406,10.67,798,Low
SHP_02859,SUP_033,Air,1344,14.37,649,Low
SHP_02860,SUP_040,Road,106,13.29,269,Low
SHP_02861,SUP_031,Ocean,3972,16.26,139,Standard
SHP_02862,SUP_026,Road,1477,6.84,816,Low
SHP_02863,SUP_039,Ocean,3466,1.64,859,Low
SHP_02864,SUP_015,Rail,1510,14.13,383,Low
SHP_02865,SUP_027,Road,1537,5.84,933,Low
SHP_02866,SUP_021,Rail,110,14.85,394,Standard
SHP_02867,SUP_018,Road,1861,5.58,134,Low
SHP_02868,SUP_042,Rail,1552,10.44,532,Low
SHP_02869,SUP_046,Road,158,4.75,699,Low
SHP_02870,SUP_019,Road,1737,2.88,674,Low
SHP_02871,SUP_007,Ocean,3524,5.24,501,Standard
SHP_02872,SUP_036,Ocean,3203,6.82,610,Critical
SHP_02873,SUP_014,Ocean,2637,12.62,446,Critical
SHP_02874,SUP_023,Road,121,9.37,127,Low
SHP_02875,SUP_013,Rail,1462,19.75,527,Low
SHP_02876,SUP_023,Road,1359,16.02,996,Low
SHP_02877,SUP_048,Road,1805,12.97,113,Standard
SHP_02878,SUP_050,Road,1072,9.29,370,Standard
SHP_02879,SUP_033,Rail,781,2.88,758,Critical
SHP_02880,SUP_041,Road,1505,1.84,446,Critical
SHP_02881,SUP_047,Road,378,19.47,218,Critical
SHP_02882,SUP_020,Ocean,7652,12.31,866,Critical
SHP_02883,SUP_044,Road,962,8.88,863,Low
SHP_02884,SUP_047,Air,7877,16.67,999,Low
SHP_02885,SUP_005,Air,2126,15.58,598,Standard
SHP_02886,SUP_014,Ocean,3414,3.07,937,Standard
SHP_02887,SUP_042,Road,1404,18.51,266,Critical
SHP_02888,SUP_030,Road,1747,15.86,249,Standard
SHP_02889,SUP_020,Ocean,3460,8.19,267,Low
SHP_02890,SUP_014,Ocean,1412,17.11,966,Critical
SHP_02891,SUP_040,Road,1992,11.51,823,Standard
SHP_02892,SUP_019,Rail,1863,10.42,295,Standard
SHP_02893,SUP_001,Rail,1555,11.1,330,Standard
SHP_02894,SUP_044,Rail,294,3.58,628,Standard
SHP_02895,SUP_026,Road,135,4.5,967,Standard
SHP_02896,SUP_010,Ocean,1381,19.47,699,Critical
SHP_02897,SUP_037,Road,1220,12.09,522,Critical
SHP_02898,SUP_040,Road,664,11.88,481,Standard
SHP_02899,SUP_042,Road,1114,19.6,172,Standard
SHP_02900,SUP_033,Air,2292,18.91,821,Critical
SHP_02901,SUP_003,Air,4740,18.82,649,Low
SHP_02902,SUP_031,Rail,708,6.96,899,Standard
SHP_02903,SUP_012,Air,910,5.18,486,Critical
SHP_02904,SUP_001,Road,985,8.4,595,Standard
SHP_02905,SUP_046,Road,842,1.92,817,Low
SHP_02906,SUP_014,Air,6170,2.89,750,Standard
SHP_02907,SUP_042,Ocean,3068,1.59,661,Standard
SHP_02908,SUP_048,Road,478,15.41,839,Critical
SHP_02909,SUP_025,Road,1969,1.36,619,Low
SHP_02910,SUP_013,Road,1721,7.78,477,Standard
SHP_02911,SUP_038,Road,459,8.29,666,Critical
SHP_02912,SUP_007,Air,2748,14.36,433,Critical
SHP_02913,SUP_048,Rail,1313,8.13,675,Critical
SHP_02914,SUP_005,Ocean,521,9.58,771,Standard
SHP_02915,SUP_037,Road,205,16.99,669,Low
SHP_02916,SUP_006,Rail,1801,9.21,469,Standard
SHP_02917,SUP_003,Rail,1661,7.91,875,Low
SHP_02918,SUP_025,Ocean,3775,11.62,366,Low
SHP_02919,SUP_034,Road,501,6.98,217,Standard
SHP_02920,SUP_023,Road,1412,14.01,944,Low
SHP_02921,SUP_010,Road,803,7.95,137,Critical
SHP_02922,SUP_047,Rail,1302,14.34,351,Critical
SHP_02923,SUP_007,Ocean,7813,13.12,174,Critical
SHP_02924,SUP_043,Road,806,1.66,113,Standard
SHP_02925,SUP_039,Road,775,2.9,231,Low
SHP_02926,SUP_016,Ocean,6007,2.59,436,Critical
SHP_02927,SUP_023,Ocean,7210,1.7,129,Low
SHP_02928,SUP_011,Ocean,6160,17.47,883,Low
SHP_02929,SUP_031,Rail,662,4.32,546,Standard
SHP_02930,SUP_009,Road,750,7.65,300,Low
SHP_02931,SUP_020,Rail,1603,6.86,335,Low
SHP_02932,SUP_018,Rail,1294,14.29,923,Low
SHP_02933,SUP_007,Air,6350,5.69,256,Low
SHP_02934,SUP_005,Road,1836,7.36,608,Low
SHP_02935,SUP_045,Rail,483,17.23,369,Low
SHP_02936,SUP_046,Road,1194,6.76,489,Low
SHP_02937,SUP_030,Rail,770,11.64,901,Standard
SHP_02938,SUP_019,Rail,1439,10.38,933,Critical
SHP_02939,SUP_049,Ocean,3601,5.91,184,Low
SHP_02940,SUP_015,Air,1700,16.65,598,Critical
SHP_02941,SUP_039,Road,1462,12.83,996,Standard
SHP_02942,SUP_006,Rail,1015,16.21,831,Critical
SHP_02943,SUP_020,Road,169,9.2,256,Critical
SHP_02944,SUP_017,Rail,1175,6.68,592,Critical
SHP_02945,SUP_002,Rail,289,3.36,555,Low
SHP_02946,SUP_011,Air,2853,5.99,386,Low
SHP_02947,SUP_046,Road,1616,9.98,465,Standard
SHP_02948,SUP_019,Road,720,5.82,503,Standard
SHP_02949,SUP_024,Road,480,3.77,260,Standard
SHP_02950,SUP_004,Ocean,7713,12.16,273,Critical
SHP_02951,SUP_005,Ocean,6318,11.44,654,Low
SHP_02952,SUP_026,Rail,1121,1.45,479,Standard
SHP_02953,SUP_050,Rail,347,11.96,223,Standard
SHP_02954,SUP_022,Road,814,10.38,295,Low
SHP_02955,SUP_039,Ocean,5072,8.7,884,Standard
SHP_02956,SUP_043,Rail,1537,6.29,201,Low
SHP_02957,SUP_050,Rail,546,3.39,963,Critical
SHP_02958,SUP_001,Ocean,4348,7.03,192,Critical
SHP_02959,SUP_039,Road,380,12.66,341,Low
SHP_02960,SUP_045,Ocean,1480,15.22,338,Critical
SHP_02961,SUP_022,Road,305,15.19,720,Standard
SHP_02962,SUP_022,Road,590,7.1,162,Standard
SHP_02963,SUP_012,Road,423,5.68,643,Low
SHP_02964,SUP_032,Ocean,2752,8.53,242,Low
SHP_02965,SUP_034,Ocean,4129,7.9,681,Standard
SHP_02966,SUP_003,Rail,595,3.31,351,Critical
SHP_02967,SUP_008,Rail,143,3.65,367,Critical
SHP_02968,SUP_015,Rail,890,5.37,561,Low
SHP_02969,SUP_027,Ocean,7044,15.58,178,Standard
SHP_02970,SUP_049,Road,1960,15.72,683,Critical
SHP_02971,SUP_026,Road,1408,3.72,230,Low
SHP_02972,SUP_048,Road,491,10.46,874,Low
SHP_02973,SUP_033,Rail,1637,14.1,682,Critical
SHP_02974,SUP_036,Rail,1068,3.12,157,Critical
SHP_02975,SUP_029,Road,676,6.15,817,Critical
SHP_02976,SUP_014,Air,2523,17.01,583,Low
SHP_02977,SUP_007,Ocean,2583,3.23,870,Critical
SHP_02978,SUP_050,Air,1577,14.42,284,Critical
SHP_02979,SUP_017,Rail,1010,10.98,760,Standard
SHP_02980,SUP_049,Ocean,1203,13.74,105,Critical
SHP_02981,SUP_010,Road,788,3.8,427,Standard
SHP_02982,SUP_028,Road,290,18.45,162,Low
SHP_02983,SUP_029,Rail,1882,6.29,104,Critical
SHP_02984,SUP_046,Ocean,5173,8.3,600,Critical
SHP_02985,SUP_049,Road,464,7.35,373,Critical
SHP_02986,SUP_032,Ocean,2804,9.82,684,Standard
SHP_02987,SUP_023,Air,3371,5.3,179,Standard
SHP_02988,SUP_007,Road,1919,4.56,780,Standard
SHP_02989,SUP_035,Rail,1387,12.92,492,Low
SHP_02990,SUP_048,Ocean,2807,17.46,200,Standard
SHP_02991,SUP_008,Road,1896,2.17,397,Standard
SHP_02992,SUP_045,Ocean,3420,8.08,979,Standard
SHP_02993,SUP_039,Rail,1120,8.64,722,Standard
SHP_02994,SUP_049,Road,590,13.9,542,Critical
SHP_02995,SUP_044,Air,6485,5.07,867,Critical
SHP_02996,SUP_018,Ocean,977,15.51,772,Low
SHP_02997,SUP_040,Road,1341,15.23,965,Standard
SHP_02998,SUP_049,Road,115,3.38,917,Standard
SHP_02999,SUP_011,Road,723,19.86,269,Low
SHP_03000,SUP_023,Ocean,2297,1.58,173,Low
SHP_03001,SUP_014,Rail,276,18.68,560,Standard
SHP_03002,SUP_017,Rail,154,8.68,813,Standard
SHP_03003,SUP_034,Road,602,2.63,944,Standard
SHP_03004,SUP_023,Rail,1975,11.73,156,Critical
SHP_03005,SUP_029,Rail,818,15.95,193,Standard
SHP_03006,SUP_024,Ocean,6799,17.07,670,Critical
SHP_03007,SUP_050,Ocean,1105,12.85,246,Standard
SHP_03008,SUP_019,Air,2584,11.82,414,Standard
SHP_03009,SUP_015,Rail,195,13.53,452,Low
SHP_03010,SUP_016,Air,5607,6.27,363,Low
SHP_03011,SUP_026,Road,600,12.19,124,Critical
SHP_03012,SUP_019,Road,630,19.3,297,Low
SHP_03013,SUP_012,Road,477,11.42,215,Critical
SHP_03014,SUP_027,Road,1797,3.74,629,Low
SHP_03015,SUP_018,Rail,901,12.82,445,Standard
SHP_03016,SUP_015,Road,787,2.66,596,Low
SHP_03017,SUP_050,Rail,333,8.6,804,Standard
SHP_03018,SUP_044,Road,1346,8.71,992,Low
SHP_03019,SUP_045,Air,6188,18.4,240,Standard
SHP_03020,SUP_017,Rail,1736,14.72,277,Standard
SHP_03021,SUP_022,Road,1940,1.22,921,Low
SHP_03022,SUP_016,Road,1250,17.26,715,Standard
SHP_03023,SUP_004,Rail,285,17.8,208,Standard
SHP_03024,SUP_026,Road,1961,12.92,733,Standard
SHP_03025,SUP_018,Air,7358,7.43,899,Low
SHP_03026,SUP_018,Road,1616,17.44,388,Critical
SHP_03027,SUP_031,Ocean,2546,13.24,662,Standard
SHP_03028,SUP_036,Rail,1670,14.37,280,Standard
SHP_03029,SUP_030,Rail,1189,14.68,797,Standard
SHP_03030,SUP_050,Rail,720,5.82,299,Critical
SHP_03031,SUP_037,Road,1355,7.62,366,Low
SHP_03032,SUP_042,Road,102,14.5,946,Critical
SHP_03033,SUP_027,Rail,1959,15.1,349,Critical
SHP_03034,SUP_049,Air,4134,3.91,279,Low
SHP_03035,SUP_025,Road,1080,6.63,725,Critical
SHP_03036,SUP_007,Road,1074,12.3,443,Standard
SHP_03037,SUP_029,Road,203,9.98,712,Critical
SHP_03038,SUP_010,Ocean,3006,5.29,813,Critical
SHP_03039,SUP_010,Air,3965,15.92,826,Standard
SHP_03040,SUP_039,Road,151,13.3,108,Standard
SHP_03041,SUP_008,Road,1805,13.82,379,Critical
SHP_03042,SUP_018,Ocean,1427,2.77,193,Low
SHP_03043,SUP_050,Air,5346,10.35,397,Low
SHP_03044,SUP_048,Road,556,8.55,121,Critical
SHP_03045,SUP_027,Rail,1895,12.98,144,Critical
SHP_03046,SUP_019,Rail,722,4.38,930,Standard
SHP_03047,SUP_049,Road,1476,5.18,108,Standard
SHP_03048,SUP_019,Road,781,2.56,640,Critical
SHP_03049,SUP_004,Road,1071,18.33,338,Low
SHP_03050,SUP_019,Road,129,3.25,185,Standard
SHP_03051,SUP_009,Road,561,2.8,404,Standard
SHP_03052,SUP_034,Road,1695,12.05,751,Critical
SHP_03053,SUP_049,Road,1806,3.83,282,Low
SHP_03054,SUP_009,Road,979,17.05,559,Low
SHP_03055,SUP_005,Rail,264,4.22,725,Standard
SHP_03056,SUP_042,Ocean,6006,3.63,582,Critical
SHP_03057,SUP_021,Rail,657,16.66,287,Low
SHP_03058,SUP_030,Air,7505,11.79,608,Standard
SHP_03059,SUP_026,Air,6668,14,328,Standard
SHP_03060,SUP_007,Ocean,5722,2.02,970,Standard
SHP_03061,SUP_015,Road,1814,2.02,991,Standard
SHP_03062,SUP_020,Air,1646,15.97,841,Low
SHP_03063,SUP_031,Rail,550,18.83,140,Critical
SHP_03064,SUP_022,Rail,658,17.09,874,Critical
SHP_03065,SUP_012,Rail,1042,7.85,247,Critical
SHP_03066,SUP_044,Road,964,8.92,831,Low
SHP_03067,SUP_020,Air,7241,16.53,986,Low
SHP_03068,SUP_017,Ocean,5766,2.91,118,Critical
SHP_03069,SUP_006,Road,279,15.89,852,Standard
SHP_03070,SUP_006,Rail,707,8.8,640,Critical
SHP_03071,SUP_001,Rail,1087,12.71,247,Low
SHP_03072,SUP_018,Rail,1852,4.03,998,Low
SHP_03073,SUP_044,Road,1424,2.86,226,Critical
SHP_03074,SUP_032,Road,1772,11.74,873,Critical
SHP_03075,SUP_043,Rail,1095,18.09,371,Low
SHP_03076,SUP_001,Ocean,6644,18.01,938,Standard
SHP_03077,SUP_048,Ocean,4126,7.62,785,Critical
SHP_03078,SUP_022,Air,3726,6.79,398,Standard
SHP_03079,SUP_012,Road,1102,15.28,249,Critical
SHP_03080,SUP_011,Ocean,3761,11.54,943,Standard
SHP_03081,SUP_030,Rail,1221,6.41,980,Critical
SHP_03082,SUP_002,Ocean,1504,1.81,413,Critical
SHP_03083,SUP_040,Road,1410,17.52,594,Standard
SHP_03084,SUP_018,Rail,933,8.09,793,Low
SHP_03085,SUP_042,Rail,249,1.46,367,Standard
SHP_03086,SUP_034,Rail,1723,10.18,677,Critical
SHP_03087,SUP_037,Road,385,14.43,412,Standard
SHP_03088,SUP_019,Air,1366,3.46,612,Critical
SHP_03089,SUP_048,Rail,565,3.3,829,Low
SHP_03090,SUP_045,Road,111,15.52,408,Critical
SHP_03091,SUP_050,Road,1795,6.34,353,Critical
SHP_03092,SUP_012,Ocean,855,13.54,734,Critical
SHP_03093,SUP_047,Road,1584,6.73,724,Low
SHP_03094,SUP_011,Ocean,5815,8.48,826,Low
SHP_03095,SUP_022,Road,1481,18.45,661,Standard
SHP_03096,SUP_013,Rail,1403,9.8,759,Low
SHP_03097,SUP_002,Ocean,2622,13.06,145,Standard
SHP_03098,SUP_015,Air,2927,5.03,460,Low
SHP_03099,SUP_040,Air,5504,18.65,332,Low
SHP_03100,SUP_040,Road,858,5.42,826,Standard
SHP_03101,SUP_003,Air,5084,9.51,915,Critical
SHP_03102,SUP_006,Rail,1223,8.88,784,Critical
SHP_03103,SUP_005,Ocean,5708,15.9,683,Standard
SHP_03104,SUP_011,Road,1589,18.33,900,Critical
SHP_03105,SUP_016,Road,1795,1.03,769,Standard
SHP_03106,SUP_038,Road,706,17.29,488,Standard
SHP_03107,SUP_046,Rail,222,7.67,405,Standard
SHP_03108,SUP_010,Air,6477,14.65,174,Low
SHP_03109,SUP_021,Rail,1414,5.72,892,Standard
SHP_03110,SUP_026,Rail,374,1.58,459,Critical
SHP_03111,SUP_039,Rail,1754,1.13,947,Critical
SHP_03112,SUP_027,Road,810,19.93,223,Critical
SHP_03113,SUP_005,Rail,1032,1.8,352,Standard
SHP_03114,SUP_046,Air,4310,3.65,705,Low
SHP_03115,SUP_002,Road,691,5.33,429,Standard
SHP_03116,SUP_035,Ocean,6401,1.83,989,Critical
SHP_03117,SUP_007,Rail,452,14.92,331,Low
SHP_03118,SUP_038,Air,6652,2.86,627,Low
SHP_03119,SUP_026,Road,1345,10.92,723,Standard
SHP_03120,SUP_034,Road,696,4.5,546,Standard
SHP_03121,SUP_002,Road,1392,7.98,606,Critical
SHP_03122,SUP_037,Road,1882,4.53,922,Low
SHP_03123,SUP_048,Air,1195,1.61,531,Critical
SHP_03124,SUP_009,Road,637,6.15,672,Low
SHP_03125,SUP_021,Rail,1833,1.37,181,Standard
SHP_03126,SUP_023,Rail,1244,2.11,937,Critical
SHP_03127,SUP_015,Rail,1168,10.36,475,Standard
SHP_03128,SUP_040,Air,4624,3.33,752,Critical
SHP_03129,SUP_020,Ocean,1566,13.02,492,Low
SHP_03130,SUP_006,Ocean,5775,1.92,899,Critical
SHP_03131,SUP_010,Ocean,6219,7.97,488,Low
SHP_03132,SUP_046,Ocean,7235,19.08,232,Critical
SHP_03133,SUP_032,Ocean,2903,7.84,843,Low
SHP_03134,SUP_041,Road,1130,6.09,399,Low
SHP_03135,SUP_019,Road,1175,13.4,344,Low
SHP_03136,SUP_033,Rail,1376,1.14,922,Standard
SHP_03137,SUP_047,Rail,1143,16.65,571,Low
SHP_03138,SUP_002,Rail,772,10.68,712,Low
SHP_03139,SUP_048,Road,1711,3.32,391,Standard
SHP_03140,SUP_014,Air,2898,8.83,526,Standard
SHP_03141,SUP_030,Road,201,2.03,710,Critical
SHP_03142,SUP_036,Ocean,4302,7.12,979,Critical
SHP_03143,SUP_012,Rail,1313,14,225,Critical
SHP_03144,SUP_002,Road,893,17.83,678,Low
SHP_03145,SUP_042,Road,1367,18.54,331,Standard
SHP_03146,SUP_022,Road,1514,9.64,222,Low
SHP_03147,SUP_013,Ocean,1453,13.88,349,Low
SHP_03148,SUP_009,Rail,1382,2.72,770,Standard
SHP_03149,SUP_014,Rail,538,19.14,862,Critical
SHP_03150,SUP_009,Road,1311,2.09,835,Low
SHP_03151,SUP_009,Rail,1462,6.21,736,Standard
SHP_03152,SUP_034,Road,955,13.04,902,Low
SHP_03153,SUP_021,Rail,314,9.21,262,Critical
SHP_03154,SUP_034,Road,1401,9.59,983,Low
SHP_03155,SUP_016,Road,1927,6.54,188,Standard
SHP_03156,SUP_040,Rail,1228,2.44,974,Critical
SHP_03157,SUP_017,Ocean,3090,19.49,489,Low
SHP_03158,SUP_014,Air,4873,6.26,692,Low
SHP_03159,SUP_007,Ocean,4074,3.85,552,Low
SHP_03160,SUP_025,Road,658,6.64,371,Critical
SHP_03161,SUP_012,Road,742,18.66,310,Low
SHP_03162,SUP_016,Air,5032,16.55,544,Low
SHP_03163,SUP_036,Road,1690,6.17,578,Critical
SHP_03164,SUP_029,Road,866,18.94,851,Low
SHP_03165,SUP_047,Air,2003,13.55,165,Critical
SHP_03166,SUP_050,Road,101,9.91,560,Low
SHP_03167,SUP_021,Ocean,5133,15.79,472,Standard
SHP_03168,SUP_037,Air,2676,16.63,488,Low
SHP_03169,SUP_004,Rail,1848,13.33,143,Critical
SHP_03170,SUP_029,Road,146,19.93,726,Critical
SHP_03171,SUP_050,Rail,588,3.49,715,Critical
SHP_03172,SUP_027,Road,1496,15.41,494,Standard
SHP_03173,SUP_009,Road,1046,6.21,150,Standard
SHP_03174,SUP_012,Road,370,4.24,876,Standard
SHP_03175,SUP_036,Air,2489,19.15,109,Low
SHP_03176,SUP_021,Road,1555,6.09,599,Critical
SHP_03177,SUP_047,Rail,568,3.39,715,Standard
SHP_03178,SUP_019,Ocean,3406,8.15,479,Standard
SHP_03179,SUP_025,Ocean,5282,18.86,313,Critical
SHP_03180,SUP_029,Rail,1002,12,484,Critical
SHP_03181,SUP_028,Air,7382,16,148,Low
SHP_03182,SUP_050,Road,1525,12.49,779,Standard
SHP_03183,SUP_031,Road,1937,14.04,432,Critical
SHP_03184,SUP_001,Road,330,14.69,868,Standard
SHP_03185,SUP_016,Road,655,16.17,270,Critical
SHP_03186,SUP_018,Road,423,17.71,258,Low
SHP_03187,SUP_020,Road,248,3.77,811,Low
SHP_03188,SUP_022,Road,506,14.1,518,Low
SHP_03189,SUP_033,Ocean,7657,13.77,825,Low
SHP_03190,SUP_006,Rail,1359,11.96,345,Critical
SHP_03191,SUP_002,Road,1574,5.18,626,Low
SHP_03192,SUP_030,Ocean,6148,18.14,256,Standard
SHP_03193,SUP_001,Ocean,1051,14.68,962,Low
SHP_03194,SUP_042,Road,758,7.27,941,Standard
SHP_03195,SUP_049,Road,601,10.11,180,Low
SHP_03196,SUP_036,Road,812,12.02,446,Low
SHP_03197,SUP_015,Ocean,5341,2.23,242,Low
SHP_03198,SUP_027,Ocean,635,5.82,265,Critical
SHP_03199,SUP_019,Air,1094,1.34,421,Critical
SHP_03200,SUP_003,Road,705,10.03,159,Critical
SHP_03201,SUP_042,Rail,1419,7.06,754,Low
SHP_03202,SUP_019,Road,223,13.65,826,Standard
SHP_03203,SUP_036,Road,487,8.21,594,Critical
SHP_03204,SUP_036,Ocean,4585,2.62,279,Standard
SHP_03205,SUP_036,Rail,954,12.61,478,Low
SHP_03206,SUP_044,Ocean,7615,13.25,803,Low
SHP_03207,SUP_041,Ocean,1640,18.7,824,Standard
SHP_03208,SUP_022,Rail,1829,5.13,496,Low
SHP_03209,SUP_028,Road,305,7.6,286,Standard
SHP_03210,SUP_035,Rail,1917,19.39,365,Standard
SHP_03211,SUP_021,Road,970,17.15,342,Low
SHP_03212,SUP_041,Rail,558,16.66,936,Critical
SHP_03213,SUP_034,Road,1781,9.2,221,Critical
SHP_03214,SUP_030,Rail,1636,12.02,166,Standard
SHP_03215,SUP_003,Road,372,15.68,401,Standard
SHP_03216,SUP_018,Air,2727,7.38,476,Standard
SHP_03217,SUP_043,Road,705,12.37,284,Critical
SHP_03218,SUP_006,Air,6677,15.1,437,Critical
SHP_03219,SUP_006,Rail,1686,10.93,505,Low
SHP_03220,SUP_029,Rail,1576,15.79,562,Critical
SHP_03221,SUP_016,Road,186,13.11,151,Standard
SHP_03222,SUP_001,Road,1156,1.78,371,Low
SHP_03223,SUP_013,Air,6346,9.95,550,Critical
SHP_03224,SUP_047,Air,5804,10.86,387,Low
SHP_03225,SUP_017,Road,1069,13.15,686,Standard
SHP_03226,SUP_029,Ocean,3100,19.23,491,Standard
SHP_03227,SUP_003,Road,841,8.56,136,Standard
SHP_03228,SUP_008,Road,1837,10.74,300,Standard
SHP_03229,SUP_004,Air,3069,17.61,747,Critical
SHP_03230,SUP_042,Road,1010,13.69,550,Critical
SHP_03231,SUP_011,Road,1913,8.9,864,Standard
SHP_03232,SUP_005,Rail,1345,13.98,588,Critical
SHP_03233,SUP_025,Road,820,10.5,561,Standard
SHP_03234,SUP_024,Air,4546,2.7,706,Low
SHP_03235,SUP_049,Road,441,9.89,801,Low
SHP_03236,SUP_020,Road,184,2.15,691,Standard
SHP_03237,SUP_005,Road,1301,7.06,753,Standard
SHP_03238,SUP_005,Ocean,4073,2.67,348,Low
SHP_03239,SUP_037,Rail,589,7.51,531,Low
SHP_03240,SUP_009,Rail,1803,5.03,409,Standard
SHP_03241,SUP_016,Road,1502,11.8,819,Critical
SHP_03242,SUP_017,Road,327,13.22,665,Low
SHP_03243,SUP_030,Road,1407,19.03,781,Standard
SHP_03244,SUP_013,Rail,560,2.56,314,Standard
SHP_03245,SUP_016,Rail,323,3.82,640,Critical
SHP_03246,SUP_012,Road,1069,4.05,721,Low
SHP_03247,SUP_044,Road,1839,13.63,104,Critical
SHP_03248,SUP_030,Road,475,13.15,895,Standard
SHP_03249,SUP_048,Ocean,6288,3.04,521,Low
SHP_03250,SUP_014,Rail,1533,19.45,918,Critical
SHP_03251,SUP_049,Road,1441,3.27,195,Low
SHP_03252,SUP_037,Air,6628,2.99,508,Critical
SHP_03253,SUP_008,Rail,539,7.25,236,Standard
SHP_03254,SUP_011,Air,1025,7.2,549,Standard
SHP_03255,SUP_035,Road,116,19.83,368,Critical
SHP_03256,SUP_038,Air,4948,1.85,820,Low
SHP_03257,SUP_022,Rail,206,16.92,902,Low
SHP_03258,SUP_003,Road,1940,9.35,853,Standard
SHP_03259,SUP_028,Road,1514,12.17,119,Low
SHP_03260,SUP_045,Ocean,6888,1.92,627,Critical
SHP_03261,SUP_002,Road,886,2.96,199,Critical
SHP_03262,SUP_044,Road,944,10.5,134,Standard
SHP_03263,SUP_012,Road,1291,10.24,212,Standard
SHP_03264,SUP_011,Air,3610,5.51,539,Standard
SHP_03265,SUP_019,Rail,297,3.34,147,Standard
SHP_03266,SUP_001,Air,3234,14.73,900,Low
SHP_03267,SUP_035,Road,1930,14.36,181,Low
SHP_03268,SUP_043,Rail,1856,5.58,841,Low
SHP_03269,SUP_021,Rail,877,6.18,488,Low
SHP_03270,SUP_034,Rail,607,13.78,900,Low
SHP_03271,SUP_014,Road,1706,5.04,525,Low
SHP_03272,SUP_017,Air,5074,2.82,483,Low
SHP_03273,SUP_013,Rail,743,17.15,885,Critical
SHP_03274,SUP_032,Road,1334,10.88,405,Standard
SHP_03275,SUP_011,Ocean,1236,13.18,348,Standard
SHP_03276,SUP_032,Ocean,991,19.59,518,Low
SHP_03277,SUP_026,Ocean,2336,17,308,Standard
SHP_03278,SUP_030,Road,1224,15.89,296,Low
SHP_03279,SUP_024,Road,1951,2.04,168,Critical
SHP_03280,SUP_029,Rail,1639,19.49,257,Critical
SHP_03281,SUP_016,Road,869,12.05,392,Critical
SHP_03282,SUP_038,Road,653,10.4,617,Critical
SHP_03283,SUP_020,Ocean,7132,11.16,258,Standard
SHP_03284,SUP_033,Ocean,4202,8.26,830,Standard
SHP_03285,SUP_013,Road,640,7.17,980,Standard
SHP_03286,SUP_010,Air,3050,6.36,214,Standard
SHP_03287,SUP_021,Road,1079,11.81,311,Critical
SHP_03288,SUP_045,Ocean,6231,4.69,852,Critical
SHP_03289,SUP_045,Ocean,2177,2.3,890,Critical
SHP_03290,SUP_031,Road,260,3.85,523,Standard
SHP_03291,SUP_018,Air,2822,1.27,880,Critical
SHP_03292,SUP_049,Ocean,1140,17.21,383,Low
SHP_03293,SUP_037,Road,1741,4.41,622,Low
SHP_03294,SUP_036,Road,575,1.62,971,Critical
SHP_03295,SUP_009,Ocean,5136,1.95,603,Critical
SHP_03296,SUP_004,Air,1659,7.86,108,Standard
SHP_03297,SUP_044,Rail,1404,12.88,217,Low
SHP_03298,SUP_003,Air,7329,7.63,887,Low
SHP_03299,SUP_025,Road,1230,6.5,282,Low
SHP_03300,SUP_035,Ocean,2228,11.8,904,Low
SHP_03301,SUP_013,Road,1462,4.82,763,Standard
SHP_03302,SUP_011,Ocean,2214,4.69,765,Critical
SHP_03303,SUP_050,Rail,1001,1.8,497,Low
SHP_03304,SUP_032,Road,1538,17.32,561,Standard
SHP_03305,SUP_025,Road,447,19.82,787,Low
SHP_03306,SUP_003,Road,957,17.55,803,Critical
SHP_03307,SUP_025,Road,449,3.33,403,Standard
SHP_03308,SUP_007,Air,4604,8.8,164,Low
SHP_03309,SUP_010,Road,1765,5.28,107,Low
SHP_03310,SUP_008,Road,1785,2.05,962,Critical
SHP_03311,SUP_044,Rail,323,2.66,347,Standard
SHP_03312,SUP_028,Rail,265,15.18,130,Low
SHP_03313,SUP_018,Rail,932,18.99,933,Critical
SHP_03314,SUP_006,Air,1757,13.28,237,Critical
SHP_03315,SUP_015,Road,638,11.42,407,Critical
SHP_03316,SUP_033,Rail,1160,16.18,574,Low
SHP_03317,SUP_004,Road,1563,1.62,342,Critical
SHP_03318,SUP_020,Air,6494,3.57,167,Low
SHP_03319,SUP_007,Ocean,4387,13.45,784,Standard
SHP_03320,SUP_050,Rail,1613,10.88,694,Low
SHP_03321,SUP_006,Road,372,15.89,584,Low
SHP_03322,SUP_001,Air,4710,10.94,901,Critical
SHP_03323,SUP_003,Rail,271,17.39,831,Low
SHP_03324,SUP_020,Rail,1914,8.82,951,Critical
SHP_03325,SUP_019,Rail,323,1.49,721,Critical
SHP_03326,SUP_031,Rail,1078,15.77,600,Low
SHP_03327,SUP_019,Ocean,6550,1.53,310,Low
SHP_03328,SUP_029,Road,1664,14.67,959,Low
SHP_03329,SUP_024,Air,1986,12.08,241,Critical
SHP_03330,SUP_023,Rail,435,5.04,863,Critical
SHP_03331,SUP_049,Rail,1659,9.89,515,Standard
SHP_03332,SUP_047,Rail,984,14.8,345,Standard
SHP_03333,SUP_002,Road,1764,14.05,246,Standard
SHP_03334,SUP_023,Road,1093,11.49,334,Critical
SHP_03335,SUP_004,Ocean,4359,8.72,216,Low
SHP_03336,SUP_009,Rail,1915,4.29,716,Low
SHP_03337,SUP_030,Ocean,7061,4.42,732,Standard
SHP_03338,SUP_008,Rail,181,2.67,578,Critical
SHP_03339,SUP_008,Rail,261,13.38,674,Critical
SHP_03340,SUP_017,Rail,1723,4.23,431,Critical
SHP_03341,SUP_015,Ocean,2779,19.97,625,Low
SHP_03342,SUP_047,Rail,1443,12.38,169,Low
SHP_03343,SUP_043,Rail,1957,13.82,273,Low
SHP_03344,SUP_024,Road,1994,6.53,852,Critical
SHP_03345,SUP_036,Road,761,15.71,905,Standard
SHP_03346,SUP_050,Rail,388,7.27,179,Low
SHP_03347,SUP_014,Road,1204,2.91,710,Low
SHP_03348,SUP_048,Road,1101,2.86,682,Standard
SHP_03349,SUP_013,Road,1799,15.38,741,Low
SHP_03350,SUP_040,Road,456,11.76,377,Critical
SHP_03351,SUP_036,Road,231,5.19,300,Standard
SHP_03352,SUP_031,Road,1904,9.54,581,Standard
SHP_03353,SUP_019,Ocean,2700,13.64,325,Standard
SHP_03354,SUP_020,Road,1499,5.45,161,Low
SHP_03355,SUP_045,Road,822,1.38,721,Standard
SHP_03356,SUP_025,Air,4098,3.95,430,Standard
SHP_03357,SUP_004,Rail,870,3.14,904,Critical
SHP_03358,SUP_006,Road,1753,9.22,490,Low
SHP_03359,SUP_044,Ocean,6622,9.32,985,Standard
SHP_03360,SUP_045,Rail,1346,3.29,798,Standard
SHP_03361,SUP_029,Rail,1699,1.21,296,Critical
SHP_03362,SUP_011,Road,744,7.57,477,Critical
SHP_03363,SUP_018,Rail,490,4.58,938,Critical
SHP_03364,SUP_048,Road,482,11.13,219,Low
SHP_03365,SUP_018,Ocean,4440,14.95,385,Low
SHP_03366,SUP_031,Rail,678,12.23,445,Critical
SHP_03367,SUP_001,Road,496,11.96,161,Low
SHP_03368,SUP_040,Road,1122,16.67,895,Standard
SHP_03369,SUP_011,Road,1304,5.58,463,Critical
SHP_03370,SUP_020,Rail,1535,15.02,726,Standard
SHP_03371,SUP_002,Road,1543,16.29,538,Critical
SHP_03372,SUP_012,Rail,176,17.26,439,Low
SHP_03373,SUP_002,Road,404,9.76,888,Standard
SHP_03374,SUP_001,Rail,671,10.24,932,Standard
SHP_03375,SUP_048,Ocean,3760,6.11,902,Standard
SHP_03376,SUP_022,Rail,1159,2.55,968,Low
SHP_03377,SUP_042,Rail,1341,1.31,461,Standard
SHP_03378,SUP_040,Road,760,10.95,789,Critical
SHP_03379,SUP_018,Air,4509,11.41,351,Low
SHP_03380,SUP_034,Rail,1984,16.78,732,Standard
SHP_03381,SUP_035,Road,842,17.93,448,Low
SHP_03382,SUP_027,Road,1287,5.97,613,Standard
SHP_03383,SUP_049,Air,4401,12.17,277,Critical
SHP_03384,SUP_050,Road,1011,18.98,340,Low
SHP_03385,SUP_009,Air,4732,4.13,666,Critical
SHP_03386,SUP_022,Ocean,1224,17.18,116,Low
SHP_03387,SUP_031,Road,188,5.36,559,Standard
SHP_03388,SUP_020,Rail,853,18.86,442,Standard
SHP_03389,SUP_043,Air,3826,18.44,767,Standard
SHP_03390,SUP_034,Rail,198,10.26,284,Low
SHP_03391,SUP_027,Road,1007,12.31,495,Standard
SHP_03392,SUP_027,Ocean,7337,3.96,261,Critical
SHP_03393,SUP_004,Ocean,7957,6.61,524,Standard
SHP_03394,SUP_021,Road,1193,12.09,412,Critical
SHP_03395,SUP_035,Ocean,5813,2.74,530,Low
SHP_03396,SUP_029,Ocean,7907,16.75,439,Standard
SHP_03397,SUP_026,Ocean,1555,11.24,115,Standard
SHP_03398,SUP_041,Ocean,1073,6.64,423,Low
SHP_03399,SUP_042,Road,1477,19.57,258,Standard
SHP_03400,SUP_043,Rail,761,6.8,141,Low
SHP_03401,SUP_020,Air,3181,2.97,750,Standard
SHP_03402,SUP_031,Air,4710,3.53,963,Low
SHP_03403,SUP_047,Ocean,5003,19.5,204,Low
SHP_03404,SUP_028,Road,913,11.4,987,Standard
SHP_03405,SUP_024,Rail,619,16.81,361,Low
SHP_03406,SUP_027,Ocean,6228,19.16,722,Critical
SHP_03407,SUP_012,Ocean,6009,13.13,625,Low
SHP_03408,SUP_028,Ocean,797,15.75,978,Standard
SHP_03409,SUP_029,Road,806,14.81,291,Standard
SHP_03410,SUP_038,Air,7394,10.93,682,Critical
SHP_03411,SUP_003,Road,469,8.87,583,Critical
SHP_03412,SUP_022,Air,2880,9.49,296,Low
SHP_03413,SUP_019,Air,4965,12,368,Low
SHP_03414,SUP_046,Road,110,3.16,268,Low
SHP_03415,SUP_025,Rail,448,5.77,176,Critical
SHP_03416,SUP_028,Rail,1850,4.46,722,Low
SHP_03417,SUP_025,Road,1130,6.55,941,Critical
SHP_03418,SUP_045,Rail,1712,5.86,651,Low
SHP_03419,SUP_005,Road,1515,2.17,855,Standard
SHP_03420,SUP_034,Air,1111,5.76,651,Critical
SHP_03421,SUP_017,Rail,994,1.11,514,Critical
SHP_03422,SUP_011,Rail,1961,4.07,604,Critical
SHP_03423,SUP_038,Rail,502,18.17,361,Critical
SHP_03424,SUP_032,Air,7554,17.56,453,Standard
SHP_03425,SUP_029,Ocean,5383,3.67,565,Critical
SHP_03426,SUP_036,Rail,866,5.08,734,Critical
SHP_03427,SUP_008,Rail,867,8.37,146,Critical
SHP_03428,SUP_016,Rail,1393,6.28,229,Low
SHP_03429,SUP_005,Ocean,1474,5.07,233,Low
SHP_03430,SUP_007,Rail,1680,12.15,102,Low
SHP_03431,SUP_034,Rail,811,10.29,682,Critical
SHP_03432,SUP_050,Ocean,2240,7.65,238,Critical
SHP_03433,SUP_037,Rail,1308,14.27,190,Standard
SHP_03434,SUP_020,Road,847,16.4,287,Low
SHP_03435,SUP_010,Rail,810,18.98,484,Low
SHP_03436,SUP_032,Road,1260,14.01,298,Low
SHP_03437,SUP_045,Road,479,9.22,792,Standard
SHP_03438,SUP_011,Rail,959,6.79,738,Critical
SHP_03439,SUP_031,Ocean,5681,14.46,292,Standard
SHP_03440,SUP_002,Ocean,5088,19.08,413,Standard
SHP_03441,SUP_046,Road,1455,17.13,709,Critical
SHP_03442,SUP_005,Road,1690,5.35,268,Low
SHP_03443,SUP_010,Road,1776,1.49,363,Low
SHP_03444,SUP_019,Ocean,5791,5.07,750,Standard
SHP_03445,SUP_011,Ocean,3152,7.14,727,Standard
SHP_03446,SUP_014,Rail,312,13.17,750,Standard
SHP_03447,SUP_047,Ocean,6574,3.69,664,Standard
SHP_03448,SUP_048,Rail,1080,14.95,264,Critical
SHP_03449,SUP_010,Rail,1668,16.83,632,Standard
SHP_03450,SUP_035,Air,6344,4.89,904,Standard
SHP_03451,SUP_018,Road,1187,3.79,323,Low
SHP_03452,SUP_035,Rail,170,15.95,334,Low
SHP_03453,SUP_041,Rail,1050,19.47,578,Standard
SHP_03454,SUP_049,Road,362,19.22,881,Low
SHP_03455,SUP_039,Ocean,4889,17.93,373,Low
SHP_03456,SUP_026,Road,459,12.35,370,Standard
SHP_03457,SUP_016,Road,219,13.16,952,Critical
SHP_03458,SUP_013,Rail,1198,6.13,320,Low
SHP_03459,SUP_030,Rail,434,13.78,100,Critical
SHP_03460,SUP_017,Rail,928,3.23,288,Low
SHP_03461,SUP_041,Road,1888,15.98,293,Standard
SHP_03462,SUP_004,Road,483,10.5,692,Standard
SHP_03463,SUP_014,Rail,1306,3.29,524,Low
SHP_03464,SUP_004,Rail,1074,2.43,363,Standard
SHP_03465,SUP_037,Road,1904,19.55,664,Standard
SHP_03466,SUP_047,Rail,579,19.41,848,Critical
SHP_03467,SUP_020,Road,610,11.06,355,Critical
SHP_03468,SUP_041,Rail,1523,1.07,556,Low
SHP_03469,SUP_039,Ocean,4130,12.52,818,Low
SHP_03470,SUP_030,Road,1635,8.82,455,Standard
SHP_03471,SUP_040,Air,4286,7.08,283,Low
SHP_03472,SUP_049,Rail,1870,9.43,476,Critical
SHP_03473,SUP_048,Rail,517,9.69,431,Low
SHP_03474,SUP_029,Rail,1847,11.89,866,Standard
SHP_03475,SUP_042,Ocean,7381,4.04,554,Low
SHP_03476,SUP_007,Ocean,1849,14.59,171,Critical
SHP_03477,SUP_040,Ocean,4191,9.25,372,Standard
SHP_03478,SUP_036,Road,1034,10.13,897,Low
SHP_03479,SUP_022,Road,254,15.28,248,Standard
SHP_03480,SUP_044,Road,1664,17.14,845,Standard
SHP_03481,SUP_012,Road,1893,1.7,995,Low
SHP_03482,SUP_049,Rail,527,1.34,122,Critical
SHP_03483,SUP_032,Road,1103,15.62,961,Critical
SHP_03484,SUP_002,Ocean,6389,9.3,875,Critical
SHP_03485,SUP_021,Rail,1376,14.79,664,Low
SHP_03486,SUP_048,Rail,1612,2.1,256,Critical
SHP_03487,SUP_017,Road,1248,15,636,Critical
SHP_03488,SUP_015,Air,3715,12.28,341,Standard
SHP_03489,SUP_028,Air,768,19.25,487,Low
SHP_03490,SUP_021,Road,1771,14.56,217,Critical
SHP_03491,SUP_004,Air,4737,15.72,545,Standard
SHP_03492,SUP_010,Rail,468,4.7,538,Standard
SHP_03493,SUP_005,Ocean,6436,13.62,220,Standard
SHP_03494,SUP_041,Ocean,2782,1.81,185,Critical
SHP_03495,SUP_003,Rail,1848,15.34,296,Critical
SHP_03496,SUP_018,Road,1532,5.62,710,Critical
SHP_03497,SUP_030,Ocean,7362,3.09,534,Standard
SHP_03498,SUP_044,Ocean,5895,9.14,519,Standard
SHP_03499,SUP_044,Road,712,4.65,439,Low
SHP_03500,SUP_020,Rail,1982,3.88,599,Low
SHP_03501,SUP_019,Road,1124,13.23,578,Critical
SHP_03502,SUP_022,Ocean,4976,13.91,883,Standard
SHP_03503,SUP_029,Ocean,916,7.99,389,Standard
SHP_03504,SUP_044,Air,810,11,868,Low
SHP_03505,SUP_016,Ocean,5951,17.86,979,Critical
SHP_03506,SUP_040,Rail,193,11.38,323,Critical
SHP_03507,SUP_005,Ocean,4358,3.99,769,Critical
SHP_03508,SUP_019,Road,1420,19.8,678,Critical
SHP_03509,SUP_030,Ocean,4147,14.73,974,Standard
SHP_03510,SUP_017,Air,6643,7.52,931,Critical
SHP_03511,SUP_042,Road,1934,18.68,307,Low
SHP_03512,SUP_007,Air,6761,15.38,964,Standard
SHP_03513,SUP_046,Ocean,2863,8.85,259,Critical
SHP_03514,SUP_042,Ocean,4742,19.24,360,Critical
SHP_03515,SUP_032,Ocean,7634,1.61,375,Standard
SHP_03516,SUP_047,Ocean,593,8.2,421,Critical
SHP_03517,SUP_003,Air,3947,2.68,861,Critical
SHP_03518,SUP_002,Road,435,15.07,163,Low
SHP_03519,SUP_003,Air,5272,11.03,736,Low
SHP_03520,SUP_042,Road,463,11.89,977,Standard
SHP_03521,SUP_043,Road,1626,6.63,664,Critical
SHP_03522,SUP_025,Road,300,16.63,266,Critical
SHP_03523,SUP_025,Road,893,10.51,330,Standard
SHP_03524,SUP_029,Air,4381,8.25,209,Standard
SHP_03525,SUP_018,Road,449,3.73,411,Critical
SHP_03526,SUP_045,Air,2517,9.21,537,Critical
SHP_03527,SUP_028,Ocean,7083,16.77,994,Critical
SHP_03528,SUP_019,Rail,801,3.48,635,Critical
SHP_03529,SUP_010,Ocean,2328,19.01,448,Critical
SHP_03530,SUP_022,Road,1600,15.84,186,Standard
SHP_03531,SUP_012,Road,1040,19.58,931,Standard
SHP_03532,SUP_008,Rail,901,11.77,835,Standard
SHP_03533,SUP_032,Road,1183,9.44,503,Low
SHP_03534,SUP_044,Road,1862,19.38,273,Standard
SHP_03535,SUP_025,Road,1306,16.09,746,Low
SHP_03536,SUP_009,Air,7973,5.62,704,Critical
SHP_03537,SUP_036,Road,1800,16.24,374,Critical
SHP_03538,SUP_028,Road,1675,18.44,962,Standard
SHP_03539,SUP_010,Rail,296,11.54,499,Critical
SHP_03540,SUP_002,Air,1067,9.87,453,Low
SHP_03541,SUP_037,Road,692,6.28,316,Critical
SHP_03542,SUP_050,Ocean,1198,4.58,998,Low
SHP_03543,SUP_016,Air,6277,18.06,821,Standard
SHP_03544,SUP_041,Road,1277,4.04,824,Critical
SHP_03545,SUP_004,Ocean,1304,18.26,710,Low
SHP_03546,SUP_041,Road,1094,18.88,758,Critical
SHP_03547,SUP_038,Air,3217,4.37,510,Standard
SHP_03548,SUP_032,Road,573,17.13,342,Standard
SHP_03549,SUP_037,Road,1298,1.98,498,Low
SHP_03550,SUP_019,Rail,1227,9.93,167,Critical
SHP_03551,SUP_018,Ocean,3849,18.64,231,Standard
SHP_03552,SUP_016,Air,1050,9.14,346,Low
SHP_03553,SUP_013,Rail,418,12.48,237,Critical
SHP_03554,SUP_014,Road,215,5.45,861,Critical
SHP_03555,SUP_024,Air,3921,3.21,230,Low
SHP_03556,SUP_004,Rail,1572,11.5,209,Low
SHP_03557,SUP_010,Road,1231,8.23,571,Low
SHP_03558,SUP_020,Road,424,19.71,838,Low
SHP_03559,SUP_041,Air,5756,2.36,793,Low
SHP_03560,SUP_022,Road,275,4.39,728,Standard
SHP_03561,SUP_033,Road,291,2.6,717,Critical
SHP_03562,SUP_045,Ocean,3304,7.07,287,Low
SHP_03563,SUP_008,Air,7557,10.01,824,Critical
SHP_03564,SUP_038,Road,307,12.23,671,Standard
SHP_03565,SUP_001,Road,352,16.12,330,Critical
SHP_03566,SUP_018,Rail,421,6.86,558,Critical
SHP_03567,SUP_033,Rail,498,1.72,248,Critical
SHP_03568,SUP_010,Rail,1108,12.51,177,Critical
SHP_03569,SUP_009,Rail,1065,19.12,760,Critical
SHP_03570,SUP_029,Ocean,1964,15.75,283,Standard
SHP_03571,SUP_017,Road,894,13.1,861,Standard
SHP_03572,SUP_004,Road,561,15.8,492,Critical
SHP_03573,SUP_017,Ocean,6493,9.26,325,Critical
SHP_03574,SUP_012,Ocean,2195,18.34,480,Low
SHP_03575,SUP_039,Ocean,7525,17.4,774,Critical
SHP_03576,SUP_011,Road,1756,12.49,304,Low
SHP_03577,SUP_039,Road,1041,19.29,650,Critical
SHP_03578,SUP_038,Road,537,16.79,904,Critical
SHP_03579,SUP_016,Rail,1572,13.37,893,Low
SHP_03580,SUP_035,Road,581,12.33,804,Low
SHP_03581,SUP_040,Road,856,11.58,642,Low
SHP_03582,SUP_046,Ocean,6771,8.07,265,Critical
SHP_03583,SUP_029,Road,188,4.38,887,Low
SHP_03584,SUP_009,Ocean,3788,18.37,287,Critical
SHP_03585,SUP_048,Road,1340,14.1,261,Low
SHP_03586,SUP_031,Road,677,12.98,786,Low
SHP_03587,SUP_039,Road,1513,18.14,237,Critical
SHP_03588,SUP_033,Rail,1615,19.11,303,Standard
SHP_03589,SUP_003,Air,4145,18.31,541,Standard
SHP_03590,SUP_007,Road,1983,12.82,215,Low
SHP_03591,SUP_012,Ocean,7419,3.5,662,Critical
SHP_03592,SUP_010,Road,1779,1.06,734,Low
SHP_03593,SUP_048,Rail,1693,10.26,837,Low
SHP_03594,SUP_043,Rail,924,16.6,198,Low
SHP_03595,SUP_030,Road,240,6.38,419,Critical
SHP_03596,SUP_032,Rail,503,6.03,704,Standard
SHP_03597,SUP_017,Road,1115,17.26,638,Standard
SHP_03598,SUP_001,Rail,1011,2.46,599,Low
SHP_03599,SUP_050,Road,1540,15.08,562,Low
SHP_03600,SUP_022,Rail,311,9.68,483,Low
SHP_03601,SUP_009,Air,4490,19.85,178,Standard
SHP_03602,SUP_031,Rail,1342,15.05,440,Critical
SHP_03603,SUP_014,Road,384,4.04,215,Critical
SHP_03604,SUP_027,Road,502,12.88,590,Low
SHP_03605,SUP_025,Road,834,5.24,602,Critical
SHP_03606,SUP_018,Road,874,13.23,394,Standard
SHP_03607,SUP_049,Ocean,3447,4.97,602,Low
SHP_03608,SUP_012,Road,1685,12.34,408,Low
SHP_03609,SUP_013,Ocean,1963,1.09,356,Low
SHP_03610,SUP_018,Ocean,3168,6.84,138,Standard
SHP_03611,SUP_002,Rail,1514,2.91,554,Critical
SHP_03612,SUP_034,Air,6446,15.73,878,Low
SHP_03613,SUP_017,Road,1018,13.79,524,Standard
SHP_03614,SUP_012,Rail,1651,11.57,991,Critical
SHP_03615,SUP_014,Road,252,19.97,720,Low
SHP_03616,SUP_046,Air,2620,14.67,980,Low
SHP_03617,SUP_034,Rail,412,16.96,831,Critical
SHP_03618,SUP_042,Ocean,3504,19.88,932,Low
SHP_03619,SUP_023,Rail,1909,12.59,145,Standard
SHP_03620,SUP_022,Road,1591,8.21,811,Low
SHP_03621,SUP_038,Rail,890,7.62,418,Standard
SHP_03622,SUP_034,Road,363,13.83,126,Critical
SHP_03623,SUP_049,Road,1264,7.6,115,Low
SHP_03624,SUP_014,Ocean,5394,16,739,Critical
SHP_03625,SUP_010,Road,239,19.06,808,Standard
SHP_03626,SUP_030,Road,1885,12.07,914,Low
SHP_03627,SUP_036,Air,7015,3.1,973,Low
SHP_03628,SUP_002,Ocean,3171,3.11,508,Standard
SHP_03629,SUP_042,Rail,1372,13.52,490,Critical
SHP_03630,SUP_044,Rail,1642,15.54,585,Critical
SHP_03631,SUP_041,Rail,191,10.13,237,Standard
SHP_03632,SUP_021,Road,262,11.69,175,Critical
SHP_03633,SUP_046,Road,327,4.42,770,Critical
SHP_03634,SUP_021,Road,981,18.36,375,Low
SHP_03635,SUP_046,Air,7594,15.25,773,Critical
SHP_03636,SUP_045,Road,481,7.69,635,Standard
SHP_03637,SUP_022,Ocean,6521,16.85,459,Standard
SHP_03638,SUP_044,Air,5361,15.74,201,Low
SHP_03639,SUP_018,Road,1746,13.68,599,Critical
SHP_03640,SUP_015,Road,170,11.5,129,Low
SHP_03641,SUP_043,Road,271,1.89,706,Standard
SHP_03642,SUP_026,Ocean,6802,16.15,895,Critical
SHP_03643,SUP_042,Road,1565,12.3,299,Critical
SHP_03644,SUP_045,Road,544,15.04,367,Low
SHP_03645,SUP_009,Rail,168,16.53,292,Critical
SHP_03646,SUP_009,Road,1930,9.07,215,Standard
SHP_03647,SUP_008,Road,1601,14.9,148,Standard
SHP_03648,SUP_036,Road,1878,4.42,728,Standard
SHP_03649,SUP_016,Rail,235,16.64,112,Low
SHP_03650,SUP_003,Ocean,2605,8.58,847,Standard
SHP_03651,SUP_003,Rail,997,14.52,978,Critical
SHP_03652,SUP_034,Road,1539,17.16,127,Standard
SHP_03653,SUP_050,Ocean,2293,18.54,203,Critical
SHP_03654,SUP_044,Road,961,14.78,961,Standard
SHP_03655,SUP_035,Air,5268,11.84,776,Low
SHP_03656,SUP_040,Road,1501,14.25,310,Low
SHP_03657,SUP_014,Road,353,16.54,599,Standard
SHP_03658,SUP_019,Road,321,17.42,219,Standard
SHP_03659,SUP_041,Rail,655,17.84,527,Standard
SHP_03660,SUP_015,Ocean,7593,7.74,218,Low
SHP_03661,SUP_006,Road,1464,10.43,140,Low
SHP_03662,SUP_001,Road,1779,5.76,622,Standard
SHP_03663,SUP_002,Air,3748,7.32,304,Low
SHP_03664,SUP_022,Air,3047,1.53,649,Critical
SHP_03665,SUP_022,Rail,682,10.95,793,Critical
SHP_03666,SUP_027,Road,233,7.16,701,Low
SHP_03667,SUP_008,Ocean,2935,19.67,853,Critical
SHP_03668,SUP_043,Road,710,11.45,523,Low
SHP_03669,SUP_001,Air,7322,10.65,501,Standard
SHP_03670,SUP_008,Road,1831,11.21,717,Critical
SHP_03671,SUP_001,Road,210,19.05,411,Critical
SHP_03672,SUP_030,Air,4275,15.35,382,Critical
SHP_03673,SUP_016,Rail,924,14.5,940,Standard
SHP_03674,SUP_007,Air,6694,7.72,445,Standard
SHP_03675,SUP_039,Rail,1945,17.77,505,Critical
SHP_03676,SUP_043,Road,1994,16.78,353,Low
SHP_03677,SUP_035,Road,1180,4.1,562,Critical
SHP_03678,SUP_045,Road,1007,4.19,612,Standard
SHP_03679,SUP_007,Ocean,7747,18.73,649,Low
SHP_03680,SUP_046,Road,256,4.36,733,Standard
SHP_03681,SUP_013,Rail,749,14.47,239,Standard
SHP_03682,SUP_022,Air,4236,6.52,643,Low
SHP_03683,SUP_049,Rail,230,9.99,372,Standard
SHP_03684,SUP_021,Road,1723,14.78,267,Low
SHP_03685,SUP_037,Rail,699,18.83,855,Low
SHP_03686,SUP_007,Rail,585,4.97,263,Standard
SHP_03687,SUP_023,Ocean,3759,2.84,991,Critical
SHP_03688,SUP_026,Road,356,3.73,516,Standard
SHP_03689,SUP_019,Air,1411,13.14,950,Low
SHP_03690,SUP_009,Air,7590,8.72,902,Low
SHP_03691,SUP_013,Ocean,2829,15.86,658,Critical
SHP_03692,SUP_040,Road,846,10.78,219,Standard
SHP_03693,SUP_026,Rail,595,8.39,657,Standard
SHP_03694,SUP_035,Road,1979,18.43,151,Critical
SHP_03695,SUP_029,Road,934,17.35,265,Standard
SHP_03696,SUP_047,Air,865,4.69,509,Critical
SHP_03697,SUP_049,Ocean,5034,19.85,122,Low
SHP_03698,SUP_048,Rail,1211,3.68,760,Critical
SHP_03699,SUP_026,Ocean,2928,13.32,753,Critical
SHP_03700,SUP_005,Road,414,8.04,504,Low
SHP_03701,SUP_036,Rail,1716,17.34,566,Critical
SHP_03702,SUP_026,Rail,1901,3.35,133,Standard
SHP_03703,SUP_019,Road,1497,1.93,405,Low
SHP_03704,SUP_027,Ocean,7540,14.78,651,Low
SHP_03705,SUP_043,Ocean,3218,11.07,425,Standard
SHP_03706,SUP_048,Ocean,3820,3.07,260,Critical
SHP_03707,SUP_040,Rail,1442,15.46,1000,Critical
SHP_03708,SUP_010,Road,491,14.03,852,Standard
SHP_03709,SUP_006,Road,1944,12.96,247,Low
SHP_03710,SUP_015,Ocean,2111,9.08,382,Low
SHP_03711,SUP_007,Air,3534,10.64,678,Standard
SHP_03712,SUP_029,Rail,885,12.58,552,Standard
SHP_03713,SUP_022,Rail,257,7.86,688,Low
SHP_03714,SUP_014,Rail,1536,19.66,120,Standard
SHP_03715,SUP_007,Ocean,5990,14.91,539,Critical
SHP_03716,SUP_017,Road,1982,17.87,442,Critical
SHP_03717,SUP_004,Road,1472,2.52,369,Critical
SHP_03718,SUP_015,Air,3515,16.91,978,Low
SHP_03719,SUP_044,Road,1252,9.92,337,Critical
SHP_03720,SUP_046,Road,1374,7.35,356,Standard
SHP_03721,SUP_045,Road,1113,10.65,857,Low
SHP_03722,SUP_043,Ocean,1116,9.3,799,Low
SHP_03723,SUP_022,Ocean,4167,14.88,595,Standard
SHP_03724,SUP_028,Road,1504,5.12,744,Critical
SHP_03725,SUP_014,Road,1092,4.51,231,Low
SHP_03726,SUP_021,Ocean,2277,17.68,797,Standard
SHP_03727,SUP_007,Air,6861,16.72,372,Critical
SHP_03728,SUP_048,Air,5665,5.4,918,Standard
SHP_03729,SUP_012,Road,179,8.85,927,Critical
SHP_03730,SUP_038,Rail,880,15.41,781,Standard
SHP_03731,SUP_023,Road,139,10.87,307,Low
SHP_03732,SUP_047,Ocean,7470,11.07,555,Critical
SHP_03733,SUP_019,Road,772,14.61,929,Low
SHP_03734,SUP_007,Road,1668,3.55,224,Low
SHP_03735,SUP_003,Road,909,13.88,628,Critical
SHP_03736,SUP_019,Road,104,8.32,523,Critical
SHP_03737,SUP_018,Rail,1083,1.67,657,Standard
SHP_03738,SUP_031,Rail,1625,6.14,831,Critical
SHP_03739,SUP_002,Rail,463,1.55,242,Low
SHP_03740,SUP_024,Rail,1069,11.81,665,Low
SHP_03741,SUP_008,Ocean,2590,8.52,342,Standard
SHP_03742,SUP_047,Ocean,2340,7.5,353,Low
SHP_03743,SUP_016,Rail,817,9.45,738,Standard
SHP_03744,SUP_029,Air,5306,15.34,886,Low
SHP_03745,SUP_017,Air,7509,3.6,227,Low
SHP_03746,SUP_045,Road,1584,14.15,307,Standard
SHP_03747,SUP_024,Rail,781,1.61,365,Low
SHP_03748,SUP_048,Road,473,12.86,149,Standard
SHP_03749,SUP_032,Road,268,15.34,131,Low
SHP_03750,SUP_002,Ocean,2558,6.52,433,Standard
SHP_03751,SUP_001,Ocean,7234,4.91,961,Low
SHP_03752,SUP_015,Ocean,5492,14.99,208,Low
SHP_03753,SUP_045,Road,530,10.6,587,Low
SHP_03754,SUP_003,Rail,1885,16.15,439,Standard
SHP_03755,SUP_026,Road,1716,15.27,970,Standard
SHP_03756,SUP_009,Road,904,5.16,974,Critical
SHP_03757,SUP_012,Road,232,17.16,144,Standard
SHP_03758,SUP_045,Road,1194,8.29,235,Critical
SHP_03759,SUP_036,Road,474,12.7,432,Critical
SHP_03760,SUP_016,Ocean,6073,18.52,811,Critical
SHP_03761,SUP_002,Air,4282,2.21,700,Standard
SHP_03762,SUP_029,Rail,1309,5.91,217,Standard
SHP_03763,SUP_047,Road,374,4.92,424,Standard
SHP_03764,SUP_046,Road,392,3.69,382,Critical
SHP_03765,SUP_008,Road,1149,3.65,631,Critical
SHP_03766,SUP_008,Road,1681,12.98,453,Standard
SHP_03767,SUP_036,Rail,136,13.33,672,Critical
SHP_03768,SUP_007,Road,1363,4.24,943,Low
SHP_03769,SUP_046,Road,887,2.94,594,Standard
SHP_03770,SUP_048,Air,6866,15.83,981,Critical
SHP_03771,SUP_008,Road,413,9.34,373,Low
SHP_03772,SUP_007,Ocean,2547,9.24,163,Critical
SHP_03773,SUP_004,Road,1084,6.16,314,Critical
SHP_03774,SUP_022,Rail,1287,10.27,389,Critical
SHP_03775,SUP_024,Rail,123,7.83,918,Critical
SHP_03776,SUP_019,Ocean,7749,13.73,891,Low
SHP_03777,SUP_043,Ocean,7054,4.21,163,Standard
SHP_03778,SUP_046,Rail,474,14.25,235,Standard
SHP_03779,SUP_003,Rail,1527,11.71,748,Critical
SHP_03780,SUP_037,Ocean,4332,6.72,612,Standard
SHP_03781,SUP_011,Road,1003,5.21,302,Critical
SHP_03782,SUP_028,Road,108,7.68,905,Critical
SHP_03783,SUP_029,Air,511,7.42,352,Low
SHP_03784,SUP_034,Ocean,7961,12.99,397,Critical
SHP_03785,SUP_014,Ocean,3003,17.19,666,Low
SHP_03786,SUP_023,Air,3008,11.79,140,Standard
SHP_03787,SUP_023,Rail,887,11.34,869,Low
SHP_03788,SUP_010,Road,1686,12.15,688,Low
SHP_03789,SUP_035,Air,960,17.69,731,Critical
SHP_03790,SUP_034,Ocean,5942,3.96,352,Standard
SHP_03791,SUP_043,Road,178,13.36,886,Critical
SHP_03792,SUP_049,Air,6667,5.92,613,Critical
SHP_03793,SUP_048,Rail,1623,8.3,724,Critical
SHP_03794,SUP_050,Rail,1359,2.31,488,Standard
SHP_03795,SUP_006,Air,5982,17.23,163,Standard
SHP_03796,SUP_046,Rail,1605,12.78,438,Standard
SHP_03797,SUP_032,Road,745,16.47,670,Low
SHP_03798,SUP_027,Air,2023,4.98,877,Standard
SHP_03799,SUP_020,Road,1084,15.29,276,Low
SHP_03800,SUP_025,Rail,1728,2.42,750,Critical
SHP_03801,SUP_018,Road,1799,7.93,143,Low
SHP_03802,SUP_026,Ocean,541,3.65,576,Critical
SHP_03803,SUP_025,Ocean,6406,4.66,461,Low
SHP_03804,SUP_036,Ocean,4516,19.23,781,Critical
SHP_03805,SUP_004,Road,726,2.94,745,Low
SHP_03806,SUP_018,Ocean,7818,10.97,378,Standard
SHP_03807,SUP_041,Road,1317,5.07,924,Critical
SHP_03808,SUP_003,Road,1434,12.96,427,Critical
SHP_03809,SUP_048,Air,2451,1.8,809,Low
SHP_03810,SUP_048,Air,3494,6.84,685,Critical
SHP_03811,SUP_013,Rail,665,1.14,910,Standard
SHP_03812,SUP_002,Road,400,19.64,116,Low
SHP_03813,SUP_039,Road,1234,19.86,648,Low
SHP_03814,SUP_001,Rail,1376,2.83,420,Low
SHP_03815,SUP_040,Road,741,15.53,885,Low
SHP_03816,SUP_031,Rail,1552,6.87,694,Critical
SHP_03817,SUP_043,Road,416,5.48,779,Critical
SHP_03818,SUP_038,Ocean,6585,3.35,893,Low
SHP_03819,SUP_041,Ocean,7184,17.24,483,Standard
SHP_03820,SUP_037,Road,803,12.12,472,Low
SHP_03821,SUP_029,Road,797,14.17,154,Low
SHP_03822,SUP_015,Road,1742,3.74,720,Critical
SHP_03823,SUP_025,Ocean,2434,17.35,916,Critical
SHP_03824,SUP_001,Road,948,8.66,291,Low
SHP_03825,SUP_018,Road,847,18.81,308,Standard
SHP_03826,SUP_040,Air,3551,1.61,679,Low
SHP_03827,SUP_012,Road,1917,4.69,521,Low
SHP_03828,SUP_044,Road,1275,14.22,797,Standard
SHP_03829,SUP_037,Ocean,6217,3.51,254,Critical
SHP_03830,SUP_025,Road,570,4.62,735,Standard
SHP_03831,SUP_013,Road,137,11.57,228,Standard
SHP_03832,SUP_019,Ocean,4938,4.54,277,Low
SHP_03833,SUP_036,Ocean,6563,18,908,Critical
SHP_03834,SUP_045,Road,769,9.85,177,Critical
SHP_03835,SUP_001,Road,624,8.12,536,Critical
SHP_03836,SUP_033,Road,445,8.35,167,Low
SHP_03837,SUP_033,Ocean,6385,18.54,162,Standard
SHP_03838,SUP_029,Air,4578,8.84,846,Critical
SHP_03839,SUP_020,Ocean,7901,9.92,136,Low
SHP_03840,SUP_035,Rail,1219,13.93,468,Low
SHP_03841,SUP_002,Road,706,6.2,977,Standard
SHP_03842,SUP_012,Air,3934,7.97,577,Critical
SHP_03843,SUP_007,Road,1434,19.33,223,Standard
SHP_03844,SUP_037,Road,1858,19.53,173,Critical
SHP_03845,SUP_031,Road,1128,10.01,430,Low
SHP_03846,SUP_026,Rail,681,15.1,729,Critical
SHP_03847,SUP_045,Ocean,2455,17.58,754,Standard
SHP_03848,SUP_005,Rail,974,4.46,282,Standard
SHP_03849,SUP_012,Rail,204,4.81,987,Standard
SHP_03850,SUP_039,Air,2693,18.44,250,Critical
SHP_03851,SUP_033,Road,176,12.79,355,Low
SHP_03852,SUP_050,Air,4807,12.63,365,Standard
SHP_03853,SUP_046,Rail,742,13.54,318,Standard
SHP_03854,SUP_028,Ocean,1530,3.22,840,Critical
SHP_03855,SUP_050,Rail,475,15.59,201,Low
SHP_03856,SUP_005,Air,6335,15.93,927,Critical
SHP_03857,SUP_029,Road,1643,7.71,664,Low
SHP_03858,SUP_012,Rail,1223,16.26,701,Low
SHP_03859,SUP_039,Road,145,7.95,914,Low
SHP_03860,SUP_026,Ocean,2700,10.21,444,Critical
SHP_03861,SUP_007,Ocean,7584,17.62,736,Low
SHP_03862,SUP_029,Rail,836,11.24,814,Critical
SHP_03863,SUP_020,Road,1074,16.79,245,Critical
SHP_03864,SUP_004,Road,1540,2.23,590,Standard
SHP_03865,SUP_049,Air,4834,11.54,433,Standard
SHP_03866,SUP_019,Road,1936,2.17,616,Critical
SHP_03867,SUP_031,Road,116,12.15,400,Standard
SHP_03868,SUP_046,Rail,1874,12.59,792,Low
SHP_03869,SUP_038,Rail,273,19.94,491,Low
SHP_03870,SUP_010,Air,2555,7.44,449,Low
SHP_03871,SUP_041,Road,1107,7.14,359,Critical
SHP_03872,SUP_041,Road,651,17.78,320,Critical
SHP_03873,SUP_033,Road,1459,16.07,389,Critical
SHP_03874,SUP_031,Ocean,2440,8.56,343,Low
SHP_03875,SUP_025,Air,3109,17.5,572,Standard
SHP_03876,SUP_023,Road,193,5.35,100,Standard
SHP_03877,SUP_041,Road,1259,7.7,243,Standard
SHP_03878,SUP_037,Ocean,7908,6.29,308,Critical
SHP_03879,SUP_034,Rail,1199,2.37,448,Critical
SHP_03880,SUP_038,Road,1225,19.99,795,Standard
SHP_03881,SUP_001,Road,498,12.92,689,Low
SHP_03882,SUP_046,Rail,406,7,433,Critical
SHP_03883,SUP_034,Ocean,6673,10.45,744,Standard
SHP_03884,SUP_006,Road,1747,14.53,237,Low
SHP_03885,SUP_043,Ocean,3312,17.34,458,Critical
SHP_03886,SUP_040,Ocean,7368,18.71,528,Critical
SHP_03887,SUP_024,Ocean,1757,10.71,915,Low
SHP_03888,SUP_008,Rail,901,6.53,895,Standard
SHP_03889,SUP_012,Rail,1940,16.88,233,Standard
SHP_03890,SUP_033,Road,1760,11.93,521,Low
SHP_03891,SUP_006,Rail,362,5.17,980,Standard
SHP_03892,SUP_042,Road,1248,18.35,240,Standard
SHP_03893,SUP_015,Rail,1043,15.71,846,Low
SHP_03894,SUP_022,Road,1055,18.17,648,Critical
SHP_03895,SUP_042,Rail,887,10.09,758,Standard
SHP_03896,SUP_004,Ocean,4599,19.85,887,Standard
SHP_03897,SUP_040,Air,2107,9.09,252,Low
SHP_03898,SUP_031,Ocean,6283,19.42,761,Low
SHP_03899,SUP_046,Road,1783,4.44,300,Standard
SHP_03900,SUP_003,Ocean,5937,16.83,673,Standard
SHP_03901,SUP_049,Road,1744,12.93,995,Low
SHP_03902,SUP_018,Road,1420,2.35,672,Critical
SHP_03903,SUP_015,Ocean,3650,18.8,471,Low
SHP_03904,SUP_032,Road,1913,14.87,945,Low
SHP_03905,SUP_035,Ocean,5709,18.19,961,Critical
SHP_03906,SUP_031,Road,183,10.09,615,Low
SHP_03907,SUP_022,Road,1627,15.75,534,Critical
SHP_03908,SUP_023,Road,1674,1.74,186,Low
SHP_03909,SUP_021,Rail,1456,18.56,451,Standard
SHP_03910,SUP_017,Road,975,8.72,711,Standard
SHP_03911,SUP_006,Air,1722,13.15,447,Low
SHP_03912,SUP_019,Road,1458,12.81,114,Critical
SHP_03913,SUP_046,Air,1185,14.31,600,Critical
SHP_03914,SUP_041,Ocean,3827,16.41,281,Critical
SHP_03915,SUP_033,Ocean,7770,8.68,544,Critical
SHP_03916,SUP_020,Road,303,16.87,976,Standard
SHP_03917,SUP_009,Rail,524,9.88,708,Critical
SHP_03918,SUP_027,Road,1515,9.5,313,Critical
SHP_03919,SUP_035,Rail,1637,17.13,998,Standard
SHP_03920,SUP_050,Ocean,3435,9.53,485,Standard
SHP_03921,SUP_048,Ocean,7983,14.01,361,Critical
SHP_03922,SUP_020,Road,1470,9.16,514,Standard
SHP_03923,SUP_033,Rail,657,1.98,840,Low
SHP_03924,SUP_011,Road,1506,15.74,103,Standard
SHP_03925,SUP_015,Ocean,3682,12.92,555,Standard
SHP_03926,SUP_046,Air,1238,4.41,566,Critical
SHP_03927,SUP_031,Rail,706,7.02,963,Low
SHP_03928,SUP_030,Rail,1436,18.6,851,Critical
SHP_03929,SUP_041,Rail,161,6.37,585,Critical
SHP_03930,SUP_036,Air,1199,3.15,580,Low
SHP_03931,SUP_039,Ocean,5155,3.35,133,Standard
SHP_03932,SUP_024,Road,1363,14.37,309,Low
SHP_03933,SUP_008,Rail,1511,6.25,238,Standard
SHP_03934,SUP_008,Road,236,2.54,449,Standard
SHP_03935,SUP_041,Road,393,12.12,414,Low
SHP_03936,SUP_020,Road,911,12.31,244,Low
SHP_03937,SUP_014,Road,1416,13.43,814,Low
SHP_03938,SUP_022,Road,799,16.5,119,Low
SHP_03939,SUP_043,Road,150,11.05,831,Low
SHP_03940,SUP_013,Road,1474,4.66,338,Critical
SHP_03941,SUP_035,Rail,237,5.22,547,Standard
SHP_03942,SUP_018,Ocean,5120,13.25,150,Standard
SHP_03943,SUP_020,Air,7438,11.75,578,Low
SHP_03944,SUP_025,Road,808,5.05,239,Standard
SHP_03945,SUP_033,Air,7673,2.5,587,Critical
SHP_03946,SUP_007,Air,6703,4.1,397,Low
SHP_03947,SUP_028,Rail,778,10.61,344,Standard
SHP_03948,SUP_040,Rail,898,16.31,797,Low
SHP_03949,SUP_009,Road,1026,9.12,144,Low
SHP_03950,SUP_043,Road,527,8.67,799,Low
SHP_03951,SUP_010,Air,7878,6.02,941,Low
SHP_03952,SUP_024,Ocean,2580,16.9,811,Critical
SHP_03953,SUP_011,Ocean,3242,3.68,652,Critical
SHP_03954,SUP_003,Air,3260,14.7,920,Critical
SHP_03955,SUP_028,Road,1794,12.74,587,Critical
SHP_03956,SUP_027,Ocean,2727,11.2,695,Standard
SHP_03957,SUP_007,Ocean,2341,3.46,764,Low
SHP_03958,SUP_012,Road,1365,12.22,246,Low
SHP_03959,SUP_002,Air,6022,17.91,843,Critical
SHP_03960,SUP_036,Air,1251,16.53,791,Critical
SHP_03961,SUP_047,Rail,1611,4.91,741,Low
SHP_03962,SUP_034,Road,1077,3.73,239,Low
SHP_03963,SUP_009,Air,7828,17.77,106,Low
SHP_03964,SUP_029,Rail,1098,19.64,233,Standard
SHP_03965,SUP_032,Air,6633,15.09,892,Critical
SHP_03966,SUP_032,Rail,1252,19.18,655,Critical
SHP_03967,SUP_012,Road,1640,6.8,299,Critical
SHP_03968,SUP_023,Air,1237,19.62,833,Standard
SHP_03969,SUP_039,Rail,674,19.58,987,Critical
SHP_03970,SUP_011,Road,272,7.03,196,Critical
SHP_03971,SUP_005,Ocean,1947,7.87,770,Critical
SHP_03972,SUP_038,Road,506,19.41,375,Low
SHP_03973,SUP_049,Road,912,7.58,767,Low
SHP_03974,SUP_035,Rail,464,18.96,899,Low
SHP_03975,SUP_041,Road,1855,10.91,301,Critical
SHP_03976,SUP_043,Ocean,886,10.64,782,Standard
SHP_03977,SUP_047,Road,1839,18.87,660,Standard
SHP_03978,SUP_013,Road,1329,13.42,881,Standard
SHP_03979,SUP_032,Air,2062,18.14,328,Standard
SHP_03980,SUP_037,Road,1174,16.08,691,Standard
SHP_03981,SUP_036,Ocean,2149,11.18,819,Standard
SHP_03982,SUP_001,Ocean,3813,18.47,469,Standard
SHP_03983,SUP_047,Road,283,5.69,252,Standard
SHP_03984,SUP_008,Road,822,12.03,715,Critical
SHP_03985,SUP_042,Ocean,501,8.81,615,Low
SHP_03986,SUP_007,Ocean,3438,3.46,174,Low
SHP_03987,SUP_019,Air,6959,7.16,605,Critical
SHP_03988,SUP_007,Road,1989,9.48,496,Critical
SHP_03989,SUP_013,Road,1873,5.17,406,Low
SHP_03990,SUP_008,Ocean,1367,4,747,Critical
SHP_03991,SUP_005,Air,630,1.64,102,Critical
SHP_03992,SUP_032,Road,1667,19.91,508,Low
SHP_03993,SUP_032,Rail,489,12.92,546,Critical
SHP_03994,SUP_038,Air,1161,15.93,295,Low
SHP_03995,SUP_039,Road,1224,1.52,530,Standard
SHP_03996,SUP_049,Road,232,11.25,997,Critical
SHP_03997,SUP_016,Road,651,10.37,233,Standard
SHP_03998,SUP_048,Road,1790,15.12,251,Low
SHP_03999,SUP_035,Road,291,9.66,256,Standard
SHP_04000,SUP_024,Road,1200,14.95,244,Critical
SHP_04001,SUP_015,Rail,1447,3.84,839,Standard
SHP_04002,SUP_050,Ocean,3322,4.36,671,Critical
SHP_04003,SUP_048,Rail,1622,6.99,586,Standard
SHP_04004,SUP_038,Road,1157,3.07,479,Low
SHP_04005,SUP_034,Air,1085,7.42,441,Standard
SHP_04006,SUP_037,Road,138,16.8,396,Low
SHP_04007,SUP_037,Road,505,15.5,854,Standard
SHP_04008,SUP_015,Road,531,17.11,628,Critical
SHP_04009,SUP_004,Rail,545,19.61,453,Critical
SHP_04010,SUP_039,Air,681,17.55,124,Standard
SHP_04011,SUP_009,Air,7470,14.01,477,Critical
SHP_04012,SUP_020,Road,1073,9.74,175,Standard
SHP_04013,SUP_014,Rail,375,3.14,475,Critical
SHP_04014,SUP_006,Road,1058,9.45,728,Standard
SHP_04015,SUP_034,Rail,1973,4.12,710,Low
SHP_04016,SUP_026,Road,672,6.48,967,Standard
SHP_04017,SUP_018,Ocean,2699,18.43,380,Critical
SHP_04018,SUP_021,Ocean,2366,17.86,280,Critical
SHP_04019,SUP_023,Road,1431,11.95,978,Critical
SHP_04020,SUP_033,Road,1865,6.45,456,Critical
SHP_04021,SUP_050,Road,1440,17.21,227,Critical
SHP_04022,SUP_039,Road,598,4.6,556,Low
SHP_04023,SUP_028,Rail,1002,18.54,297,Standard
SHP_04024,SUP_005,Ocean,7382,1.64,201,Standard
SHP_04025,SUP_004,Rail,657,2.63,960,Low
SHP_04026,SUP_018,Ocean,1502,16.76,396,Low
SHP_04027,SUP_030,Road,570,12.45,531,Critical
SHP_04028,SUP_015,Road,208,18.54,378,Standard
SHP_04029,SUP_047,Rail,117,4.1,407,Critical
SHP_04030,SUP_047,Road,1760,13.76,366,Critical
SHP_04031,SUP_048,Rail,109,2.58,350,Critical
SHP_04032,SUP_013,Road,1111,13.11,379,Standard
SHP_04033,SUP_036,Air,5976,2.79,907,Critical
SHP_04034,SUP_008,Ocean,2044,12.93,126,Critical
SHP_04035,SUP_043,Road,1599,17.37,415,Low
SHP_04036,SUP_007,Ocean,1534,3.56,783,Critical
SHP_04037,SUP_002,Ocean,3266,4.55,228,Standard
SHP_04038,SUP_002,Rail,109,3.85,629,Standard
SHP_04039,SUP_036,Rail,665,2.48,167,Low
SHP_04040,SUP_010,Rail,1994,1.25,463,Low
SHP_04041,SUP_039,Ocean,6385,17.61,136,Critical
SHP_04042,SUP_050,Road,140,18.41,877,Standard
SHP_04043,SUP_038,Road,1729,17.75,354,Critical
SHP_04044,SUP_001,Rail,1028,2.43,353,Standard
SHP_04045,SUP_044,Road,1628,6.97,657,Critical
SHP_04046,SUP_041,Road,1582,16.88,290,Low
SHP_04047,SUP_050,Road,836,12.05,842,Critical
SHP_04048,SUP_014,Rail,463,17.72,108,Critical
SHP_04049,SUP_036,Ocean,7305,2.11,915,Low
SHP_04050,SUP_048,Road,456,17.61,206,Low
SHP_04051,SUP_033,Ocean,1982,11.23,323,Standard
SHP_04052,SUP_017,Rail,406,12.48,223,Standard
SHP_04053,SUP_004,Ocean,6371,10.68,362,Critical
SHP_04054,SUP_047,Rail,545,5.14,413,Low
SHP_04055,SUP_041,Rail,917,14.48,232,Low
SHP_04056,SUP_038,Air,7970,13.14,748,Standard
SHP_04057,SUP_043,Ocean,4932,16.53,462,Critical
SHP_04058,SUP_040,Air,5168,6.55,903,Standard
SHP_04059,SUP_017,Ocean,7657,16.44,517,Low
SHP_04060,SUP_010,Ocean,7724,16.34,387,Standard
SHP_04061,SUP_004,Road,1618,12.62,659,Low
SHP_04062,SUP_004,Road,942,11.55,371,Critical
SHP_04063,SUP_003,Rail,1027,10.74,761,Critical
SHP_04064,SUP_010,Road,1980,8.81,563,Critical
SHP_04065,SUP_050,Ocean,5335,1.69,168,Low
SHP_04066,SUP_030,Air,1663,7.24,580,Low
SHP_04067,SUP_007,Air,2083,17.34,228,Critical
SHP_04068,SUP_017,Ocean,6066,14.83,305,Low
SHP_04069,SUP_047,Rail,623,9.96,367,Standard
SHP_04070,SUP_007,Ocean,1139,2.48,251,Standard
SHP_04071,SUP_014,Road,1912,11.67,843,Low
SHP_04072,SUP_028,Rail,1253,18.56,829,Low
SHP_04073,SUP_049,Rail,1491,4.38,147,Standard
SHP_04074,SUP_042,Rail,1681,19.44,195,Standard
SHP_04075,SUP_018,Rail,1635,13.14,945,Critical
SHP_04076,SUP_023,Rail,900,15.58,856,Low
SHP_04077,SUP_007,Road,1902,6.66,723,Low
SHP_04078,SUP_028,Road,1639,12.08,319,Low
SHP_04079,SUP_013,Rail,1035,18.51,114,Standard
SHP_04080,SUP_011,Road,1973,7.62,925,Standard
SHP_04081,SUP_033,Rail,869,14.12,894,Standard
SHP_04082,SUP_048,Road,1826,16.97,281,Standard
SHP_04083,SUP_033,Rail,414,17.96,720,Low
SHP_04084,SUP_008,Rail,696,15.43,313,Standard
SHP_04085,SUP_034,Road,1771,4.59,604,Critical
SHP_04086,SUP_031,Air,1542,13.49,483,Critical
SHP_04087,SUP_033,Air,1702,14.49,156,Low
SHP_04088,SUP_026,Rail,1996,11.95,301,Low
SHP_04089,SUP_002,Ocean,2160,6.76,310,Low
SHP_04090,SUP_019,Air,7621,19.37,116,Standard
SHP_04091,SUP_003,Rail,351,16.32,803,Low
SHP_04092,SUP_030,Road,1661,4.62,756,Critical
SHP_04093,SUP_030,Road,778,10.03,476,Critical
SHP_04094,SUP_038,Ocean,7714,17.29,610,Standard
SHP_04095,SUP_023,Road,560,1.52,710,Low
SHP_04096,SUP_045,Road,1767,12.67,923,Critical
SHP_04097,SUP_037,Air,3955,10.28,480,Critical
SHP_04098,SUP_046,Air,3299,9.51,792,Standard
SHP_04099,SUP_012,Road,297,1.07,246,Critical
SHP_04100,SUP_009,Air,5416,8.44,510,Low
SHP_04101,SUP_006,Rail,250,7.65,511,Critical
SHP_04102,SUP_020,Road,276,6.48,275,Critical
SHP_04103,SUP_008,Road,1860,15.68,704,Low
SHP_04104,SUP_041,Road,663,19.69,136,Low
SHP_04105,SUP_027,Road,525,7.25,204,Standard
SHP_04106,SUP_003,Rail,1501,10.2,937,Critical
SHP_04107,SUP_036,Ocean,2121,3.73,726,Critical
SHP_04108,SUP_034,Air,1321,15.13,992,Low
SHP_04109,SUP_009,Ocean,2465,9.95,497,Critical
SHP_04110,SUP_015,Rail,1861,4.85,422,Standard
SHP_04111,SUP_028,Rail,1269,11.59,600,Critical
SHP_04112,SUP_024,Road,100,16.69,434,Critical
SHP_04113,SUP_029,Air,4071,16.22,163,Critical
SHP_04114,SUP_019,Air,7605,12.14,299,Standard
SHP_04115,SUP_016,Rail,1342,15.43,806,Critical
SHP_04116,SUP_012,Road,1950,13.78,652,Low
SHP_04117,SUP_004,Ocean,7073,11.76,752,Critical
SHP_04118,SUP_014,Road,319,4.43,675,Low
SHP_04119,SUP_036,Air,3862,10.05,602,Low
SHP_04120,SUP_013,Rail,1716,12.82,142,Critical
SHP_04121,SUP_037,Road,472,2.06,783,Low
SHP_04122,SUP_028,Road,249,5.93,368,Standard
SHP_04123,SUP_023,Rail,676,2.06,588,Standard
SHP_04124,SUP_045,Ocean,5481,17.12,780,Critical
SHP_04125,SUP_007,Rail,540,6.62,238,Critical
SHP_04126,SUP_013,Rail,1723,11.66,126,Standard
SHP_04127,SUP_035,Rail,558,3.82,142,Standard
SHP_04128,SUP_046,Ocean,3177,16.72,498,Standard
SHP_04129,SUP_024,Road,984,18.19,651,Critical
SHP_04130,SUP_043,Air,2575,15.68,380,Standard
SHP_04131,SUP_004,Road,1811,8.77,658,Low
SHP_04132,SUP_007,Road,205,5.82,316,Low
SHP_04133,SUP_042,Rail,846,11.38,581,Standard
SHP_04134,SUP_006,Rail,1423,9.91,446,Critical
SHP_04135,SUP_003,Rail,1136,16.01,654,Critical
SHP_04136,SUP_017,Air,4249,17.67,283,Standard
SHP_04137,SUP_024,Rail,1786,11,798,Critical
SHP_04138,SUP_027,Road,1643,12.44,620,Critical
SHP_04139,SUP_049,Rail,713,2.16,892,Low
SHP_04140,SUP_025,Rail,1143,9.73,664,Low
SHP_04141,SUP_016,Road,1564,15.35,757,Standard
SHP_04142,SUP_009,Air,7481,5.72,491,Standard
SHP_04143,SUP_045,Air,1518,4.09,905,Critical
SHP_04144,SUP_037,Ocean,5174,17.31,413,Critical
SHP_04145,SUP_044,Ocean,3620,15.09,184,Low
SHP_04146,SUP_035,Rail,799,17.35,429,Critical
SHP_04147,SUP_039,Air,5575,15.69,725,Standard
SHP_04148,SUP_043,Road,1648,16.61,627,Critical
SHP_04149,SUP_026,Rail,549,15.24,110,Standard
SHP_04150,SUP_029,Rail,672,12.17,966,Low
SHP_04151,SUP_031,Air,4791,11.91,413,Critical
SHP_04152,SUP_002,Air,7953,11.96,850,Standard
SHP_04153,SUP_001,Rail,1937,15.06,802,Standard
SHP_04154,SUP_031,Road,1838,16.88,829,Standard
SHP_04155,SUP_034,Road,1738,5.42,794,Low
SHP_04156,SUP_030,Air,5254,13.48,293,Standard
SHP_04157,SUP_009,Road,1495,15.14,634,Standard
SHP_04158,SUP_049,Ocean,7028,2.15,104,Low
SHP_04159,SUP_003,Ocean,7646,9.46,269,Low
SHP_04160,SUP_031,Rail,1958,16.87,995,Critical
SHP_04161,SUP_020,Road,1909,3.69,716,Critical
SHP_04162,SUP_006,Air,2300,9.4,128,Standard
SHP_04163,SUP_005,Road,960,9.22,950,Standard
SHP_04164,SUP_008,Road,1989,5.68,697,Critical
SHP_04165,SUP_034,Rail,1587,14.5,721,Standard
SHP_04166,SUP_003,Road,1669,12.16,940,Standard
SHP_04167,SUP_016,Road,939,2.57,961,Low
SHP_04168,SUP_018,Air,2323,2.05,565,Critical
SHP_04169,SUP_020,Road,1435,9.09,127,Low
SHP_04170,SUP_039,Air,930,8.92,826,Critical
SHP_04171,SUP_009,Road,1345,4.16,918,Critical
SHP_04172,SUP_008,Ocean,5321,19.57,793,Critical
SHP_04173,SUP_025,Road,1294,3.94,633,Standard
SHP_04174,SUP_048,Road,1928,13.04,373,Critical
SHP_04175,SUP_021,Ocean,4198,11.89,311,Critical
SHP_04176,SUP_001,Ocean,500,18.95,866,Low
SHP_04177,SUP_046,Rail,379,6.59,623,Low
SHP_04178,SUP_042,Ocean,7673,19.55,531,Critical
SHP_04179,SUP_006,Road,218,9.1,548,Critical
SHP_04180,SUP_046,Road,1714,7.96,926,Critical
SHP_04181,SUP_042,Road,1038,9.51,950,Standard
SHP_04182,SUP_011,Rail,1766,6.21,209,Low
SHP_04183,SUP_013,Rail,1976,14.54,927,Critical
SHP_04184,SUP_024,Road,1440,5.04,260,Standard
SHP_04185,SUP_005,Air,2019,4.81,173,Critical
SHP_04186,SUP_003,Rail,1103,19.42,676,Critical
SHP_04187,SUP_006,Air,4320,9.83,596,Low
SHP_04188,SUP_030,Rail,1414,3.01,608,Standard
SHP_04189,SUP_034,Rail,648,3.16,981,Critical
SHP_04190,SUP_006,Rail,1051,7.47,456,Critical
SHP_04191,SUP_028,Rail,706,2.79,705,Critical
SHP_04192,SUP_031,Ocean,4670,14.33,821,Standard
SHP_04193,SUP_039,Road,1155,10.77,749,Low
SHP_04194,SUP_039,Rail,1764,7.51,886,Standard
SHP_04195,SUP_041,Rail,141,8.57,101,Critical
SHP_04196,SUP_014,Road,1192,14.44,404,Standard
SHP_04197,SUP_001,Air,4862,7.78,128,Standard
SHP_04198,SUP_049,Road,516,4.79,718,Standard
SHP_04199,SUP_039,Road,1365,13.4,967,Low
SHP_04200,SUP_005,Rail,233,16.28,727,Standard
SHP_04201,SUP_008,Ocean,7945,14.94,688,Standard
SHP_04202,SUP_015,Road,1636,6.39,149,Low
SHP_04203,SUP_035,Air,1446,9.26,533,Standard
SHP_04204,SUP_036,Ocean,5059,14.75,213,Critical
SHP_04205,SUP_047,Air,725,4.66,738,Standard
SHP_04206,SUP_022,Road,209,10.35,512,Low
SHP_04207,SUP_046,Rail,441,4.74,659,Critical
SHP_04208,SUP_033,Road,1894,10.36,597,Low
SHP_04209,SUP_004,Air,1044,4.96,550,Critical
SHP_04210,SUP_047,Air,7251,5.99,302,Critical
SHP_04211,SUP_011,Air,5659,14.11,561,Standard
SHP_04212,SUP_011,Rail,641,10.44,742,Standard
SHP_04213,SUP_018,Road,516,7.22,226,Standard
SHP_04214,SUP_044,Road,1234,18.25,687,Low
SHP_04215,SUP_016,Rail,1288,4.04,457,Critical
SHP_04216,SUP_039,Ocean,4318,8.31,555,Low
SHP_04217,SUP_045,Air,6602,1.33,843,Critical
SHP_04218,SUP_002,Road,1295,2.81,400,Standard
SHP_04219,SUP_005,Rail,1833,16.01,114,Low
SHP_04220,SUP_003,Road,1993,7.11,723,Standard
SHP_04221,SUP_035,Road,1436,12.87,277,Low
SHP_04222,SUP_026,Rail,1302,6.79,145,Critical
SHP_04223,SUP_015,Ocean,687,10.84,368,Low
SHP_04224,SUP_033,Ocean,6897,11.18,216,Low
SHP_04225,SUP_044,Rail,834,9.33,124,Standard
SHP_04226,SUP_039,Rail,111,5.77,531,Critical
SHP_04227,SUP_042,Road,467,5.11,791,Standard
SHP_04228,SUP_003,Rail,194,11.79,178,Critical
SHP_04229,SUP_014,Road,1845,18.41,118,Critical
SHP_04230,SUP_037,Road,671,6.52,955,Critical
SHP_04231,SUP_032,Rail,873,10.32,693,Critical
SHP_04232,SUP_009,Rail,1773,2.47,492,Critical
SHP_04233,SUP_038,Road,912,7.22,676,Critical
SHP_04234,SUP_028,Ocean,7475,9.97,810,Critical
SHP_04235,SUP_002,Air,7667,17.78,787,Standard
SHP_04236,SUP_043,Road,128,19.54,272,Low
SHP_04237,SUP_032,Air,5807,1.63,429,Low
SHP_04238,SUP_021,Rail,1861,17.49,868,Low
SHP_04239,SUP_009,Rail,1404,4.16,453,Standard
SHP_04240,SUP_047,Road,392,3.87,228,Low
SHP_04241,SUP_047,Rail,1103,14.11,532,Low
SHP_04242,SUP_047,Road,994,11.65,304,Critical
SHP_04243,SUP_003,Rail,1196,2.02,627,Low
SHP_04244,SUP_027,Road,954,5.08,116,Low
SHP_04245,SUP_033,Road,637,19.62,312,Low
SHP_04246,SUP_009,Ocean,6371,8.25,331,Low
SHP_04247,SUP_035,Road,174,15.73,840,Low
SHP_04248,SUP_014,Air,5504,12.69,963,Critical
SHP_04249,SUP_034,Rail,898,6.76,337,Critical
SHP_04250,SUP_034,Ocean,3033,6.78,186,Critical
SHP_04251,SUP_023,Road,1677,5.69,948,Low
SHP_04252,SUP_048,Air,3007,8.05,752,Critical
SHP_04253,SUP_020,Road,853,17.35,864,Critical
SHP_04254,SUP_002,Road,906,1.91,808,Critical
SHP_04255,SUP_014,Road,303,15.71,242,Low
SHP_04256,SUP_018,Rail,1350,4.56,194,Standard
SHP_04257,SUP_043,Ocean,1277,14.4,691,Low
SHP_04258,SUP_018,Road,860,16.55,871,Low
SHP_04259,SUP_024,Road,212,2.77,209,Critical
SHP_04260,SUP_024,Road,1590,9.73,270,Low
SHP_04261,SUP_030,Air,7912,13.34,472,Critical
SHP_04262,SUP_020,Ocean,4025,9.8,596,Low
SHP_04263,SUP_031,Road,500,16.41,371,Standard
SHP_04264,SUP_017,Road,442,13.03,784,Critical
SHP_04265,SUP_014,Rail,1194,4.1,451,Low
SHP_04266,SUP_046,Road,313,10.38,315,Low
SHP_04267,SUP_002,Rail,407,14.01,668,Low
SHP_04268,SUP_011,Air,4921,14.34,846,Low
SHP_04269,SUP_026,Ocean,2004,7.98,928,Critical
SHP_04270,SUP_021,Ocean,4167,5.14,386,Standard
SHP_04271,SUP_029,Rail,576,1.27,747,Low
SHP_04272,SUP_038,Ocean,6460,3.92,781,Critical
SHP_04273,SUP_005,Road,1343,8.05,993,Critical
SHP_04274,SUP_036,Road,233,4,760,Critical
SHP_04275,SUP_006,Rail,922,6.13,651,Low
SHP_04276,SUP_043,Rail,1215,19.25,611,Standard
SHP_04277,SUP_013,Road,1028,15.99,578,Standard
SHP_04278,SUP_019,Road,418,9.76,678,Low
SHP_04279,SUP_034,Air,6211,8.2,178,Critical
SHP_04280,SUP_036,Road,1604,7.56,360,Low
SHP_04281,SUP_013,Road,1527,10.46,523,Standard
SHP_04282,SUP_020,Rail,1521,10.92,784,Critical
SHP_04283,SUP_002,Road,1168,14.3,716,Low
SHP_04284,SUP_033,Air,7620,18.44,335,Low
SHP_04285,SUP_024,Rail,1869,17.89,716,Standard
SHP_04286,SUP_010,Rail,1965,11.22,808,Standard
SHP_04287,SUP_019,Ocean,6745,9.25,927,Low
SHP_04288,SUP_021,Rail,1293,14.17,459,Standard
SHP_04289,SUP_004,Road,994,10.57,657,Standard
SHP_04290,SUP_007,Ocean,4058,2.03,367,Critical
SHP_04291,SUP_004,Road,1374,11.37,487,Standard
SHP_04292,SUP_015,Air,6859,5.21,750,Critical
SHP_04293,SUP_012,Rail,1908,10,668,Standard
SHP_04294,SUP_050,Ocean,1676,3.33,469,Low
SHP_04295,SUP_011,Road,490,9.6,965,Critical
SHP_04296,SUP_029,Road,100,5.68,296,Low
SHP_04297,SUP_015,Air,2042,9.44,896,Standard
SHP_04298,SUP_021,Road,1207,3.91,696,Standard
SHP_04299,SUP_007,Road,1645,2.14,700,Critical
SHP_04300,SUP_038,Rail,699,7.99,881,Standard
SHP_04301,SUP_004,Air,7518,9.97,624,Standard
SHP_04302,SUP_008,Ocean,1634,5.54,366,Low
SHP_04303,SUP_038,Rail,859,17.98,172,Standard
SHP_04304,SUP_017,Rail,581,7.35,384,Critical
SHP_04305,SUP_038,Ocean,5416,17.54,639,Critical
SHP_04306,SUP_019,Air,3491,18.7,204,Standard
SHP_04307,SUP_008,Road,891,3.26,117,Low
SHP_04308,SUP_033,Rail,1447,16.54,603,Low
SHP_04309,SUP_050,Ocean,5239,4.87,225,Critical
SHP_04310,SUP_031,Rail,1132,8.51,982,Critical
SHP_04311,SUP_014,Road,1210,8.53,881,Low
SHP_04312,SUP_034,Ocean,6712,8.89,563,Low
SHP_04313,SUP_021,Air,6333,16.22,448,Low
SHP_04314,SUP_036,Ocean,6168,10.13,121,Standard
SHP_04315,SUP_006,Ocean,7490,2.61,122,Low
SHP_04316,SUP_005,Road,1882,10.68,809,Critical
SHP_04317,SUP_027,Rail,1588,13.39,234,Low
SHP_04318,SUP_021,Air,4273,1.4,604,Low
SHP_04319,SUP_042,Road,379,6.47,954,Standard
SHP_04320,SUP_045,Road,1537,12.87,579,Standard
SHP_04321,SUP_026,Rail,1531,10.68,407,Critical
SHP_04322,SUP_017,Ocean,4424,17.81,381,Standard
SHP_04323,SUP_015,Rail,1750,17.24,871,Critical
SHP_04324,SUP_046,Road,1021,10.07,647,Low
SHP_04325,SUP_048,Ocean,7197,11.79,615,Critical
SHP_04326,SUP_045,Ocean,6323,11.54,759,Standard
SHP_04327,SUP_044,Air,502,7.44,429,Low
SHP_04328,SUP_034,Ocean,7919,1.16,824,Critical
SHP_04329,SUP_048,Air,4827,9.18,565,Critical
SHP_04330,SUP_023,Ocean,2520,2.25,979,Low
SHP_04331,SUP_032,Road,1532,7.04,886,Critical
SHP_04332,SUP_013,Air,4302,15.32,732,Critical
SHP_04333,SUP_025,Road,1008,19.74,641,Low
SHP_04334,SUP_045,Rail,772,17.86,111,Standard
SHP_04335,SUP_002,Road,1902,14.08,443,Standard
SHP_04336,SUP_032,Air,2093,18.62,554,Standard
SHP_04337,SUP_022,Rail,200,11.95,156,Critical
SHP_04338,SUP_006,Ocean,7725,14.66,117,Low
SHP_04339,SUP_027,Road,329,12.1,175,Low
SHP_04340,SUP_013,Road,445,13.29,657,Critical
SHP_04341,SUP_030,Road,1646,7.71,282,Critical
SHP_04342,SUP_046,Air,2355,15.92,380,Standard
SHP_04343,SUP_044,Ocean,5897,8.59,396,Standard
SHP_04344,SUP_006,Ocean,2270,4.34,612,Low
SHP_04345,SUP_001,Rail,474,13.35,147,Low
SHP_04346,SUP_037,Road,1124,7.26,276,Critical
SHP_04347,SUP_004,Rail,535,17.63,159,Low
SHP_04348,SUP_038,Rail,683,10.59,379,Low
SHP_04349,SUP_037,Ocean,4850,3.62,828,Critical
SHP_04350,SUP_016,Rail,1793,4.44,375,Low
SHP_04351,SUP_044,Rail,1315,5.81,498,Critical
SHP_04352,SUP_045,Rail,1836,1.29,488,Critical
SHP_04353,SUP_041,Road,1714,13.14,709,Low
SHP_04354,SUP_042,Ocean,7513,4.93,249,Low
SHP_04355,SUP_034,Road,714,4.73,920,Low
SHP_04356,SUP_016,Rail,431,12.86,952,Standard
SHP_04357,SUP_018,Road,472,8.82,799,Standard
SHP_04358,SUP_018,Rail,996,17.14,334,Low
SHP_04359,SUP_001,Rail,1342,2.25,923,Critical
SHP_04360,SUP_016,Road,215,5.91,887,Critical
SHP_04361,SUP_044,Air,3431,9.87,260,Low
SHP_04362,SUP_045,Rail,441,17.87,333,Standard
SHP_04363,SUP_044,Rail,203,14.99,219,Standard
SHP_04364,SUP_016,Road,286,10.83,691,Low
SHP_04365,SUP_046,Road,161,2.84,180,Low
SHP_04366,SUP_046,Rail,673,4.75,746,Standard
SHP_04367,SUP_030,Air,7827,13.87,889,Low
SHP_04368,SUP_050,Road,301,3.13,478,Critical
SHP_04369,SUP_017,Road,1103,8,729,Low
SHP_04370,SUP_018,Road,428,14.9,683,Critical
SHP_04371,SUP_046,Road,1588,6.42,259,Standard
SHP_04372,SUP_047,Road,1922,19.58,410,Critical
SHP_04373,SUP_011,Air,5804,3.52,660,Standard
SHP_04374,SUP_003,Road,927,3.12,625,Critical
SHP_04375,SUP_024,Road,153,9.19,138,Low
SHP_04376,SUP_011,Road,1696,9.58,738,Low
SHP_04377,SUP_046,Road,608,18.25,621,Low
SHP_04378,SUP_018,Ocean,6410,5.65,102,Critical
SHP_04379,SUP_012,Air,4021,7.36,314,Critical
SHP_04380,SUP_006,Road,471,8.8,144,Standard
SHP_04381,SUP_027,Air,7926,19.84,333,Standard
SHP_04382,SUP_022,Air,966,15.71,258,Critical
SHP_04383,SUP_029,Rail,377,4.6,815,Low
SHP_04384,SUP_031,Rail,716,11.54,599,Low
SHP_04385,SUP_003,Ocean,1027,18.58,429,Critical
SHP_04386,SUP_022,Rail,808,16.2,638,Low
SHP_04387,SUP_036,Ocean,5151,4.4,993,Critical
SHP_04388,SUP_016,Air,7161,11.03,128,Critical
SHP_04389,SUP_044,Air,7774,10.82,812,Critical
SHP_04390,SUP_010,Air,955,13.09,315,Critical
SHP_04391,SUP_036,Road,1331,18.29,241,Low
SHP_04392,SUP_012,Road,1017,17.75,300,Standard
SHP_04393,SUP_008,Rail,1444,19.35,782,Low
SHP_04394,SUP_008,Air,2494,1.86,463,Low
SHP_04395,SUP_013,Ocean,4551,19.59,594,Standard
SHP_04396,SUP_049,Ocean,831,18.02,954,Standard
SHP_04397,SUP_012,Road,1979,8.52,439,Low
SHP_04398,SUP_013,Air,725,10.58,508,Low
SHP_04399,SUP_040,Road,183,12.46,164,Low
SHP_04400,SUP_011,Air,6990,4.18,236,Low
SHP_04401,SUP_044,Air,1498,14.11,181,Standard
SHP_04402,SUP_047,Road,1126,19.19,633,Critical
SHP_04403,SUP_050,Road,1231,19.43,186,Low
SHP_04404,SUP_038,Road,969,7.4,116,Standard
SHP_04405,SUP_017,Ocean,3783,17.94,903,Critical
SHP_04406,SUP_044,Rail,1721,14.15,738,Standard
SHP_04407,SUP_031,Ocean,1733,13.47,187,Critical
SHP_04408,SUP_020,Air,2890,12.53,166,Standard
SHP_04409,SUP_024,Road,1187,5.68,333,Low
SHP_04410,SUP_028,Rail,1204,2.28,538,Standard
SHP_04411,SUP_003,Air,4996,14.52,765,Standard
SHP_04412,SUP_003,Air,1035,18.11,973,Low
SHP_04413,SUP_031,Rail,592,18.8,760,Critical
SHP_04414,SUP_035,Rail,1390,10.81,888,Critical
SHP_04415,SUP_027,Road,1395,9.6,459,Critical
SHP_04416,SUP_019,Road,601,6.18,545,Standard
SHP_04417,SUP_006,Road,1921,4.38,999,Standard
SHP_04418,SUP_036,Air,7039,15.98,477,Critical
SHP_04419,SUP_009,Road,123,15.38,448,Critical
SHP_04420,SUP_029,Road,1413,19.03,477,Low
SHP_04421,SUP_007,Air,6338,19.2,527,Low
SHP_04422,SUP_003,Ocean,6059,4.58,766,Critical
SHP_04423,SUP_046,Rail,1049,12.66,488,Low
SHP_04424,SUP_031,Rail,445,17.83,669,Critical
SHP_04425,SUP_042,Road,1556,4.22,938,Low
SHP_04426,SUP_038,Road,1786,14.12,396,Critical
SHP_04427,SUP_037,Road,1697,16.27,832,Critical
SHP_04428,SUP_010,Air,2512,7.56,702,Standard
SHP_04429,SUP_032,Road,1833,6.38,465,Critical
SHP_04430,SUP_001,Rail,356,12.31,962,Low
SHP_04431,SUP_015,Rail,1324,3.62,566,Critical
SHP_04432,SUP_035,Road,662,3.48,864,Standard
SHP_04433,SUP_021,Road,1120,4.44,377,Standard
SHP_04434,SUP_035,Ocean,3241,16.23,649,Standard
SHP_04435,SUP_026,Air,1803,13.27,902,Low
SHP_04436,SUP_019,Road,990,18.22,361,Standard
SHP_04437,SUP_029,Road,939,11.65,567,Low
SHP_04438,SUP_044,Rail,1704,3.89,286,Low
SHP_04439,SUP_049,Ocean,1892,12.37,520,Critical
SHP_04440,SUP_020,Road,552,9.37,526,Low
SHP_04441,SUP_005,Ocean,4236,18.4,602,Standard
SHP_04442,SUP_005,Ocean,2392,14.38,610,Low
SHP_04443,SUP_031,Road,696,7.07,145,Standard
SHP_04444,SUP_033,Road,1066,6.13,480,Low
SHP_04445,SUP_019,Road,990,7.6,219,Standard
SHP_04446,SUP_047,Ocean,4416,11,247,Critical
SHP_04447,SUP_029,Road,815,3.76,180,Low
SHP_04448,SUP_021,Rail,1933,11.77,973,Critical
SHP_04449,SUP_032,Road,1854,10.02,694,Low
SHP_04450,SUP_020,Rail,315,8.46,929,Critical
SHP_04451,SUP_020,Road,1791,2.97,427,Standard
SHP_04452,SUP_015,Rail,1788,5.17,848,Standard
SHP_04453,SUP_025,Ocean,6233,9.4,659,Low
SHP_04454,SUP_004,Ocean,4208,6.59,397,Critical
SHP_04455,SUP_005,Ocean,3448,19.44,518,Low
SHP_04456,SUP_002,Air,6317,12.18,544,Critical
SHP_04457,SUP_041,Rail,1455,5.94,315,Critical
SHP_04458,SUP_030,Air,4564,7.64,347,Critical
SHP_04459,SUP_016,Road,534,13.3,957,Low
SHP_04460,SUP_033,Road,1356,18.36,327,Standard
SHP_04461,SUP_032,Road,810,13.32,755,Standard
SHP_04462,SUP_039,Road,997,13.18,269,Standard
SHP_04463,SUP_022,Ocean,3991,13.23,943,Standard
SHP_04464,SUP_031,Air,7555,3.62,611,Low
SHP_04465,SUP_049,Rail,1428,6.32,270,Low
SHP_04466,SUP_005,Road,374,15,323,Standard
SHP_04467,SUP_033,Air,7357,14.07,881,Critical
SHP_04468,SUP_016,Road,785,10.57,789,Standard
SHP_04469,SUP_037,Ocean,2605,19.51,863,Low
SHP_04470,SUP_034,Ocean,6237,14.12,194,Standard
SHP_04471,SUP_022,Ocean,4453,15.68,840,Standard
SHP_04472,SUP_029,Ocean,5200,13.23,915,Standard
SHP_04473,SUP_001,Road,1593,10.94,799,Standard
SHP_04474,SUP_017,Road,710,17.6,857,Critical
SHP_04475,SUP_029,Rail,881,8.51,601,Low
SHP_04476,SUP_039,Road,1919,6.13,216,Standard
SHP_04477,SUP_020,Road,1185,12.38,563,Low
SHP_04478,SUP_013,Road,1347,2.37,521,Critical
SHP_04479,SUP_020,Rail,225,8.62,510,Standard
SHP_04480,SUP_039,Rail,710,16.13,973,Standard
SHP_04481,SUP_027,Road,347,4.95,550,Low
SHP_04482,SUP_020,Road,623,2.67,868,Critical
SHP_04483,SUP_046,Rail,972,2.73,386,Critical
SHP_04484,SUP_038,Rail,886,19.67,434,Critical
SHP_04485,SUP_016,Road,445,14.61,879,Standard
SHP_04486,SUP_022,Rail,1749,16.81,533,Standard
SHP_04487,SUP_011,Air,6646,10.37,584,Standard
SHP_04488,SUP_027,Road,432,7.39,738,Low
SHP_04489,SUP_017,Rail,1987,18.33,375,Low
SHP_04490,SUP_040,Rail,577,1.16,588,Critical
SHP_04491,SUP_040,Road,648,8.1,745,Critical
SHP_04492,SUP_040,Rail,1594,8.73,331,Standard
SHP_04493,SUP_034,Rail,1646,13.56,933,Low
SHP_04494,SUP_005,Rail,427,15.14,410,Critical
SHP_04495,SUP_012,Rail,292,1.85,331,Critical
SHP_04496,SUP_050,Rail,1467,9.69,712,Standard
SHP_04497,SUP_025,Road,407,7.68,642,Critical
SHP_04498,SUP_026,Air,1542,2.56,502,Standard
SHP_04499,SUP_002,Road,929,6.53,418,Standard
SHP_04500,SUP_038,Road,1320,5.62,641,Standard
SHP_04501,SUP_025,Rail,675,2.97,463,Critical
SHP_04502,SUP_038,Road,699,6.05,795,Low
SHP_04503,SUP_014,Road,777,14.57,435,Critical
SHP_04504,SUP_044,Air,1170,3.06,831,Critical
SHP_04505,SUP_006,Road,1685,11.34,961,Standard
SHP_04506,SUP_005,Road,1881,14.86,593,Critical
SHP_04507,SUP_025,Rail,194,14.93,390,Critical
SHP_04508,SUP_045,Air,4726,5.48,293,Standard
SHP_04509,SUP_045,Rail,1416,10.26,402,Low
SHP_04510,SUP_015,Ocean,1444,16.38,495,Low
SHP_04511,SUP_017,Road,366,6.36,354,Standard
SHP_04512,SUP_036,Road,333,15.18,754,Critical
SHP_04513,SUP_034,Air,7505,5.5,449,Low
SHP_04514,SUP_023,Rail,1141,10.73,490,Standard
SHP_04515,SUP_017,Rail,1708,6.23,486,Critical
SHP_04516,SUP_021,Road,461,10.67,967,Low
SHP_04517,SUP_042,Road,841,17.01,831,Low
SHP_04518,SUP_002,Ocean,1799,4.41,319,Standard
SHP_04519,SUP_008,Road,1877,12.79,702,Low
SHP_04520,SUP_002,Air,3499,3.41,195,Standard
SHP_04521,SUP_007,Ocean,6036,17.52,616,Standard
SHP_04522,SUP_014,Rail,1510,1.47,686,Standard
SHP_04523,SUP_024,Ocean,6835,7.3,852,Low
SHP_04524,SUP_003,Rail,902,6.72,463,Critical
SHP_04525,SUP_028,Ocean,5734,14.45,886,Standard
SHP_04526,SUP_044,Road,102,17.63,640,Critical
SHP_04527,SUP_027,Rail,1066,16.11,324,Critical
SHP_04528,SUP_007,Ocean,2863,7.89,754,Critical
SHP_04529,SUP_021,Rail,1418,10.77,896,Standard
SHP_04530,SUP_048,Road,684,18.84,475,Standard
SHP_04531,SUP_013,Road,1767,18.85,138,Critical
SHP_04532,SUP_030,Road,1875,17.31,463,Low
SHP_04533,SUP_014,Road,457,7.66,930,Low
SHP_04534,SUP_033,Road,353,15.52,322,Low
SHP_04535,SUP_047,Rail,1315,7.57,234,Low
SHP_04536,SUP_044,Rail,1019,1.11,801,Low
SHP_04537,SUP_008,Road,1073,18.34,878,Low
SHP_04538,SUP_013,Rail,1181,15.8,375,Low
SHP_04539,SUP_024,Air,1721,14.34,848,Critical
SHP_04540,SUP_037,Air,696,12.4,360,Critical
SHP_04541,SUP_027,Road,681,19,805,Standard
SHP_04542,SUP_016,Road,1797,2.75,971,Standard
SHP_04543,SUP_027,Road,763,15.44,577,Low
SHP_04544,SUP_007,Road,1840,4.59,466,Low
SHP_04545,SUP_025,Road,1342,19.88,464,Critical
SHP_04546,SUP_029,Ocean,1196,17.61,591,Standard
SHP_04547,SUP_031,Air,6767,19.61,448,Critical
SHP_04548,SUP_044,Rail,132,10.58,445,Low
SHP_04549,SUP_039,Rail,891,5.57,467,Low
SHP_04550,SUP_021,Rail,281,10.63,258,Critical
SHP_04551,SUP_046,Ocean,4987,15.46,147,Critical
SHP_04552,SUP_040,Air,7197,19.85,934,Standard
SHP_04553,SUP_048,Road,1527,2.44,736,Low
SHP_04554,SUP_030,Ocean,4372,10.33,342,Low
SHP_04555,SUP_005,Road,877,8.4,729,Critical
SHP_04556,SUP_009,Rail,1601,10.33,296,Low
SHP_04557,SUP_035,Rail,1049,8.58,578,Critical
SHP_04558,SUP_031,Rail,287,3.66,621,Critical
SHP_04559,SUP_007,Ocean,6032,16.23,879,Critical
SHP_04560,SUP_045,Ocean,4680,15.35,381,Critical
SHP_04561,SUP_005,Rail,507,8.57,615,Low
SHP_04562,SUP_009,Road,303,17.02,397,Low
SHP_04563,SUP_016,Ocean,6584,17.31,510,Critical
SHP_04564,SUP_019,Air,6245,10.16,285,Standard
SHP_04565,SUP_033,Road,1714,16.24,689,Low
SHP_04566,SUP_042,Ocean,1235,11.18,271,Low
SHP_04567,SUP_019,Road,257,10.16,586,Standard
SHP_04568,SUP_011,Road,1872,14.29,997,Critical
SHP_04569,SUP_041,Air,3441,7.97,113,Standard
SHP_04570,SUP_027,Ocean,3101,19.16,597,Standard
SHP_04571,SUP_026,Road,1104,7.45,163,Low
SHP_04572,SUP_001,Rail,1109,1.11,705,Low
SHP_04573,SUP_006,Road,215,15.98,771,Low
SHP_04574,SUP_040,Rail,1609,6.35,314,Low
SHP_04575,SUP_032,Rail,1082,15.31,514,Critical
SHP_04576,SUP_008,Road,1981,9.41,101,Standard
SHP_04577,SUP_004,Road,980,10.89,187,Critical
SHP_04578,SUP_032,Road,816,1.08,904,Critical
SHP_04579,SUP_045,Ocean,1371,1.2,548,Standard
SHP_04580,SUP_026,Rail,1162,14.56,563,Standard
SHP_04581,SUP_001,Ocean,5872,5.66,592,Critical
SHP_04582,SUP_012,Road,100,13.51,355,Standard
SHP_04583,SUP_008,Rail,1108,14.13,169,Standard
SHP_04584,SUP_001,Rail,1637,5.17,852,Standard
SHP_04585,SUP_041,Rail,235,8.72,812,Low
SHP_04586,SUP_049,Ocean,1709,2.98,890,Critical
SHP_04587,SUP_015,Road,477,17.07,689,Low
SHP_04588,SUP_032,Air,1183,16.33,623,Standard
SHP_04589,SUP_002,Rail,1498,13.92,273,Standard
SHP_04590,SUP_030,Rail,593,8.72,630,Critical
SHP_04591,SUP_009,Rail,691,10.48,753,Critical
SHP_04592,SUP_002,Road,1555,1.37,383,Low
SHP_04593,SUP_017,Road,1896,7.1,742,Critical
SHP_04594,SUP_023,Road,1528,1.97,411,Critical
SHP_04595,SUP_040,Road,361,19.64,392,Low
SHP_04596,SUP_014,Rail,485,1.36,524,Critical
SHP_04597,SUP_035,Rail,956,4.86,926,Critical
SHP_04598,SUP_030,Road,207,6.27,686,Standard
SHP_04599,SUP_025,Road,355,13.01,973,Standard
SHP_04600,SUP_050,Road,597,13.63,501,Critical
SHP_04601,SUP_027,Road,483,18.68,399,Critical
SHP_04602,SUP_015,Rail,264,1.13,419,Low
SHP_04603,SUP_015,Ocean,7627,2.25,861,Critical
SHP_04604,SUP_026,Road,1025,1.74,825,Critical
SHP_04605,SUP_034,Rail,501,9.32,519,Low
SHP_04606,SUP_023,Ocean,937,6.15,341,Low
SHP_04607,SUP_011,Ocean,2527,6.57,498,Low
SHP_04608,SUP_041,Road,1972,19.08,323,Standard
SHP_04609,SUP_003,Ocean,2094,3.39,314,Low
SHP_04610,SUP_045,Road,1063,7.24,112,Standard
SHP_04611,SUP_012,Road,1465,7.64,232,Low
SHP_04612,SUP_029,Air,1584,13.7,900,Critical
SHP_04613,SUP_020,Road,112,13.47,643,Standard
SHP_04614,SUP_003,Air,5719,12.94,203,Standard
SHP_04615,SUP_003,Road,726,2.74,925,Low
SHP_04616,SUP_025,Road,321,5.82,783,Low
SHP_04617,SUP_034,Ocean,6856,12.54,578,Standard
SHP_04618,SUP_039,Ocean,3478,15.27,307,Low
SHP_04619,SUP_016,Road,1902,2.86,859,Low
SHP_04620,SUP_043,Ocean,1959,9.5,169,Low
SHP_04621,SUP_007,Ocean,1021,18.44,972,Low
SHP_04622,SUP_020,Rail,1277,19.79,109,Low
SHP_04623,SUP_045,Air,4138,14.14,804,Critical
SHP_04624,SUP_013,Rail,1899,8.06,906,Standard
SHP_04625,SUP_002,Ocean,6931,17.54,330,Critical
SHP_04626,SUP_015,Rail,977,18.84,857,Low
SHP_04627,SUP_020,Road,520,4.45,735,Critical
SHP_04628,SUP_018,Road,193,4.26,127,Standard
SHP_04629,SUP_030,Rail,1867,12.16,680,Low
SHP_04630,SUP_024,Road,1420,10.51,794,Critical
SHP_04631,SUP_030,Air,5182,12.63,890,Critical
SHP_04632,SUP_015,Road,1117,4.45,895,Low
SHP_04633,SUP_007,Ocean,6481,10.68,345,Standard
SHP_04634,SUP_017,Ocean,7106,6.76,679,Critical
SHP_04635,SUP_002,Air,6462,9.66,505,Critical
SHP_04636,SUP_031,Ocean,3944,2.93,276,Low
SHP_04637,SUP_017,Road,787,10.7,208,Standard
SHP_04638,SUP_022,Rail,1113,3.54,642,Standard
SHP_04639,SUP_003,Rail,340,1.32,479,Low
SHP_04640,SUP_003,Ocean,1795,2.87,756,Standard
SHP_04641,SUP_025,Ocean,5259,7.06,334,Standard
SHP_04642,SUP_003,Road,1200,18.16,761,Low
SHP_04643,SUP_049,Ocean,7007,3.85,493,Standard
SHP_04644,SUP_046,Air,3814,15.44,813,Standard
SHP_04645,SUP_047,Rail,131,3.19,986,Standard
SHP_04646,SUP_018,Rail,559,18.52,242,Critical
SHP_04647,SUP_033,Rail,1507,15.9,229,Low
SHP_04648,SUP_031,Road,1063,19.54,394,Standard
SHP_04649,SUP_024,Ocean,2901,2.31,216,Critical
SHP_04650,SUP_044,Road,328,11.35,120,Standard
SHP_04651,SUP_038,Air,1054,4.78,355,Low
SHP_04652,SUP_028,Rail,172,11.7,104,Standard
SHP_04653,SUP_036,Road,1152,11.14,387,Standard
SHP_04654,SUP_004,Ocean,1937,13.8,942,Critical
SHP_04655,SUP_019,Road,459,9.32,649,Low
SHP_04656,SUP_050,Road,1562,6.5,323,Low
SHP_04657,SUP_050,Ocean,4754,10.78,926,Low
SHP_04658,SUP_009,Road,1893,12.28,430,Low
SHP_04659,SUP_034,Road,1289,8.34,917,Low
SHP_04660,SUP_025,Rail,1017,13.62,541,Standard
SHP_04661,SUP_004,Road,857,14.84,674,Standard
SHP_04662,SUP_033,Rail,1699,2.68,611,Critical
SHP_04663,SUP_049,Road,757,17.92,148,Low
SHP_04664,SUP_012,Ocean,3332,8.91,257,Standard
SHP_04665,SUP_031,Ocean,7828,3.2,897,Low
SHP_04666,SUP_022,Rail,1470,19.98,523,Standard
SHP_04667,SUP_028,Air,3332,18.44,636,Critical
SHP_04668,SUP_016,Ocean,1354,13.68,504,Critical
SHP_04669,SUP_011,Rail,1815,4.24,230,Standard
SHP_04670,SUP_016,Rail,1701,15.38,988,Standard
SHP_04671,SUP_012,Road,961,4.65,924,Critical
SHP_04672,SUP_005,Ocean,1614,10.13,343,Critical
SHP_04673,SUP_042,Rail,672,18.32,722,Standard
SHP_04674,SUP_040,Air,7193,11.21,706,Standard
SHP_04675,SUP_034,Road,1752,14.52,930,Low
SHP_04676,SUP_003,Ocean,3645,13.29,185,Standard
SHP_04677,SUP_012,Air,6492,8.36,650,Critical
SHP_04678,SUP_029,Ocean,1314,5.65,850,Critical
SHP_04679,SUP_010,Rail,1839,8.41,891,Low
SHP_04680,SUP_033,Rail,1598,19.51,102,Critical
SHP_04681,SUP_043,Road,326,15.55,474,Standard
SHP_04682,SUP_012,Road,461,10.1,129,Low
SHP_04683,SUP_021,Ocean,4894,18.88,356,Low
SHP_04684,SUP_012,Road,1097,7.26,946,Critical
SHP_04685,SUP_034,Rail,306,2.35,698,Standard
SHP_04686,SUP_025,Road,513,18.06,895,Low
SHP_04687,SUP_037,Air,7586,18.02,671,Critical
SHP_04688,SUP_001,Air,1494,14.08,264,Standard
SHP_04689,SUP_019,Road,621,8.36,563,Critical
SHP_04690,SUP_002,Ocean,4321,14.44,977,Critical
SHP_04691,SUP_018,Road,857,17.94,611,Standard
SHP_04692,SUP_017,Road,139,11.34,325,Critical
SHP_04693,SUP_010,Road,935,15.75,531,Critical
SHP_04694,SUP_030,Road,790,7.1,728,Low
SHP_04695,SUP_015,Road,344,19.49,897,Critical
SHP_04696,SUP_033,Ocean,527,17.63,257,Low
SHP_04697,SUP_012,Road,1197,10.62,836,Low
SHP_04698,SUP_012,Road,351,9.49,648,Low
SHP_04699,SUP_005,Air,7316,5.56,898,Low
SHP_04700,SUP_027,Ocean,3368,1.38,875,Critical
SHP_04701,SUP_020,Road,1284,3.63,129,Standard
SHP_04702,SUP_018,Air,2437,3.77,133,Critical
SHP_04703,SUP_029,Rail,1182,13.36,226,Low
SHP_04704,SUP_019,Rail,852,7.59,954,Standard
SHP_04705,SUP_001,Road,675,18.7,617,Low
SHP_04706,SUP_037,Road,1241,3.29,252,Standard
SHP_04707,SUP_012,Rail,1481,18.24,122,Standard
SHP_04708,SUP_024,Road,966,18.41,139,Critical
SHP_04709,SUP_044,Ocean,5759,15.36,273,Low
SHP_04710,SUP_019,Rail,1242,1.79,631,Standard
SHP_04711,SUP_020,Road,1780,9.73,777,Low
SHP_04712,SUP_019,Road,416,18.48,660,Critical
SHP_04713,SUP_020,Road,464,8.71,512,Standard
SHP_04714,SUP_029,Rail,1980,9.13,372,Low
SHP_04715,SUP_021,Road,1539,13.86,411,Critical
SHP_04716,SUP_026,Road,804,18.11,724,Critical
SHP_04717,SUP_005,Rail,862,12.95,436,Standard
SHP_04718,SUP_022,Ocean,2637,6.18,307,Standard
SHP_04719,SUP_046,Road,1982,12.43,817,Standard
SHP_04720,SUP_036,Ocean,2585,13.04,884,Low
SHP_04721,SUP_034,Road,1395,2.41,385,Standard
SHP_04722,SUP_036,Air,3472,1.82,972,Low
SHP_04723,SUP_041,Road,970,16.11,699,Low
SHP_04724,SUP_024,Road,536,10.33,930,Low
SHP_04725,SUP_049,Road,1856,8.37,843,Low
SHP_04726,SUP_022,Air,5096,5.09,839,Critical
SHP_04727,SUP_023,Ocean,2961,7.7,260,Critical
SHP_04728,SUP_048,Ocean,2910,18.84,906,Low
SHP_04729,SUP_032,Rail,1120,17.37,979,Low
SHP_04730,SUP_037,Road,1580,3.49,115,Standard
SHP_04731,SUP_030,Air,5803,8.64,864,Standard
SHP_04732,SUP_021,Air,7351,15.17,681,Standard
SHP_04733,SUP_008,Rail,1321,15.75,744,Low
SHP_04734,SUP_048,Ocean,704,5.13,436,Low
SHP_04735,SUP_008,Road,1025,3.39,695,Critical
SHP_04736,SUP_040,Air,2779,17.85,191,Standard
SHP_04737,SUP_010,Road,1161,6.67,300,Low
SHP_04738,SUP_025,Road,151,10.57,627,Critical
SHP_04739,SUP_003,Road,1294,18.32,321,Critical
SHP_04740,SUP_040,Rail,1508,12.45,391,Critical
SHP_04741,SUP_031,Rail,1922,19.37,780,Critical
SHP_04742,SUP_045,Air,2306,10.75,957,Critical
SHP_04743,SUP_032,Air,4679,13.87,952,Critical
SHP_04744,SUP_036,Ocean,4264,3.42,688,Critical
SHP_04745,SUP_014,Road,1957,8.52,230,Critical
SHP_04746,SUP_002,Air,3548,16.2,932,Standard
SHP_04747,SUP_036,Road,1458,15.28,690,Critical
SHP_04748,SUP_039,Air,4711,3.37,506,Low
SHP_04749,SUP_030,Road,286,13.98,241,Low
SHP_04750,SUP_003,Ocean,7883,18.05,514,Critical
SHP_04751,SUP_032,Road,251,3.8,843,Low
SHP_04752,SUP_016,Road,507,18.92,393,Critical
SHP_04753,SUP_021,Rail,1152,16.34,531,Critical
SHP_04754,SUP_014,Road,256,17.05,740,Critical
SHP_04755,SUP_033,Ocean,4046,13.45,868,Critical
SHP_04756,SUP_004,Ocean,7810,5.33,434,Standard
SHP_04757,SUP_041,Air,6964,6.59,240,Standard
SHP_04758,SUP_045,Rail,1663,14.84,941,Standard
SHP_04759,SUP_044,Road,849,15.24,1000,Low
SHP_04760,SUP_005,Ocean,3189,5.21,307,Low
SHP_04761,SUP_023,Road,750,13.77,175,Standard
SHP_04762,SUP_039,Ocean,5025,4.59,513,Low
SHP_04763,SUP_025,Rail,1174,14.66,339,Standard
SHP_04764,SUP_016,Road,675,17.78,225,Standard
SHP_04765,SUP_010,Road,736,3.02,831,Standard
SHP_04766,SUP_035,Ocean,640,7.87,771,Standard
SHP_04767,SUP_022,Ocean,3153,8.62,978,Critical
SHP_04768,SUP_032,Air,3421,18.77,404,Low
SHP_04769,SUP_044,Rail,274,6.87,429,Standard
SHP_04770,SUP_021,Road,1461,5.57,654,Low
SHP_04771,SUP_037,Air,3504,18.17,599,Critical
SHP_04772,SUP_018,Road,617,2.02,225,Low
SHP_04773,SUP_009,Road,798,2.45,584,Standard
SHP_04774,SUP_035,Ocean,2182,2.32,902,Low
SHP_04775,SUP_018,Road,506,15.17,549,Low
SHP_04776,SUP_017,Ocean,5128,13.58,380,Standard
SHP_04777,SUP_039,Air,5862,19.46,299,Low
SHP_04778,SUP_011,Road,1987,2.57,543,Low
SHP_04779,SUP_021,Road,486,11.06,444,Critical
SHP_04780,SUP_047,Road,922,4.95,408,Standard
SHP_04781,SUP_041,Air,6960,2.7,196,Critical
SHP_04782,SUP_031,Road,985,3.87,663,Critical
SHP_04783,SUP_021,Rail,1448,12,644,Standard
SHP_04784,SUP_046,Road,1390,3.3,707,Low
SHP_04785,SUP_044,Road,1408,15.06,666,Low
SHP_04786,SUP_005,Road,880,7.86,972,Critical
SHP_04787,SUP_006,Ocean,4856,16.25,909,Standard
SHP_04788,SUP_007,Ocean,5513,8.28,545,Standard
SHP_04789,SUP_026,Road,550,14.49,325,Low
SHP_04790,SUP_006,Road,175,13.32,548,Standard
SHP_04791,SUP_019,Air,1564,18.5,198,Standard
SHP_04792,SUP_050,Ocean,2472,7.15,123,Low
SHP_04793,SUP_015,Air,7276,4.1,549,Low
SHP_04794,SUP_011,Road,1417,1.9,101,Standard
SHP_04795,SUP_019,Road,1530,8.26,241,Standard
SHP_04796,SUP_050,Road,1125,8.6,612,Low
SHP_04797,SUP_038,Road,1270,6.41,170,Critical
SHP_04798,SUP_006,Rail,1570,17.31,150,Standard
SHP_04799,SUP_021,Air,6816,6.01,715,Critical
SHP_04800,SUP_032,Rail,1811,5.55,365,Standard
SHP_04801,SUP_043,Air,4160,10.29,335,Critical
SHP_04802,SUP_016,Air,7476,15.17,976,Standard
SHP_04803,SUP_031,Ocean,7154,4.6,307,Low
SHP_04804,SUP_001,Road,1654,15.38,862,Low
SHP_04805,SUP_045,Ocean,623,6.09,878,Standard
SHP_04806,SUP_013,Road,535,16.25,372,Low
SHP_04807,SUP_044,Air,5062,19.17,558,Low
SHP_04808,SUP_029,Ocean,3994,14.18,456,Critical
SHP_04809,SUP_037,Road,1820,4.6,911,Low
SHP_04810,SUP_049,Ocean,5886,12.57,870,Low
SHP_04811,SUP_040,Road,1909,18.99,424,Critical
SHP_04812,SUP_014,Ocean,7615,6.73,399,Standard
SHP_04813,SUP_022,Air,6711,16.75,622,Standard
SHP_04814,SUP_005,Road,1994,5.86,544,Critical
SHP_04815,SUP_017,Rail,1659,4.32,943,Critical
SHP_04816,SUP_015,Ocean,2382,13.91,812,Critical
SHP_04817,SUP_049,Ocean,2722,16.48,838,Standard
SHP_04818,SUP_035,Ocean,2549,17.22,938,Standard
SHP_04819,SUP_040,Ocean,7949,19.39,207,Critical
SHP_04820,SUP_049,Road,920,7.81,216,Critical
SHP_04821,SUP_047,Road,1086,10.88,819,Critical
SHP_04822,SUP_048,Road,1525,16.84,444,Low
SHP_04823,SUP_028,Road,1724,11.97,128,Standard
SHP_04824,SUP_015,Road,1358,1.14,172,Critical
SHP_04825,SUP_006,Road,595,6.16,141,Critical
SHP_04826,SUP_006,Road,1945,11.75,463,Critical
SHP_04827,SUP_025,Rail,1670,10.73,953,Critical
SHP_04828,SUP_044,Road,876,4.71,834,Critical
SHP_04829,SUP_036,Road,134,10.71,636,Critical
SHP_04830,SUP_042,Road,1522,16.71,236,Critical
SHP_04831,SUP_010,Rail,1198,10.97,440,Standard
SHP_04832,SUP_011,Rail,1204,9.36,769,Standard
SHP_04833,SUP_010,Rail,968,10.49,881,Standard
SHP_04834,SUP_023,Road,996,6.61,698,Low
SHP_04835,SUP_020,Road,1165,19.83,609,Standard
SHP_04836,SUP_021,Air,7968,17.08,386,Standard
SHP_04837,SUP_035,Road,265,2.3,133,Critical
SHP_04838,SUP_044,Road,1950,7.98,332,Standard
SHP_04839,SUP_013,Air,1434,19.97,323,Low
SHP_04840,SUP_047,Road,1964,19.47,886,Low
SHP_04841,SUP_034,Ocean,949,14.27,490,Standard
SHP_04842,SUP_014,Ocean,7446,3.71,139,Critical
SHP_04843,SUP_022,Road,178,4.09,897,Critical
SHP_04844,SUP_035,Air,6365,2.79,290,Critical
SHP_04845,SUP_028,Road,1185,1.66,298,Low
SHP_04846,SUP_048,Road,865,7.66,872,Low
SHP_04847,SUP_009,Ocean,3472,8.69,407,Critical
SHP_04848,SUP_001,Air,1269,7.88,583,Critical
SHP_04849,SUP_028,Rail,712,10.7,353,Low
SHP_04850,SUP_019,Air,7515,18.18,905,Critical
SHP_04851,SUP_017,Ocean,4309,9.96,867,Standard
SHP_04852,SUP_008,Road,577,19.81,693,Standard
SHP_04853,SUP_028,Rail,1477,14.31,425,Standard
SHP_04854,SUP_042,Road,889,9.47,223,Standard
SHP_04855,SUP_012,Rail,1411,13.87,163,Standard
SHP_04856,SUP_002,Road,425,10.63,381,Low
SHP_04857,SUP_013,Air,5937,19.13,698,Critical
SHP_04858,SUP_013,Ocean,1910,8.66,676,Low
SHP_04859,SUP_030,Ocean,4896,1.46,758,Standard
SHP_04860,SUP_031,Ocean,4777,10.89,118,Critical
SHP_04861,SUP_027,Rail,1734,9.51,257,Critical
SHP_04862,SUP_049,Ocean,1693,5.15,559,Critical
SHP_04863,SUP_039,Air,1127,18.95,396,Low
SHP_04864,SUP_009,Road,1252,12.54,524,Standard
SHP_04865,SUP_042,Road,874,2.37,970,Low
SHP_04866,SUP_014,Rail,1709,13.39,472,Critical
SHP_04867,SUP_045,Road,970,10.38,637,Standard
SHP_04868,SUP_027,Air,7932,16.11,743,Low
SHP_04869,SUP_018,Rail,1233,6.39,771,Standard
SHP_04870,SUP_033,Ocean,5411,17.26,256,Critical
SHP_04871,SUP_024,Road,1608,8.88,568,Standard
SHP_04872,SUP_030,Air,1892,13.88,739,Critical
SHP_04873,SUP_046,Road,843,15.02,105,Low
SHP_04874,SUP_017,Road,1004,16.24,440,Low
SHP_04875,SUP_018,Road,696,14.62,721,Low
SHP_04876,SUP_004,Rail,1477,14.48,845,Low
SHP_04877,SUP_043,Rail,1888,5.53,218,Low
SHP_04878,SUP_041,Rail,995,9.2,909,Standard
SHP_04879,SUP_029,Road,591,4.98,224,Critical
SHP_04880,SUP_008,Ocean,788,1.5,663,Critical
SHP_04881,SUP_032,Road,1479,15.08,550,Critical
SHP_04882,SUP_016,Road,1515,4.03,233,Standard
SHP_04883,SUP_011,Ocean,7481,13.02,805,Low
SHP_04884,SUP_008,Road,732,19.32,184,Low
SHP_04885,SUP_047,Air,3863,12.05,193,Standard
SHP_04886,SUP_004,Ocean,1800,8.59,223,Critical
SHP_04887,SUP_003,Road,1796,13.84,342,Critical
SHP_04888,SUP_019,Rail,192,8.33,581,Low
SHP_04889,SUP_006,Air,2975,10.11,661,Standard
SHP_04890,SUP_027,Rail,1119,1.12,522,Standard
SHP_04891,SUP_013,Road,989,7.52,236,Standard
SHP_04892,SUP_037,Air,6205,2.98,554,Critical
SHP_04893,SUP_032,Rail,1447,15.43,542,Critical
SHP_04894,SUP_043,Road,514,1.98,424,Low
SHP_04895,SUP_013,Road,1972,4.4,572,Critical
SHP_04896,SUP_039,Air,1823,16.43,114,Standard
SHP_04897,SUP_008,Air,3920,13.22,407,Low
SHP_04898,SUP_022,Road,173,10.15,346,Standard
SHP_04899,SUP_039,Air,7014,19.18,705,Critical
SHP_04900,SUP_014,Ocean,4016,18.86,431,Low
SHP_04901,SUP_024,Air,5529,4.54,657,Low
SHP_04902,SUP_049,Road,809,4.12,493,Low
SHP_04903,SUP_013,Air,4007,10.25,268,Low
SHP_04904,SUP_007,Road,1252,13.43,170,Standard
SHP_04905,SUP_010,Ocean,2279,16.91,359,Standard
SHP_04906,SUP_031,Road,566,7.88,152,Critical
SHP_04907,SUP_020,Ocean,4600,1.42,200,Low
SHP_04908,SUP_019,Road,553,19.22,433,Standard
SHP_04909,SUP_019,Rail,258,18.24,265,Standard
SHP_04910,SUP_001,Road,1866,6.73,118,Critical
SHP_04911,SUP_002,Ocean,6059,18.18,825,Critical
SHP_04912,SUP_005,Rail,757,18.35,126,Standard
SHP_04913,SUP_014,Road,142,4.38,521,Standard
SHP_04914,SUP_043,Road,1075,4.01,313,Critical
SHP_04915,SUP_023,Road,1518,8.1,221,Low
SHP_04916,SUP_047,Ocean,4620,6.62,285,Standard
SHP_04917,SUP_013,Road,1653,5.88,419,Standard
SHP_04918,SUP_010,Road,1074,13.52,251,Critical
SHP_04919,SUP_016,Rail,1785,8.03,515,Low
SHP_04920,SUP_036,Road,425,10.7,173,Critical
SHP_04921,SUP_026,Ocean,2883,1.79,837,Critical
SHP_04922,SUP_029,Rail,1388,9.4,641,Critical
SHP_04923,SUP_048,Rail,1200,11.67,812,Standard
SHP_04924,SUP_021,Ocean,2713,19.28,607,Critical
SHP_04925,SUP_035,Air,2757,12.37,954,Low
SHP_04926,SUP_050,Road,1394,10.03,897,Standard
SHP_04927,SUP_032,Road,759,5.81,718,Standard
SHP_04928,SUP_039,Road,1386,7.55,422,Critical
SHP_04929,SUP_031,Rail,588,3.19,909,Standard
SHP_04930,SUP_016,Ocean,1641,12.55,286,Standard
SHP_04931,SUP_046,Road,1493,10.42,727,Critical
SHP_04932,SUP_047,Road,873,9.13,857,Low
SHP_04933,SUP_027,Ocean,3613,8.02,122,Low
SHP_04934,SUP_024,Road,342,12.56,389,Low
SHP_04935,SUP_031,Road,757,7.88,919,Critical
SHP_04936,SUP_032,Road,1652,16.1,811,Low
SHP_04937,SUP_026,Ocean,7996,10.1,537,Standard
SHP_04938,SUP_002,Rail,507,9.44,445,Standard
SHP_04939,SUP_038,Rail,1774,1.51,638,Low
SHP_04940,SUP_020,Ocean,859,18.6,437,Critical
SHP_04941,SUP_039,Road,1509,4.76,864,Standard
SHP_04942,SUP_008,Road,888,18.8,169,Standard
SHP_04943,SUP_007,Ocean,2661,16.22,645,Standard
SHP_04944,SUP_011,Road,462,16.41,140,Low
SHP_04945,SUP_004,Rail,1326,1.46,180,Low
SHP_04946,SUP_001,Ocean,7393,19.31,263,Low
SHP_04947,SUP_021,Rail,1013,12.75,978,Low
SHP_04948,SUP_009,Rail,215,7.96,857,Standard
SHP_04949,SUP_033,Ocean,5094,16.33,901,Critical
SHP_04950,SUP_029,Ocean,6815,18.89,774,Low
SHP_04951,SUP_016,Road,1652,8.22,918,Critical
SHP_04952,SUP_027,Air,6453,4.07,429,Low
SHP_04953,SUP_030,Road,1529,8.68,920,Standard
SHP_04954,SUP_026,Rail,1344,1.18,352,Critical
SHP_04955,SUP_042,Road,1655,3.89,870,Standard
SHP_04956,SUP_012,Rail,1451,15.23,326,Critical
SHP_04957,SUP_044,Road,1518,17.09,737,Low
SHP_04958,SUP_043,Rail,1903,9.13,119,Critical
SHP_04959,SUP_035,Road,330,8.36,461,Critical
SHP_04960,SUP_046,Rail,739,12.16,167,Critical
SHP_04961,SUP_008,Road,1157,16.51,846,Standard
SHP_04962,SUP_044,Road,1189,2.38,788,Critical
SHP_04963,SUP_031,Road,1009,4.84,429,Low
SHP_04964,SUP_003,Rail,1053,7.66,853,Standard
SHP_04965,SUP_009,Road,1304,17.6,844,Low
SHP_04966,SUP_031,Road,1087,10.47,576,Critical
SHP_04967,SUP_020,Ocean,2048,17.85,787,Standard
SHP_04968,SUP_031,Rail,685,18.17,651,Low
SHP_04969,SUP_045,Ocean,3434,16.82,102,Critical
SHP_04970,SUP_017,Road,1368,13.64,334,Standard
SHP_04971,SUP_002,Road,1958,10.39,169,Low
SHP_04972,SUP_027,Ocean,1354,1.49,472,Low
SHP_04973,SUP_001,Road,970,10.59,493,Standard
SHP_04974,SUP_025,Rail,1661,18.39,817,Critical
SHP_04975,SUP_041,Road,1177,14.95,922,Low
SHP_04976,SUP_032,Road,490,16.42,186,Critical
SHP_04977,SUP_044,Air,5992,9.56,996,Standard
SHP_04978,SUP_047,Road,1888,11.13,163,Standard
SHP_04979,SUP_001,Air,2617,11.63,640,Critical
SHP_04980,SUP_039,Air,3802,3.96,664,Critical
SHP_04981,SUP_022,Ocean,7254,16.17,193,Standard
SHP_04982,SUP_023,Road,352,15.13,123,Critical
SHP_04983,SUP_031,Rail,647,17.03,206,Standard
SHP_04984,SUP_011,Ocean,1447,11.95,684,Low
SHP_04985,SUP_007,Rail,1499,16.62,227,Standard
SHP_04986,SUP_002,Road,1298,3.83,545,Standard
SHP_04987,SUP_031,Rail,195,17.92,581,Standard
SHP_04988,SUP_050,Rail,921,8.82,475,Low
SHP_04989,SUP_040,Rail,1741,19.69,115,Standard
SHP_04990,SUP_009,Rail,1347,6.43,891,Low
SHP_04991,SUP_007,Ocean,2791,12.53,478,Low
SHP_04992,SUP_023,Rail,554,15.52,656,Low
SHP_04993,SUP_015,Road,1780,10.67,597,Standard
SHP_04994,SUP_039,Rail,1571,9.98,152,Standard
SHP_04995,SUP_018,Air,4130,14.13,160,Critical
SHP_04996,SUP_028,Ocean,2286,1.73,550,Critical
SHP_04997,SUP_003,Air,7163,8.07,321,Standard
SHP_04998,SUP_007,Road,862,5.3,552,Standard
SHP_04999,SUP_044,Ocean,2437,15.34,794,Critical
SHP_05000,SUP_021,Rail,870,1.49,511,Standard
SHP_05001,SUP_005,Road,627,17.78,983,Critical
SHP_05002,SUP_011,Road,247,7.38,399,Low
SHP_05003,SUP_023,Ocean,4364,8.59,538,Low
SHP_05004,SUP_029,Road,117,1.57,768,Low
SHP_05005,SUP_017,Ocean,5378,3.98,770,Low
SHP_05006,SUP_039,Air,606,11.63,964,Critical
SHP_05007,SUP_013,Rail,791,19.09,479,Critical
SHP_05008,SUP_005,Ocean,1814,10.72,476,Standard
SHP_05009,SUP_033,Road,1236,4.87,226,Low
SHP_05010,SUP_045,Road,1283,13.01,148,Standard
SHP_05011,SUP_046,Road,901,10.82,729,Low
SHP_05012,SUP_008,Rail,207,3.68,775,Critical
SHP_05013,SUP_034,Road,846,12.13,200,Critical
SHP_05014,SUP_046,Rail,438,16.41,645,Critical
SHP_05015,SUP_018,Road,1304,5.26,882,Critical
SHP_05016,SUP_008,Road,653,19.9,305,Critical
SHP_05017,SUP_022,Air,2953,11.04,416,Low
SHP_05018,SUP_048,Road,1394,19.99,721,Low
SHP_05019,SUP_048,Rail,447,1.92,956,Low
SHP_05020,SUP_034,Ocean,7335,10.8,765,Low
SHP_05021,SUP_043,Rail,414,16.19,851,Standard
SHP_05022,SUP_045,Road,1181,4.18,920,Critical
SHP_05023,SUP_006,Ocean,7581,10.44,938,Low
SHP_05024,SUP_023,Rail,1585,2.41,393,Standard
SHP_05025,SUP_024,Ocean,5037,15.64,869,Critical
SHP_05026,SUP_029,Road,1557,6.52,522,Standard
SHP_05027,SUP_029,Road,1655,13.63,775,Standard
SHP_05028,SUP_038,Air,3872,5.99,154,Standard
SHP_05029,SUP_032,Rail,465,4.42,378,Low
SHP_05030,SUP_048,Air,5631,9.76,638,Critical
SHP_05031,SUP_020,Road,300,11.43,250,Critical
SHP_05032,SUP_011,Road,328,6.92,188,Standard
SHP_05033,SUP_019,Rail,577,1.1,445,Standard
SHP_05034,SUP_050,Rail,438,7.41,656,Low
SHP_05035,SUP_035,Road,480,2.37,711,Low
SHP_05036,SUP_034,Road,1118,14.96,747,Standard
SHP_05037,SUP_046,Rail,1499,1.27,505,Critical
SHP_05038,SUP_046,Ocean,6621,18.26,832,Low
SHP_05039,SUP_017,Rail,1499,14.6,214,Standard
SHP_05040,SUP_041,Ocean,7112,15.71,568,Low
SHP_05041,SUP_032,Rail,1492,18.77,851,Low
SHP_05042,SUP_024,Rail,1521,8.36,401,Standard
SHP_05043,SUP_014,Road,694,8.65,509,Standard
SHP_05044,SUP_038,Rail,1014,18.93,749,Critical
SHP_05045,SUP_013,Rail,523,13.66,754,Critical
SHP_05046,SUP_007,Rail,750,18.7,385,Low
SHP_05047,SUP_048,Road,717,12.84,760,Low
SHP_05048,SUP_031,Road,1537,14.76,844,Standard
SHP_05049,SUP_036,Road,1344,4.78,308,Low
SHP_05050,SUP_028,Road,547,4.29,196,Critical
SHP_05051,SUP_038,Road,843,19.19,341,Critical
SHP_05052,SUP_009,Ocean,7472,6.52,252,Critical
SHP_05053,SUP_035,Road,492,12.87,632,Low
SHP_05054,SUP_015,Air,7007,6.09,841,Standard
SHP_05055,SUP_013,Road,1901,6.27,248,Critical
SHP_05056,SUP_025,Rail,551,1.77,347,Critical
SHP_05057,SUP_041,Road,512,7.16,775,Critical
SHP_05058,SUP_028,Road,1646,3.7,822,Low
SHP_05059,SUP_023,Rail,458,3.56,405,Standard
SHP_05060,SUP_018,Road,243,14.46,405,Low
SHP_05061,SUP_018,Ocean,762,4.4,493,Critical
SHP_05062,SUP_018,Ocean,4348,11.36,558,Critical
SHP_05063,SUP_035,Road,1821,17.24,138,Low
SHP_05064,SUP_023,Road,1731,4.26,503,Critical
SHP_05065,SUP_009,Rail,356,16.88,370,Standard
SHP_05066,SUP_001,Air,6352,16.7,134,Low
SHP_05067,SUP_009,Road,506,19.92,837,Low
SHP_05068,SUP_021,Road,979,1.3,491,Critical
SHP_05069,SUP_043,Ocean,1058,3.76,533,Critical
SHP_05070,SUP_011,Air,6214,16.61,649,Low
SHP_05071,SUP_033,Rail,728,9.01,791,Low
SHP_05072,SUP_001,Rail,1683,17.62,375,Standard
SHP_05073,SUP_045,Road,880,9.6,658,Low
SHP_05074,SUP_022,Air,3464,17.73,228,Standard
SHP_05075,SUP_004,Ocean,4213,7.91,821,Critical
SHP_05076,SUP_050,Road,288,13.75,425,Low
SHP_05077,SUP_014,Rail,1704,2.05,539,Standard
SHP_05078,SUP_020,Road,1639,10.16,504,Standard
SHP_05079,SUP_022,Road,349,16.65,856,Standard
SHP_05080,SUP_041,Road,1786,7.04,907,Standard
SHP_05081,SUP_007,Air,4033,9.97,744,Critical
SHP_05082,SUP_044,Air,2335,10.99,166,Critical
SHP_05083,SUP_005,Ocean,2264,7.55,688,Standard
SHP_05084,SUP_023,Road,1851,10.44,476,Standard
SHP_05085,SUP_038,Road,1763,15.47,650,Critical
SHP_05086,SUP_001,Road,997,16.19,270,Low
SHP_05087,SUP_050,Rail,1868,4.74,413,Standard
SHP_05088,SUP_050,Air,2624,11,771,Standard
SHP_05089,SUP_037,Rail,198,1.89,676,Low
SHP_05090,SUP_040,Air,4070,4.56,529,Low
SHP_05091,SUP_014,Air,1135,15.87,390,Critical
SHP_05092,SUP_033,Air,1859,6.97,969,Low
SHP_05093,SUP_014,Ocean,3087,9.28,321,Standard
SHP_05094,SUP_022,Air,6847,17.71,144,Critical
SHP_05095,SUP_044,Air,2980,18.72,804,Critical
SHP_05096,SUP_039,Road,1213,2.81,446,Low
SHP_05097,SUP_011,Ocean,6386,6.11,695,Critical
SHP_05098,SUP_001,Road,1302,3.84,319,Low
SHP_05099,SUP_006,Road,712,4.31,178,Low
SHP_05100,SUP_013,Air,4585,12.2,171,Standard
SHP_05101,SUP_037,Road,1189,12.88,139,Standard
SHP_05102,SUP_011,Rail,1121,7.6,314,Standard
SHP_05103,SUP_003,Rail,147,16.19,181,Critical
SHP_05104,SUP_033,Road,904,8.06,968,Critical
SHP_05105,SUP_017,Road,1031,10.41,105,Critical
SHP_05106,SUP_035,Air,5449,13.34,932,Critical
SHP_05107,SUP_023,Road,409,12.75,850,Low
SHP_05108,SUP_047,Air,5662,19.48,214,Low
SHP_05109,SUP_011,Rail,629,16.66,613,Standard
SHP_05110,SUP_007,Ocean,3743,5.63,519,Standard
SHP_05111,SUP_009,Ocean,7169,19.13,673,Critical
SHP_05112,SUP_042,Ocean,6863,13.31,465,Standard
SHP_05113,SUP_007,Rail,801,15.15,987,Standard
SHP_05114,SUP_034,Rail,839,19.18,637,Critical
SHP_05115,SUP_049,Road,321,17.28,636,Critical
SHP_05116,SUP_041,Rail,1079,18.99,188,Standard
SHP_05117,SUP_025,Road,318,15.01,611,Standard
SHP_05118,SUP_022,Road,921,9.36,166,Standard
SHP_05119,SUP_014,Rail,328,2.09,145,Low
SHP_05120,SUP_015,Road,1206,16.92,799,Critical
SHP_05121,SUP_014,Road,779,1.79,387,Low
SHP_05122,SUP_038,Ocean,6145,6.29,571,Low
SHP_05123,SUP_029,Air,6755,16.43,236,Low
SHP_05124,SUP_037,Road,1673,12.74,797,Low
SHP_05125,SUP_042,Ocean,5629,17.48,550,Standard
SHP_05126,SUP_029,Rail,1483,17.58,341,Critical
SHP_05127,SUP_015,Road,1484,11.18,579,Low
SHP_05128,SUP_037,Road,1520,18.27,167,Low
SHP_05129,SUP_005,Road,1238,3.26,252,Critical
SHP_05130,SUP_016,Ocean,5951,8.86,680,Critical
SHP_05131,SUP_012,Rail,1919,7.04,378,Standard
SHP_05132,SUP_045,Road,823,10.7,256,Critical
SHP_05133,SUP_029,Air,4745,13.02,239,Standard
SHP_05134,SUP_006,Air,7641,1.93,403,Low
SHP_05135,SUP_020,Ocean,3443,13.75,705,Critical
SHP_05136,SUP_027,Road,1119,19.12,603,Critical
SHP_05137,SUP_001,Rail,928,9.99,429,Low
SHP_05138,SUP_029,Air,6070,10.79,351,Standard
SHP_05139,SUP_007,Rail,958,4.61,961,Standard
SHP_05140,SUP_018,Ocean,6769,4.56,172,Standard
SHP_05141,SUP_005,Rail,1326,18.01,710,Critical
SHP_05142,SUP_019,Air,6307,17.71,561,Critical
SHP_05143,SUP_004,Rail,119,5.68,432,Standard
SHP_05144,SUP_033,Rail,1922,12.95,288,Low
SHP_05145,SUP_010,Road,1176,5.54,276,Standard
SHP_05146,SUP_008,Ocean,599,8.6,866,Standard
SHP_05147,SUP_024,Rail,1897,5.93,241,Standard
SHP_05148,SUP_020,Ocean,3400,1.54,855,Low
SHP_05149,SUP_005,Rail,607,8.46,786,Critical
SHP_05150,SUP_024,Air,6132,8.35,147,Standard
SHP_05151,SUP_004,Road,1584,19.5,866,Critical
SHP_05152,SUP_018,Road,182,6.96,845,Low
SHP_05153,SUP_033,Ocean,1705,18.05,481,Standard
SHP_05154,SUP_001,Rail,595,13.91,834,Standard
SHP_05155,SUP_016,Rail,1547,16.85,771,Critical
SHP_05156,SUP_038,Road,670,15.4,530,Critical
SHP_05157,SUP_029,Road,1787,6.51,597,Standard
SHP_05158,SUP_040,Rail,1470,18.26,172,Standard
SHP_05159,SUP_043,Road,323,3.78,586,Critical
SHP_05160,SUP_001,Road,1613,18.69,866,Low
SHP_05161,SUP_044,Rail,1838,14.83,685,Low
SHP_05162,SUP_049,Air,4074,9.66,352,Standard
SHP_05163,SUP_007,Road,126,16.72,559,Low
SHP_05164,SUP_009,Road,996,6.97,965,Standard
SHP_05165,SUP_029,Air,4342,3.1,351,Low
SHP_05166,SUP_015,Ocean,4354,14.23,564,Standard
SHP_05167,SUP_023,Road,768,9.21,644,Critical
SHP_05168,SUP_032,Air,2514,1.96,255,Critical
SHP_05169,SUP_003,Road,288,10.64,299,Standard
SHP_05170,SUP_023,Rail,1709,3.22,618,Low
SHP_05171,SUP_007,Road,952,2.08,107,Critical
SHP_05172,SUP_012,Rail,1546,3,274,Standard
SHP_05173,SUP_032,Air,1793,8.59,692,Low
SHP_05174,SUP_050,Air,3455,15.31,411,Standard
SHP_05175,SUP_006,Road,1016,12.56,553,Standard
SHP_05176,SUP_023,Ocean,851,8.02,816,Low
SHP_05177,SUP_049,Ocean,7214,19.87,308,Low
SHP_05178,SUP_028,Air,1532,14.55,590,Standard
SHP_05179,SUP_002,Road,376,4.9,116,Standard
SHP_05180,SUP_022,Ocean,7629,10.44,208,Standard
SHP_05181,SUP_050,Road,975,13.64,315,Standard
SHP_05182,SUP_037,Ocean,5410,16.34,531,Low
SHP_05183,SUP_018,Air,756,17.36,622,Low
SHP_05184,SUP_019,Ocean,7056,11.58,407,Critical
SHP_05185,SUP_041,Rail,834,5.23,328,Standard
SHP_05186,SUP_046,Ocean,7030,5.8,325,Low
SHP_05187,SUP_021,Rail,1379,19.15,962,Low
SHP_05188,SUP_036,Road,1546,3.9,698,Low
SHP_05189,SUP_020,Ocean,4668,2.57,191,Low
SHP_05190,SUP_012,Road,522,10.64,577,Standard
SHP_05191,SUP_027,Road,714,2.42,163,Standard
SHP_05192,SUP_007,Rail,1898,5.02,973,Standard
SHP_05193,SUP_043,Rail,1504,17.49,745,Critical
SHP_05194,SUP_021,Ocean,1827,19.38,910,Critical
SHP_05195,SUP_009,Road,399,6.76,286,Low
SHP_05196,SUP_015,Rail,1025,10.05,833,Critical
SHP_05197,SUP_012,Rail,265,10.63,766,Critical
SHP_05198,SUP_034,Air,1863,10.68,888,Standard
SHP_05199,SUP_019,Road,464,3.2,945,Low
SHP_05200,SUP_024,Road,1882,16,898,Low
SHP_05201,SUP_047,Road,818,1.11,388,Standard
SHP_05202,SUP_011,Ocean,1292,4.32,954,Critical
SHP_05203,SUP_013,Rail,692,2.88,572,Low
SHP_05204,SUP_015,Rail,1962,5.66,597,Standard
SHP_05205,SUP_019,Ocean,6251,13.44,310,Low
SHP_05206,SUP_031,Road,1321,4.37,387,Standard
SHP_05207,SUP_002,Ocean,6594,2.52,842,Critical
SHP_05208,SUP_032,Road,1179,19.12,628,Critical
SHP_05209,SUP_049,Ocean,2972,4.51,633,Standard
SHP_05210,SUP_050,Road,521,18.24,319,Low
SHP_05211,SUP_009,Ocean,6007,17.08,567,Critical
SHP_05212,SUP_001,Road,532,1.01,452,Low
SHP_05213,SUP_019,Road,438,14.18,873,Critical
SHP_05214,SUP_002,Rail,750,8.59,653,Standard
SHP_05215,SUP_048,Road,1405,9.68,123,Low
SHP_05216,SUP_002,Rail,1644,18.19,324,Standard
SHP_05217,SUP_014,Road,1349,11.66,871,Standard
SHP_05218,SUP_017,Rail,1362,8.15,530,Critical
SHP_05219,SUP_005,Road,853,5.36,373,Critical
SHP_05220,SUP_005,Air,5908,18.96,115,Low
SHP_05221,SUP_013,Road,101,4.91,614,Critical
SHP_05222,SUP_026,Road,1817,7.17,892,Critical
SHP_05223,SUP_014,Road,1136,7.54,665,Low
SHP_05224,SUP_030,Road,1214,3.88,983,Low
SHP_05225,SUP_022,Road,675,10.84,601,Critical
SHP_05226,SUP_042,Air,2402,18.9,867,Critical
SHP_05227,SUP_018,Rail,1284,7.83,749,Standard
SHP_05228,SUP_037,Ocean,3319,7.97,924,Standard
SHP_05229,SUP_036,Road,1089,3.88,850,Critical
SHP_05230,SUP_027,Rail,240,14.45,507,Low
SHP_05231,SUP_011,Rail,1126,15.77,241,Standard
SHP_05232,SUP_024,Road,1498,2.15,962,Low
SHP_05233,SUP_003,Rail,420,19.47,141,Standard
SHP_05234,SUP_007,Road,378,19.6,356,Critical
SHP_05235,SUP_037,Road,1476,5.77,377,Critical
SHP_05236,SUP_030,Air,1927,18.92,820,Standard
SHP_05237,SUP_020,Rail,1762,18.9,839,Critical
SHP_05238,SUP_039,Rail,1825,11.72,686,Standard
SHP_05239,SUP_036,Air,4196,10.26,293,Low
SHP_05240,SUP_025,Road,762,5.12,949,Critical
SHP_05241,SUP_039,Ocean,5174,12.23,351,Low
SHP_05242,SUP_006,Road,504,7.57,282,Low
SHP_05243,SUP_002,Road,495,14.44,652,Critical
SHP_05244,SUP_009,Ocean,5501,19.21,498,Low
SHP_05245,SUP_046,Rail,1892,17.88,579,Critical
SHP_05246,SUP_002,Rail,1681,7.72,245,Standard
SHP_05247,SUP_010,Rail,1630,9.73,919,Critical
SHP_05248,SUP_032,Ocean,1919,9.32,695,Standard
SHP_05249,SUP_003,Road,603,18.62,313,Standard
SHP_05250,SUP_013,Road,223,10.18,866,Standard
SHP_05251,SUP_040,Road,1936,12.24,830,Standard
SHP_05252,SUP_038,Ocean,4980,9.52,517,Low
SHP_05253,SUP_011,Rail,1370,8.08,387,Low
SHP_05254,SUP_013,Air,4798,3.2,835,Critical
SHP_05255,SUP_050,Ocean,7895,19.34,183,Low
SHP_05256,SUP_033,Road,1935,9.27,661,Critical
SHP_05257,SUP_046,Air,1012,6.26,130,Low
SHP_05258,SUP_016,Road,104,7.13,581,Critical
SHP_05259,SUP_041,Road,559,6.68,483,Low
SHP_05260,SUP_006,Ocean,5659,19.54,904,Standard
SHP_05261,SUP_013,Road,1475,14.73,202,Low
SHP_05262,SUP_018,Ocean,578,18.64,388,Standard
SHP_05263,SUP_010,Rail,1325,16.33,525,Low
SHP_05264,SUP_003,Air,2718,3.46,164,Standard
SHP_05265,SUP_028,Ocean,5881,9.68,880,Critical
SHP_05266,SUP_018,Road,1046,7.78,682,Low
SHP_05267,SUP_015,Road,1506,5.51,466,Low
SHP_05268,SUP_027,Road,1430,4.58,719,Critical
SHP_05269,SUP_045,Ocean,2776,2.32,347,Critical
SHP_05270,SUP_031,Road,1305,10.19,111,Critical
SHP_05271,SUP_001,Road,1671,1.96,972,Standard
SHP_05272,SUP_023,Air,7544,19.89,246,Low
SHP_05273,SUP_043,Road,171,18.07,932,Standard
SHP_05274,SUP_002,Rail,606,3.59,294,Critical
SHP_05275,SUP_033,Road,829,18.42,112,Standard
SHP_05276,SUP_010,Road,846,11.67,325,Critical
SHP_05277,SUP_033,Road,837,14.85,374,Low
SHP_05278,SUP_034,Road,603,18.97,297,Critical
SHP_05279,SUP_032,Ocean,4503,4.18,286,Standard
SHP_05280,SUP_027,Road,1698,14.03,596,Standard
SHP_05281,SUP_027,Ocean,5855,7.08,386,Low
SHP_05282,SUP_038,Road,729,13.89,226,Critical
SHP_05283,SUP_001,Road,481,5.7,800,Critical
SHP_05284,SUP_043,Ocean,6241,3.87,121,Standard
SHP_05285,SUP_042,Road,723,16.56,574,Standard
SHP_05286,SUP_048,Rail,1542,19.56,722,Critical
SHP_05287,SUP_027,Ocean,3070,14.24,877,Standard
SHP_05288,SUP_010,Air,1757,9.88,829,Low
SHP_05289,SUP_014,Air,7394,2.97,814,Standard
SHP_05290,SUP_038,Rail,1754,18.57,471,Critical
SHP_05291,SUP_025,Road,499,17.55,861,Critical
SHP_05292,SUP_030,Road,461,10.41,595,Critical
SHP_05293,SUP_003,Air,5685,13.27,493,Critical
SHP_05294,SUP_013,Air,7286,14.05,515,Standard
SHP_05295,SUP_001,Rail,115,15.05,231,Critical
SHP_05296,SUP_035,Air,1113,19.23,779,Standard
SHP_05297,SUP_027,Road,999,19.41,110,Critical
SHP_05298,SUP_011,Rail,1441,12.48,650,Low
SHP_05299,SUP_032,Road,664,18.17,484,Critical
SHP_05300,SUP_017,Air,2202,3.61,921,Critical
SHP_05301,SUP_005,Rail,1655,19.54,586,Low
SHP_05302,SUP_001,Air,2280,15.14,692,Critical
SHP_05303,SUP_025,Rail,208,11.97,574,Standard
SHP_05304,SUP_031,Ocean,4632,15.52,211,Low
SHP_05305,SUP_018,Road,1595,8.83,679,Low
SHP_05306,SUP_030,Road,135,16.82,437,Critical
SHP_05307,SUP_008,Road,784,15.84,855,Low
SHP_05308,SUP_024,Road,427,13.66,316,Critical
SHP_05309,SUP_036,Ocean,5664,17.52,720,Critical
SHP_05310,SUP_022,Ocean,6522,16.6,873,Standard
SHP_05311,SUP_049,Road,255,19.21,559,Low
SHP_05312,SUP_031,Rail,1235,3.51,930,Low
SHP_05313,SUP_038,Ocean,4922,3.77,978,Critical
SHP_05314,SUP_020,Ocean,4734,13.75,256,Standard
SHP_05315,SUP_030,Road,880,8.51,893,Critical
SHP_05316,SUP_025,Road,960,11.53,280,Standard
SHP_05317,SUP_037,Road,1448,13.45,588,Low
SHP_05318,SUP_027,Ocean,3832,17.28,427,Critical
SHP_05319,SUP_018,Air,2996,10.41,689,Standard
SHP_05320,SUP_036,Rail,430,12.26,603,Critical
SHP_05321,SUP_003,Road,701,3.02,808,Standard
SHP_05322,SUP_011,Road,1685,15.15,880,Critical
SHP_05323,SUP_038,Road,426,17.08,970,Low
SHP_05324,SUP_022,Ocean,3177,4.66,654,Low
SHP_05325,SUP_038,Air,6210,11.42,842,Low
SHP_05326,SUP_038,Rail,723,10.8,1000,Standard
SHP_05327,SUP_016,Air,1282,16.32,360,Standard
SHP_05328,SUP_036,Road,540,4.82,836,Standard
SHP_05329,SUP_032,Road,1463,4.14,926,Standard
SHP_05330,SUP_005,Road,1060,1.01,160,Low
SHP_05331,SUP_028,Road,113,4.15,109,Standard
SHP_05332,SUP_009,Road,1884,2.81,704,Standard
SHP_05333,SUP_009,Air,6906,9.72,653,Standard
SHP_05334,SUP_047,Road,237,11.5,899,Low
SHP_05335,SUP_032,Ocean,5301,15.85,339,Standard
SHP_05336,SUP_031,Ocean,3669,3.43,163,Critical
SHP_05337,SUP_007,Road,767,17.56,244,Critical
SHP_05338,SUP_018,Rail,1020,16.49,301,Critical
SHP_05339,SUP_008,Ocean,3421,3.69,100,Low
SHP_05340,SUP_038,Air,1174,11.86,153,Low
SHP_05341,SUP_038,Ocean,1045,13.5,739,Critical
SHP_05342,SUP_044,Ocean,5524,19.25,260,Critical
SHP_05343,SUP_026,Air,6843,12.09,888,Critical
SHP_05344,SUP_007,Road,688,13.22,726,Standard
SHP_05345,SUP_028,Ocean,4939,9.23,374,Critical
SHP_05346,SUP_039,Road,1452,6.65,395,Low
SHP_05347,SUP_032,Air,4824,7.84,470,Critical
SHP_05348,SUP_030,Road,1156,10.07,433,Critical
SHP_05349,SUP_020,Road,290,3.37,779,Standard
SHP_05350,SUP_044,Rail,313,8.95,157,Standard
SHP_05351,SUP_027,Rail,380,7.96,796,Critical
SHP_05352,SUP_039,Ocean,4214,19.81,521,Standard
SHP_05353,SUP_045,Road,709,4.88,117,Standard
SHP_05354,SUP_022,Road,169,5.58,539,Critical
SHP_05355,SUP_049,Road,1281,4.24,213,Critical
SHP_05356,SUP_004,Road,834,15.49,447,Standard
SHP_05357,SUP_047,Road,409,15.41,380,Low
SHP_05358,SUP_004,Ocean,3706,1.18,485,Low
SHP_05359,SUP_012,Ocean,2303,3.39,524,Critical
SHP_05360,SUP_022,Road,208,8.26,745,Low
SHP_05361,SUP_025,Rail,732,10.68,905,Critical
SHP_05362,SUP_030,Road,753,2.15,303,Critical
SHP_05363,SUP_019,Road,272,18.16,526,Low
SHP_05364,SUP_046,Rail,1805,14.55,565,Standard
SHP_05365,SUP_008,Road,763,18.27,178,Critical
SHP_05366,SUP_042,Ocean,688,7.78,883,Standard
SHP_05367,SUP_031,Rail,862,7.85,285,Standard
SHP_05368,SUP_045,Road,1966,19.65,253,Low
SHP_05369,SUP_048,Rail,495,14.16,190,Critical
SHP_05370,SUP_043,Road,154,4.56,753,Standard
SHP_05371,SUP_006,Road,1780,14.83,640,Critical
SHP_05372,SUP_032,Road,683,3.99,798,Low
SHP_05373,SUP_003,Road,1232,11.52,720,Standard
SHP_05374,SUP_027,Rail,1088,8.21,189,Standard
SHP_05375,SUP_004,Road,276,13.74,801,Critical
SHP_05376,SUP_049,Rail,327,16.26,806,Low
SHP_05377,SUP_029,Rail,1667,16.2,808,Low
SHP_05378,SUP_013,Road,120,11.59,188,Low
SHP_05379,SUP_023,Ocean,5059,15.1,906,Critical
SHP_05380,SUP_043,Road,1072,16.22,836,Low
SHP_05381,SUP_022,Road,1126,19.93,389,Standard
SHP_05382,SUP_015,Road,1831,13.02,242,Critical
SHP_05383,SUP_047,Road,1087,19.52,338,Low
SHP_05384,SUP_047,Air,7659,1.86,457,Critical
SHP_05385,SUP_024,Rail,133,1.53,860,Standard
SHP_05386,SUP_008,Road,334,15.61,384,Standard
SHP_05387,SUP_002,Road,1785,11.7,216,Critical
SHP_05388,SUP_017,Ocean,1351,9.94,197,Critical
SHP_05389,SUP_006,Rail,330,3.66,989,Low
SHP_05390,SUP_041,Ocean,7915,17.61,483,Standard
SHP_05391,SUP_030,Air,3568,5.94,993,Standard
SHP_05392,SUP_001,Rail,479,1.24,306,Critical
SHP_05393,SUP_041,Ocean,2841,9.43,105,Low
SHP_05394,SUP_048,Rail,688,9.6,875,Standard
SHP_05395,SUP_017,Rail,876,8.95,568,Critical
SHP_05396,SUP_014,Road,1326,19.09,135,Low
SHP_05397,SUP_037,Air,4880,18.8,988,Low
SHP_05398,SUP_038,Road,609,11.48,823,Critical
SHP_05399,SUP_021,Road,1818,8.01,351,Low
SHP_05400,SUP_049,Ocean,7992,19.04,780,Critical
SHP_05401,SUP_050,Road,1244,15.98,718,Standard
SHP_05402,SUP_035,Ocean,2164,11.36,660,Low
SHP_05403,SUP_020,Ocean,2213,9.01,752,Critical
SHP_05404,SUP_001,Road,992,3.84,904,Low
SHP_05405,SUP_001,Road,1726,11.76,517,Standard
SHP_05406,SUP_001,Ocean,2121,16.2,750,Standard
SHP_05407,SUP_047,Ocean,7825,17.36,835,Low
SHP_05408,SUP_048,Road,1111,9.85,637,Standard
SHP_05409,SUP_024,Road,284,10.38,108,Critical
SHP_05410,SUP_035,Road,217,14.99,270,Low
SHP_05411,SUP_022,Rail,1697,10.19,202,Standard
SHP_05412,SUP_006,Road,456,15.74,161,Low
SHP_05413,SUP_047,Rail,1976,2.4,938,Low
SHP_05414,SUP_037,Air,2786,16.59,314,Critical
SHP_05415,SUP_009,Air,5290,6.46,303,Standard
SHP_05416,SUP_009,Road,1282,6.43,306,Low
SHP_05417,SUP_028,Road,329,2.59,728,Standard
SHP_05418,SUP_027,Road,630,3.17,253,Standard
SHP_05419,SUP_038,Road,732,14.41,702,Standard
SHP_05420,SUP_011,Road,1973,18.22,692,Low
SHP_05421,SUP_011,Road,1322,8.99,353,Critical
SHP_05422,SUP_045,Road,318,9.34,614,Low
SHP_05423,SUP_025,Ocean,695,15.55,612,Standard
SHP_05424,SUP_042,Road,1578,11.41,664,Low
SHP_05425,SUP_016,Road,1268,3.4,174,Low
SHP_05426,SUP_050,Rail,1863,10.93,975,Critical
SHP_05427,SUP_026,Ocean,7729,6.52,438,Critical
SHP_05428,SUP_046,Road,383,7.79,554,Standard
SHP_05429,SUP_050,Rail,1372,17.82,489,Critical
SHP_05430,SUP_025,Rail,1871,16.61,553,Critical
SHP_05431,SUP_034,Rail,838,14.33,991,Standard
SHP_05432,SUP_010,Air,3381,18.18,539,Standard
SHP_05433,SUP_048,Rail,313,3.21,924,Standard
SHP_05434,SUP_014,Air,505,7.8,206,Critical
SHP_05435,SUP_023,Rail,247,6.95,776,Low
SHP_05436,SUP_033,Rail,843,10.5,294,Standard
SHP_05437,SUP_047,Road,1009,6.39,478,Low
SHP_05438,SUP_036,Ocean,6411,14.3,436,Standard
SHP_05439,SUP_025,Air,4510,15.74,583,Standard
SHP_05440,SUP_019,Ocean,5899,4.57,504,Critical
SHP_05441,SUP_008,Road,602,19.21,866,Critical
SHP_05442,SUP_046,Road,1831,15.03,835,Critical
SHP_05443,SUP_047,Air,3474,12.28,327,Critical
SHP_05444,SUP_005,Ocean,7243,8.62,811,Critical
SHP_05445,SUP_037,Air,7123,8.72,171,Critical
SHP_05446,SUP_004,Road,1802,3.93,601,Low
SHP_05447,SUP_032,Road,977,3.21,434,Critical
SHP_05448,SUP_031,Rail,481,13.87,361,Standard
SHP_05449,SUP_028,Road,800,3.1,717,Standard
SHP_05450,SUP_015,Air,904,13.5,842,Low
SHP_05451,SUP_039,Road,1872,3.52,324,Standard
SHP_05452,SUP_021,Road,825,4.96,779,Standard
SHP_05453,SUP_046,Road,934,11.7,620,Low
SHP_05454,SUP_045,Road,971,3.89,844,Low
SHP_05455,SUP_021,Rail,1994,13.89,874,Low
SHP_05456,SUP_042,Road,1267,3.8,475,Standard
SHP_05457,SUP_029,Road,377,15.23,284,Standard
SHP_05458,SUP_014,Road,1055,4.22,701,Low
SHP_05459,SUP_036,Ocean,1186,2.64,653,Critical
SHP_05460,SUP_036,Ocean,4489,2.68,635,Standard
SHP_05461,SUP_050,Ocean,2093,4.69,428,Critical
SHP_05462,SUP_009,Road,679,12.07,464,Low
SHP_05463,SUP_014,Air,6575,16.27,829,Standard
SHP_05464,SUP_037,Road,1972,5.47,578,Standard
SHP_05465,SUP_015,Road,398,6.63,873,Low
SHP_05466,SUP_041,Road,319,3.66,310,Standard
SHP_05467,SUP_013,Rail,1931,2.46,113,Low
SHP_05468,SUP_017,Ocean,4103,18.13,439,Low
SHP_05469,SUP_028,Ocean,4737,3.28,279,Standard
SHP_05470,SUP_003,Road,1303,18.43,198,Critical
SHP_05471,SUP_014,Rail,1651,16.98,182,Standard
SHP_05472,SUP_042,Road,375,18.28,833,Low
SHP_05473,SUP_007,Air,2167,2.54,128,Low
SHP_05474,SUP_030,Rail,1391,17.16,587,Critical
SHP_05475,SUP_048,Air,2136,6.97,751,Critical
SHP_05476,SUP_021,Road,251,1.8,133,Critical
SHP_05477,SUP_011,Road,1649,5.72,862,Low
SHP_05478,SUP_012,Rail,431,3.42,103,Standard
SHP_05479,SUP_021,Rail,400,19.42,823,Low
SHP_05480,SUP_008,Road,692,1.55,725,Low
SHP_05481,SUP_009,Ocean,3482,3,223,Critical
SHP_05482,SUP_024,Road,1431,6.25,889,Low
SHP_05483,SUP_029,Road,1282,13.85,965,Low
SHP_05484,SUP_038,Rail,1212,1.13,959,Low
SHP_05485,SUP_037,Rail,493,7.2,760,Critical
SHP_05486,SUP_005,Ocean,2413,7.87,883,Critical
SHP_05487,SUP_049,Road,1609,1.99,200,Standard
SHP_05488,SUP_050,Rail,301,5.93,146,Critical
SHP_05489,SUP_036,Rail,1188,3.5,415,Standard
SHP_05490,SUP_021,Ocean,2071,4.67,836,Critical
SHP_05491,SUP_015,Road,874,14.43,285,Standard
SHP_05492,SUP_007,Rail,198,13.35,210,Standard
SHP_05493,SUP_029,Rail,580,19.45,736,Low
SHP_05494,SUP_001,Road,1192,11.98,821,Low
SHP_05495,SUP_008,Road,1181,5.43,960,Low
SHP_05496,SUP_003,Road,1205,7,759,Low
SHP_05497,SUP_027,Rail,591,4.73,816,Low
SHP_05498,SUP_014,Ocean,1882,13.94,873,Critical
SHP_05499,SUP_019,Rail,1125,9.91,218,Low
SHP_05500,SUP_018,Rail,741,9.64,248,Critical
SHP_05501,SUP_049,Road,610,12.08,826,Standard
SHP_05502,SUP_047,Air,2069,6.47,293,Standard
SHP_05503,SUP_001,Road,1430,15.25,913,Critical
SHP_05504,SUP_013,Road,1843,9.08,102,Critical
SHP_05505,SUP_003,Road,1700,6.9,396,Standard
SHP_05506,SUP_015,Road,1946,14.61,630,Low
SHP_05507,SUP_025,Road,728,17.56,861,Standard
SHP_05508,SUP_035,Road,935,15.81,787,Critical
SHP_05509,SUP_016,Road,1070,7.43,963,Low
SHP_05510,SUP_039,Road,1043,6.61,724,Standard
SHP_05511,SUP_023,Air,943,14.92,253,Standard
SHP_05512,SUP_021,Ocean,4433,8.26,250,Standard
SHP_05513,SUP_033,Ocean,3177,11.38,350,Critical
SHP_05514,SUP_019,Rail,348,13.37,307,Low
SHP_05515,SUP_016,Air,4918,14.73,963,Low
SHP_05516,SUP_038,Rail,117,3.33,816,Critical
SHP_05517,SUP_026,Ocean,4457,11.22,766,Low
SHP_05518,SUP_035,Rail,1691,19.8,901,Critical
SHP_05519,SUP_035,Air,7155,16.29,262,Standard
SHP_05520,SUP_010,Rail,242,13.67,695,Low
SHP_05521,SUP_014,Ocean,6724,11.4,809,Critical
SHP_05522,SUP_032,Rail,1570,2.52,461,Standard
SHP_05523,SUP_016,Rail,323,10.09,654,Critical
SHP_05524,SUP_005,Road,808,13.91,289,Standard
SHP_05525,SUP_035,Road,1436,7.34,256,Standard
SHP_05526,SUP_017,Air,4005,8.86,480,Low
SHP_05527,SUP_033,Rail,802,7.77,404,Low
SHP_05528,SUP_026,Air,2465,4.35,440,Low
SHP_05529,SUP_025,Road,961,7.33,831,Standard
SHP_05530,SUP_034,Road,747,1.85,146,Standard
SHP_05531,SUP_033,Road,331,3.54,350,Low
SHP_05532,SUP_044,Air,598,13.59,737,Critical
SHP_05533,SUP_047,Rail,847,11.61,387,Low
SHP_05534,SUP_043,Rail,1399,15.95,457,Low
SHP_05535,SUP_043,Road,1772,11.12,633,Low
SHP_05536,SUP_005,Air,7393,7.52,976,Low
SHP_05537,SUP_023,Air,6459,11.22,166,Standard
SHP_05538,SUP_025,Ocean,2507,7.74,995,Standard
SHP_05539,SUP_026,Road,783,1.55,163,Standard
SHP_05540,SUP_036,Road,1230,15.41,284,Standard
SHP_05541,SUP_002,Air,7367,7.34,796,Low
SHP_05542,SUP_031,Rail,641,16.38,978,Low
SHP_05543,SUP_048,Ocean,1712,1.59,685,Standard
SHP_05544,SUP_021,Ocean,4854,8.61,122,Low
SHP_05545,SUP_018,Rail,893,1.86,845,Critical
SHP_05546,SUP_032,Air,6404,6.11,874,Critical
SHP_05547,SUP_032,Air,4929,1.68,522,Critical
SHP_05548,SUP_031,Air,714,2.14,905,Low
SHP_05549,SUP_034,Road,1906,1.3,441,Standard
SHP_05550,SUP_017,Air,2588,6.41,880,Critical
SHP_05551,SUP_036,Road,1435,6.93,462,Critical
SHP_05552,SUP_029,Road,1683,18.46,614,Standard
SHP_05553,SUP_047,Ocean,1082,10.36,158,Standard
SHP_05554,SUP_001,Rail,219,3.02,685,Low
SHP_05555,SUP_012,Ocean,3101,11.72,757,Critical
SHP_05556,SUP_008,Rail,887,18.7,220,Low
SHP_05557,SUP_028,Air,2211,5.26,487,Low
SHP_05558,SUP_027,Rail,412,2.24,792,Critical
SHP_05559,SUP_011,Road,1976,1.3,249,Standard
SHP_05560,SUP_010,Rail,325,2.92,167,Standard
SHP_05561,SUP_010,Road,1373,16.68,464,Standard
SHP_05562,SUP_031,Ocean,1618,19.85,181,Low
SHP_05563,SUP_007,Road,1225,3.47,324,Critical
SHP_05564,SUP_040,Road,1196,6.14,545,Low
SHP_05565,SUP_043,Ocean,3522,2.27,680,Low
SHP_05566,SUP_006,Air,3101,5.14,655,Critical
SHP_05567,SUP_041,Rail,1231,14.24,286,Critical
SHP_05568,SUP_023,Rail,1401,16.79,823,Standard
SHP_05569,SUP_042,Ocean,5433,18.11,664,Standard
SHP_05570,SUP_008,Ocean,1819,11.63,448,Low
SHP_05571,SUP_024,Ocean,1689,12.01,420,Standard
SHP_05572,SUP_034,Air,7986,7.99,893,Low
SHP_05573,SUP_006,Ocean,5975,18.17,718,Standard
SHP_05574,SUP_047,Rail,967,5.47,219,Low
SHP_05575,SUP_034,Rail,1393,8.5,885,Standard
SHP_05576,SUP_006,Air,1614,17.26,720,Standard
SHP_05577,SUP_031,Rail,1976,18.11,139,Standard
SHP_05578,SUP_007,Ocean,6541,6.27,453,Low
SHP_05579,SUP_021,Ocean,4725,11.91,602,Critical
SHP_05580,SUP_033,Road,1825,5.42,443,Standard
SHP_05581,SUP_038,Air,4429,10.16,623,Low
SHP_05582,SUP_041,Road,1260,16.53,770,Critical
SHP_05583,SUP_031,Ocean,5756,8.9,163,Critical
SHP_05584,SUP_026,Rail,1412,14.59,125,Low
SHP_05585,SUP_034,Road,386,1.6,561,Low
SHP_05586,SUP_031,Air,1641,10.55,764,Standard
SHP_05587,SUP_044,Road,1840,15.86,949,Critical
SHP_05588,SUP_027,Road,1218,18.19,688,Critical
SHP_05589,SUP_034,Ocean,7267,13.99,689,Critical
SHP_05590,SUP_025,Rail,447,16.45,288,Standard
SHP_05591,SUP_015,Road,1394,4.53,854,Low
SHP_05592,SUP_030,Road,1042,11.44,407,Critical
SHP_05593,SUP_022,Air,5511,14.14,161,Standard
SHP_05594,SUP_044,Ocean,1698,10.3,770,Low
SHP_05595,SUP_047,Road,1717,12.78,395,Low
SHP_05596,SUP_043,Road,1562,12.01,258,Low
SHP_05597,SUP_035,Road,1839,10.56,294,Standard
SHP_05598,SUP_048,Rail,1523,18.18,826,Standard
SHP_05599,SUP_049,Rail,556,7.47,475,Critical
SHP_05600,SUP_001,Rail,884,2.82,549,Low
SHP_05601,SUP_034,Road,737,3.39,857,Standard
SHP_05602,SUP_046,Road,885,3.04,434,Standard
SHP_05603,SUP_027,Air,2856,3.61,329,Standard
SHP_05604,SUP_032,Rail,1680,10.78,831,Low
SHP_05605,SUP_037,Air,3193,10.02,164,Critical
SHP_05606,SUP_018,Rail,1291,3.17,600,Low
SHP_05607,SUP_026,Ocean,1225,5.09,331,Critical
SHP_05608,SUP_013,Ocean,6353,15.35,523,Low
SHP_05609,SUP_027,Road,1667,17.13,442,Low
SHP_05610,SUP_003,Road,481,9.9,456,Standard
SHP_05611,SUP_010,Air,1327,7.7,926,Low
SHP_05612,SUP_009,Rail,1637,7.05,592,Critical
SHP_05613,SUP_011,Ocean,7330,11.22,980,Critical
SHP_05614,SUP_024,Road,1752,2.62,402,Critical
SHP_05615,SUP_009,Road,1453,9.57,914,Critical
SHP_05616,SUP_002,Ocean,2908,6.96,628,Standard
SHP_05617,SUP_023,Ocean,1150,16.45,848,Critical
SHP_05618,SUP_045,Road,1524,3.12,582,Low
SHP_05619,SUP_038,Rail,1620,11.99,400,Low
SHP_05620,SUP_030,Road,1001,14.3,526,Low
SHP_05621,SUP_001,Air,3285,17.77,910,Low
SHP_05622,SUP_045,Ocean,1620,18.72,990,Standard
SHP_05623,SUP_042,Ocean,1557,5.83,236,Standard
SHP_05624,SUP_049,Rail,367,5.89,821,Standard
SHP_05625,SUP_021,Air,7571,16.84,936,Standard
SHP_05626,SUP_047,Ocean,1830,17.29,946,Low
SHP_05627,SUP_008,Road,354,15.37,776,Critical
SHP_05628,SUP_048,Road,1824,15.6,541,Critical
SHP_05629,SUP_012,Road,1322,16.61,464,Standard
SHP_05630,SUP_034,Air,5838,3.02,276,Critical
SHP_05631,SUP_022,Rail,368,16.53,337,Low
SHP_05632,SUP_005,Rail,1502,15.49,182,Low
SHP_05633,SUP_035,Road,325,5.32,659,Low
SHP_05634,SUP_033,Road,756,10.35,964,Standard
SHP_05635,SUP_027,Road,921,19.46,391,Low
SHP_05636,SUP_024,Air,5581,12.53,197,Critical
SHP_05637,SUP_048,Rail,1444,1.32,350,Low
SHP_05638,SUP_033,Ocean,5267,13.39,366,Low
SHP_05639,SUP_031,Air,605,13.15,336,Low
SHP_05640,SUP_032,Air,1313,11.2,692,Low
SHP_05641,SUP_033,Rail,1443,1.37,678,Low
SHP_05642,SUP_004,Ocean,7307,19.23,655,Critical
SHP_05643,SUP_037,Road,1790,12.26,534,Low
SHP_05644,SUP_025,Road,294,19.92,813,Critical
SHP_05645,SUP_013,Rail,1073,10.69,500,Critical
SHP_05646,SUP_010,Road,1388,15.02,797,Standard
SHP_05647,SUP_012,Air,1564,12.37,847,Standard
SHP_05648,SUP_021,Rail,1409,15.53,305,Low
SHP_05649,SUP_016,Rail,1556,5.76,778,Low
SHP_05650,SUP_041,Rail,1351,18.24,806,Standard
SHP_05651,SUP_028,Rail,1196,18.57,929,Critical
SHP_05652,SUP_040,Rail,1007,11.49,691,Standard
SHP_05653,SUP_014,Road,1698,13.48,717,Critical
SHP_05654,SUP_031,Road,1785,11.89,739,Critical
SHP_05655,SUP_026,Air,6380,10.69,510,Standard
SHP_05656,SUP_027,Air,1613,18.93,569,Low
SHP_05657,SUP_030,Rail,641,19.18,718,Standard
SHP_05658,SUP_033,Ocean,6227,3.65,995,Low
SHP_05659,SUP_032,Ocean,3533,4.28,265,Critical
SHP_05660,SUP_031,Rail,1496,2.13,855,Low
SHP_05661,SUP_023,Road,1881,7.35,953,Low
SHP_05662,SUP_033,Air,6119,12.58,162,Critical
SHP_05663,SUP_028,Ocean,4887,2.01,887,Critical
SHP_05664,SUP_008,Rail,478,4.01,468,Low
SHP_05665,SUP_021,Rail,763,10.45,167,Low
SHP_05666,SUP_047,Rail,692,12.44,706,Standard
SHP_05667,SUP_040,Rail,183,14.41,752,Standard
SHP_05668,SUP_033,Ocean,1461,12.14,350,Critical
SHP_05669,SUP_017,Air,5775,15.31,334,Standard
SHP_05670,SUP_023,Rail,101,11.29,223,Standard
SHP_05671,SUP_033,Ocean,3201,2.74,241,Critical
SHP_05672,SUP_030,Road,905,8.07,402,Standard
SHP_05673,SUP_003,Rail,836,3.39,240,Standard
SHP_05674,SUP_025,Road,1227,12.84,913,Critical
SHP_05675,SUP_041,Ocean,1725,15.86,859,Low
SHP_05676,SUP_039,Air,3703,17.75,315,Critical
SHP_05677,SUP_046,Rail,1533,3.29,226,Standard
SHP_05678,SUP_044,Road,735,11.65,962,Standard
SHP_05679,SUP_013,Rail,1904,12.17,754,Low
SHP_05680,SUP_020,Road,424,15.74,603,Standard
SHP_05681,SUP_012,Road,389,9.8,898,Standard
SHP_05682,SUP_010,Road,909,7.55,984,Critical
SHP_05683,SUP_028,Ocean,5318,8.9,401,Low
SHP_05684,SUP_023,Road,1873,2.03,396,Critical
SHP_05685,SUP_009,Air,3783,4.63,921,Low
SHP_05686,SUP_034,Rail,438,7.07,448,Low
SHP_05687,SUP_039,Road,1273,15.75,755,Critical
SHP_05688,SUP_027,Ocean,7160,4.56,638,Standard
SHP_05689,SUP_042,Air,7551,13.33,758,Low
SHP_05690,SUP_001,Rail,1465,9.03,877,Standard
SHP_05691,SUP_042,Road,366,15.55,833,Standard
SHP_05692,SUP_002,Road,1242,4.06,159,Low
SHP_05693,SUP_016,Rail,155,15,154,Critical
SHP_05694,SUP_012,Rail,1903,13.8,848,Low
SHP_05695,SUP_023,Rail,519,3.18,520,Critical
SHP_05696,SUP_018,Road,1267,19.56,536,Low
SHP_05697,SUP_026,Road,538,4.18,772,Standard
SHP_05698,SUP_039,Road,707,15.69,318,Critical
SHP_05699,SUP_043,Ocean,981,11.94,646,Low
SHP_05700,SUP_040,Road,916,10.96,893,Low
SHP_05701,SUP_047,Road,157,16.28,787,Low
SHP_05702,SUP_005,Road,983,4.28,995,Critical
SHP_05703,SUP_032,Rail,1657,8.95,496,Low
SHP_05704,SUP_044,Road,186,9.58,848,Critical
SHP_05705,SUP_041,Ocean,4425,3.18,152,Critical
SHP_05706,SUP_033,Road,1523,6.91,342,Standard
SHP_05707,SUP_006,Ocean,3294,9.6,233,Critical
SHP_05708,SUP_012,Air,2429,12.72,255,Low
SHP_05709,SUP_049,Rail,1583,12.39,404,Low
SHP_05710,SUP_029,Ocean,573,18.35,626,Standard
SHP_05711,SUP_029,Road,1952,3.35,380,Standard
SHP_05712,SUP_011,Ocean,2324,2.11,687,Standard
SHP_05713,SUP_026,Road,559,18.33,129,Critical
SHP_05714,SUP_031,Ocean,1132,8.49,273,Standard
SHP_05715,SUP_033,Rail,420,9.53,115,Critical
SHP_05716,SUP_022,Road,539,3.74,282,Critical
SHP_05717,SUP_005,Road,1356,5.29,806,Critical
SHP_05718,SUP_002,Road,399,16.18,243,Low
SHP_05719,SUP_030,Air,6911,3.32,879,Critical
SHP_05720,SUP_014,Air,6869,5.9,420,Standard
SHP_05721,SUP_035,Air,512,5.03,224,Critical
SHP_05722,SUP_010,Road,978,16.16,369,Standard
SHP_05723,SUP_008,Rail,1498,2.6,623,Low
SHP_05724,SUP_028,Air,4341,6.63,154,Standard
SHP_05725,SUP_013,Air,6402,3.44,556,Low
SHP_05726,SUP_014,Rail,735,19.84,676,Low
SHP_05727,SUP_002,Road,186,8.77,328,Critical
SHP_05728,SUP_023,Air,7709,11.49,156,Standard
SHP_05729,SUP_012,Road,1161,2.87,590,Low
SHP_05730,SUP_019,Ocean,3835,2.61,359,Critical
SHP_05731,SUP_003,Ocean,7165,14.6,979,Critical
SHP_05732,SUP_012,Road,167,13.71,564,Standard
SHP_05733,SUP_048,Rail,590,14.07,675,Low
SHP_05734,SUP_008,Road,301,18.36,299,Low
SHP_05735,SUP_022,Rail,1755,11.9,551,Critical
SHP_05736,SUP_044,Rail,1691,9.94,871,Critical
SHP_05737,SUP_015,Rail,580,7.96,432,Standard
SHP_05738,SUP_049,Road,708,15.85,156,Critical
SHP_05739,SUP_022,Air,5188,15.15,803,Critical
SHP_05740,SUP_002,Road,1627,17.93,707,Critical
SHP_05741,SUP_009,Ocean,1209,15.19,729,Standard
SHP_05742,SUP_005,Rail,831,14.98,238,Low
SHP_05743,SUP_020,Ocean,7437,18.78,337,Critical
SHP_05744,SUP_007,Ocean,4147,13.18,384,Low
SHP_05745,SUP_035,Road,1040,1.46,987,Standard
SHP_05746,SUP_024,Rail,484,15.31,128,Standard
SHP_05747,SUP_009,Rail,1707,8.55,216,Critical
SHP_05748,SUP_012,Ocean,6191,3.26,642,Low
SHP_05749,SUP_018,Ocean,3135,2.49,218,Critical
SHP_05750,SUP_012,Rail,1172,4.88,937,Critical
SHP_05751,SUP_004,Road,1763,12.36,767,Critical
SHP_05752,SUP_047,Rail,333,13.6,387,Standard
SHP_05753,SUP_020,Air,6665,14.73,965,Low
SHP_05754,SUP_047,Rail,195,14.65,521,Critical
SHP_05755,SUP_020,Ocean,1772,3.01,156,Low
SHP_05756,SUP_007,Road,551,14.1,915,Low
SHP_05757,SUP_020,Rail,850,3.15,200,Standard
SHP_05758,SUP_034,Road,242,2.63,989,Standard
SHP_05759,SUP_024,Road,1285,18.73,170,Low
SHP_05760,SUP_042,Road,1160,12.12,520,Low
SHP_05761,SUP_029,Rail,197,16.41,801,Standard
SHP_05762,SUP_038,Ocean,6216,8.98,999,Standard
SHP_05763,SUP_017,Ocean,7966,18.56,802,Critical
SHP_05764,SUP_021,Road,1967,6.69,811,Standard
SHP_05765,SUP_022,Ocean,6250,9.82,756,Critical
SHP_05766,SUP_048,Rail,674,3.26,575,Critical
SHP_05767,SUP_045,Road,1133,3.79,346,Low
SHP_05768,SUP_030,Air,1323,1.69,673,Standard
SHP_05769,SUP_034,Road,607,13.97,284,Standard
SHP_05770,SUP_050,Ocean,7656,7.58,846,Low
SHP_05771,SUP_042,Rail,1211,9.32,772,Standard
SHP_05772,SUP_041,Rail,1817,19.12,530,Low
SHP_05773,SUP_019,Road,298,17.85,731,Standard
SHP_05774,SUP_027,Rail,1992,13.18,723,Critical
SHP_05775,SUP_042,Air,1893,8.48,669,Low
SHP_05776,SUP_034,Road,1323,18.57,862,Standard
SHP_05777,SUP_046,Rail,1619,6.69,829,Critical
SHP_05778,SUP_021,Air,5406,18.85,563,Critical
SHP_05779,SUP_048,Ocean,1442,11.95,636,Low
SHP_05780,SUP_002,Road,1214,13.69,847,Critical
SHP_05781,SUP_003,Rail,629,11.61,225,Critical
SHP_05782,SUP_016,Road,1794,15.52,121,Standard
SHP_05783,SUP_050,Rail,397,11.11,440,Low
SHP_05784,SUP_033,Air,2437,9.22,433,Critical
SHP_05785,SUP_036,Air,1837,11.31,959,Standard
SHP_05786,SUP_026,Ocean,4792,11.96,473,Standard
SHP_05787,SUP_009,Road,1828,7.11,757,Standard
SHP_05788,SUP_029,Ocean,1445,6.91,282,Standard
SHP_05789,SUP_015,Ocean,4484,14.08,348,Critical
SHP_05790,SUP_033,Road,1427,8.22,974,Low
SHP_05791,SUP_024,Road,1755,7.37,170,Low
SHP_05792,SUP_021,Rail,380,12.52,527,Critical
SHP_05793,SUP_001,Ocean,4264,2.18,126,Standard
SHP_05794,SUP_049,Ocean,2307,10.09,233,Low
SHP_05795,SUP_032,Road,1983,16.25,238,Critical
SHP_05796,SUP_009,Rail,1316,7.62,805,Critical
SHP_05797,SUP_007,Air,6477,10.71,213,Critical
SHP_05798,SUP_019,Ocean,7051,4.43,361,Low
SHP_05799,SUP_038,Ocean,5697,6.82,920,Critical
SHP_05800,SUP_048,Road,1921,5.9,496,Standard
SHP_05801,SUP_024,Road,1932,5.63,679,Low
SHP_05802,SUP_007,Air,617,8.85,220,Critical
SHP_05803,SUP_001,Road,1189,17.67,800,Low
SHP_05804,SUP_043,Ocean,2757,12.7,104,Low
SHP_05805,SUP_045,Road,1696,13.52,702,Low
SHP_05806,SUP_031,Air,2274,7.37,724,Standard
SHP_05807,SUP_026,Road,1580,11.3,156,Standard
SHP_05808,SUP_035,Ocean,6401,18.61,811,Critical
SHP_05809,SUP_025,Rail,923,2.4,377,Standard
SHP_05810,SUP_049,Road,1120,7.01,589,Standard
SHP_05811,SUP_024,Road,1249,13.74,654,Critical
SHP_05812,SUP_042,Ocean,5544,11.37,774,Critical
SHP_05813,SUP_033,Ocean,2422,19.36,394,Low
SHP_05814,SUP_005,Road,1955,17.02,774,Standard
SHP_05815,SUP_037,Air,2692,17.38,903,Critical
SHP_05816,SUP_041,Air,6740,15.75,623,Low
SHP_05817,SUP_032,Air,4744,7.72,279,Critical
SHP_05818,SUP_026,Rail,1527,9.92,742,Critical
SHP_05819,SUP_022,Ocean,2890,7.14,533,Low
SHP_05820,SUP_044,Road,1240,9.32,568,Low
SHP_05821,SUP_043,Ocean,3271,14.56,210,Standard
SHP_05822,SUP_008,Road,112,11.58,697,Standard
SHP_05823,SUP_003,Rail,667,2.26,486,Standard
SHP_05824,SUP_038,Rail,1610,10.57,695,Critical
SHP_05825,SUP_017,Road,728,5.6,508,Low
SHP_05826,SUP_046,Road,1130,7.86,165,Low
SHP_05827,SUP_013,Rail,839,2.83,213,Standard
SHP_05828,SUP_005,Air,4486,13.69,388,Standard
SHP_05829,SUP_027,Road,1002,6.15,130,Critical
SHP_05830,SUP_019,Road,1365,12.49,132,Critical
SHP_05831,SUP_016,Ocean,4592,1.69,685,Critical
SHP_05832,SUP_019,Road,1312,16.47,893,Critical
SHP_05833,SUP_026,Ocean,5640,12.3,215,Critical
SHP_05834,SUP_019,Road,343,19.42,143,Critical
SHP_05835,SUP_009,Rail,435,8.77,378,Low
SHP_05836,SUP_046,Rail,199,8.47,350,Low
SHP_05837,SUP_032,Ocean,4308,19.49,405,Standard
SHP_05838,SUP_005,Road,972,5.29,955,Low
SHP_05839,SUP_041,Rail,863,9.33,299,Standard
SHP_05840,SUP_036,Rail,1926,7.22,147,Standard
SHP_05841,SUP_030,Road,1974,16.24,451,Critical
SHP_05842,SUP_045,Air,2794,8.89,500,Standard
SHP_05843,SUP_020,Air,3067,11.78,934,Low
SHP_05844,SUP_017,Air,3704,8.87,762,Low
SHP_05845,SUP_027,Ocean,4611,13.59,553,Standard
SHP_05846,SUP_031,Road,1901,14.72,122,Low
SHP_05847,SUP_030,Road,1083,4.21,534,Critical
SHP_05848,SUP_035,Rail,1299,3.59,582,Critical
SHP_05849,SUP_017,Road,1851,3.17,502,Standard
SHP_05850,SUP_046,Road,893,1.26,356,Standard
SHP_05851,SUP_015,Road,1096,13.8,107,Critical
SHP_05852,SUP_020,Ocean,2008,17.89,342,Low
SHP_05853,SUP_030,Ocean,1962,19.07,451,Low
SHP_05854,SUP_025,Ocean,5634,1.98,249,Critical
SHP_05855,SUP_007,Road,1684,6.95,964,Low
SHP_05856,SUP_002,Rail,1262,8.05,455,Low
SHP_05857,SUP_007,Air,5286,16.72,259,Standard
SHP_05858,SUP_020,Air,2708,14.83,540,Standard
SHP_05859,SUP_029,Air,4166,4.71,717,Low
SHP_05860,SUP_017,Rail,488,15.28,729,Low
SHP_05861,SUP_002,Road,635,15.43,262,Low
SHP_05862,SUP_037,Road,1215,13.96,310,Low
SHP_05863,SUP_032,Air,1436,1.62,143,Standard
SHP_05864,SUP_043,Road,248,18.68,325,Standard
SHP_05865,SUP_001,Rail,1133,2.16,535,Critical
SHP_05866,SUP_002,Road,112,14.66,764,Critical
SHP_05867,SUP_016,Rail,1294,15.85,413,Critical
SHP_05868,SUP_020,Road,1024,11.89,265,Low
SHP_05869,SUP_028,Ocean,4232,2.15,277,Standard
SHP_05870,SUP_007,Rail,459,9.03,491,Critical
SHP_05871,SUP_002,Road,1732,3.76,255,Low
SHP_05872,SUP_049,Road,324,14.86,707,Critical
SHP_05873,SUP_049,Rail,1455,4.6,396,Low
SHP_05874,SUP_042,Ocean,2110,11.1,116,Critical
SHP_05875,SUP_009,Road,1399,16.13,974,Low
SHP_05876,SUP_049,Road,516,10.39,532,Critical
SHP_05877,SUP_013,Ocean,1263,11.25,795,Low
SHP_05878,SUP_043,Rail,1432,14.94,213,Low
SHP_05879,SUP_008,Road,142,10.82,712,Standard
SHP_05880,SUP_011,Road,892,15.38,147,Low
SHP_05881,SUP_048,Road,128,6.33,282,Standard
SHP_05882,SUP_038,Rail,893,15.25,668,Low
SHP_05883,SUP_009,Road,1354,2.7,465,Standard
SHP_05884,SUP_045,Ocean,4652,6.41,965,Standard
SHP_05885,SUP_026,Road,450,16.9,362,Standard
SHP_05886,SUP_038,Road,894,10.2,566,Critical
SHP_05887,SUP_035,Rail,1549,16.9,168,Low
SHP_05888,SUP_032,Ocean,7336,8.43,262,Critical
SHP_05889,SUP_031,Ocean,2818,8.92,963,Low
SHP_05890,SUP_037,Road,1080,13.09,181,Low
SHP_05891,SUP_045,Rail,345,14.21,514,Low
SHP_05892,SUP_046,Rail,1334,6.12,110,Standard
SHP_05893,SUP_019,Road,858,6.73,959,Low
SHP_05894,SUP_028,Road,1839,2.38,556,Low
SHP_05895,SUP_013,Road,542,19.05,727,Standard
SHP_05896,SUP_003,Road,1374,8.37,697,Standard
SHP_05897,SUP_050,Ocean,2262,19.06,306,Low
SHP_05898,SUP_016,Road,1781,11.74,784,Critical
SHP_05899,SUP_001,Ocean,6597,4.9,161,Critical
SHP_05900,SUP_001,Road,922,2.86,710,Critical
SHP_05901,SUP_039,Rail,689,4.35,801,Standard
SHP_05902,SUP_017,Road,788,7.93,259,Low
SHP_05903,SUP_006,Air,7048,11.33,869,Standard
SHP_05904,SUP_032,Road,1367,15.99,780,Low
SHP_05905,SUP_005,Air,2079,1.08,252,Critical
SHP_05906,SUP_019,Rail,1175,17.51,347,Standard
SHP_05907,SUP_045,Road,209,8.12,851,Low
SHP_05908,SUP_027,Rail,1513,4.66,189,Critical
SHP_05909,SUP_027,Road,470,6.03,514,Low
SHP_05910,SUP_045,Road,1903,10.76,563,Critical
SHP_05911,SUP_010,Road,318,13.53,541,Standard
SHP_05912,SUP_003,Ocean,1099,9.39,869,Standard
SHP_05913,SUP_009,Rail,271,2.38,162,Critical
SHP_05914,SUP_023,Road,901,2.95,517,Standard
SHP_05915,SUP_001,Road,1722,15.58,234,Standard
SHP_05916,SUP_008,Air,5003,16.15,668,Low
SHP_05917,SUP_002,Ocean,1423,9.2,494,Critical
SHP_05918,SUP_013,Rail,1509,13,362,Standard
SHP_05919,SUP_006,Road,1124,19.81,849,Low
SHP_05920,SUP_034,Rail,1093,11.97,946,Standard
SHP_05921,SUP_007,Air,6576,13.27,950,Standard
SHP_05922,SUP_027,Ocean,6578,8.31,987,Standard
SHP_05923,SUP_032,Road,1980,16.49,774,Standard
SHP_05924,SUP_021,Rail,755,8.23,746,Standard
SHP_05925,SUP_038,Road,1359,2.58,788,Standard
SHP_05926,SUP_015,Rail,1617,12.29,861,Critical
SHP_05927,SUP_048,Rail,139,10.92,728,Critical
SHP_05928,SUP_014,Rail,1308,5.02,780,Low
SHP_05929,SUP_049,Rail,146,18.37,871,Standard
SHP_05930,SUP_017,Ocean,1074,4.53,838,Critical
SHP_05931,SUP_013,Air,1379,10.96,921,Critical
SHP_05932,SUP_045,Road,1485,15.73,173,Low
SHP_05933,SUP_049,Road,1898,10.8,293,Standard
SHP_05934,SUP_022,Ocean,1245,7.71,113,Low
SHP_05935,SUP_009,Road,1490,13.72,510,Low
SHP_05936,SUP_016,Rail,922,18.46,373,Standard
SHP_05937,SUP_034,Rail,1311,13.27,310,Critical
SHP_05938,SUP_049,Road,1046,6.02,429,Standard
SHP_05939,SUP_006,Road,198,7.57,163,Critical
SHP_05940,SUP_004,Road,1433,2.13,748,Low
SHP_05941,SUP_029,Road,762,2.27,374,Standard
SHP_05942,SUP_043,Road,1230,11.01,411,Critical
SHP_05943,SUP_006,Air,766,4.76,832,Standard
SHP_05944,SUP_006,Ocean,4109,2.9,314,Standard
SHP_05945,SUP_045,Ocean,7912,9.88,580,Critical
SHP_05946,SUP_023,Road,1410,12.12,237,Standard
SHP_05947,SUP_024,Road,319,5.63,280,Standard
SHP_05948,SUP_042,Air,665,3.49,233,Low
SHP_05949,SUP_045,Rail,1574,6.9,331,Standard
SHP_05950,SUP_012,Ocean,1166,3.15,833,Low
SHP_05951,SUP_043,Air,6559,15.43,953,Critical
SHP_05952,SUP_040,Road,112,12.72,845,Standard
SHP_05953,SUP_006,Rail,829,10.96,518,Standard
SHP_05954,SUP_037,Rail,1443,15.08,779,Critical
SHP_05955,SUP_030,Air,4710,9.38,739,Critical
SHP_05956,SUP_048,Rail,764,13.23,933,Critical
SHP_05957,SUP_017,Road,985,3.49,402,Standard
SHP_05958,SUP_044,Road,548,6.26,598,Critical
SHP_05959,SUP_016,Rail,1521,8.34,779,Standard
SHP_05960,SUP_019,Ocean,569,18.49,549,Critical
SHP_05961,SUP_013,Road,1000,13.62,762,Critical
SHP_05962,SUP_023,Ocean,4482,9.45,784,Low
SHP_05963,SUP_049,Road,221,7.88,244,Critical
SHP_05964,SUP_012,Rail,1441,14.58,498,Standard
SHP_05965,SUP_025,Road,436,2.79,688,Critical
SHP_05966,SUP_001,Ocean,4600,9.14,497,Critical
SHP_05967,SUP_037,Ocean,7369,17.88,512,Standard
SHP_05968,SUP_050,Air,5026,1.58,419,Standard
SHP_05969,SUP_027,Ocean,1813,13.63,273,Standard
SHP_05970,SUP_030,Ocean,6894,6.58,913,Critical
SHP_05971,SUP_011,Rail,1566,2.88,161,Critical
SHP_05972,SUP_043,Road,1034,10.72,219,Critical
SHP_05973,SUP_023,Ocean,2659,13.49,852,Standard
SHP_05974,SUP_026,Ocean,6270,14.19,158,Critical
SHP_05975,SUP_008,Road,1706,13.59,214,Low
SHP_05976,SUP_027,Ocean,1991,2.01,499,Critical
SHP_05977,SUP_038,Air,2048,7.03,812,Standard
SHP_05978,SUP_030,Air,2304,15.15,481,Low
SHP_05979,SUP_007,Road,860,9.64,758,Low
SHP_05980,SUP_031,Rail,1160,18.56,420,Standard
SHP_05981,SUP_040,Rail,1693,2.71,728,Critical
SHP_05982,SUP_031,Air,3520,16.86,475,Standard
SHP_05983,SUP_013,Ocean,1370,4.11,510,Low
SHP_05984,SUP_022,Air,1082,6.38,933,Standard
SHP_05985,SUP_038,Air,6554,13.53,407,Standard
SHP_05986,SUP_011,Air,4973,3.51,977,Critical
SHP_05987,SUP_014,Rail,874,16.44,444,Standard
SHP_05988,SUP_035,Ocean,5607,1.06,234,Low
SHP_05989,SUP_019,Rail,1509,8.66,1000,Low
SHP_05990,SUP_005,Ocean,6328,6.31,104,Standard
SHP_05991,SUP_021,Air,6450,6.75,281,Standard
SHP_05992,SUP_023,Road,890,18.88,950,Standard
SHP_05993,SUP_035,Road,776,1.9,153,Critical
SHP_05994,SUP_037,Road,949,4.83,112,Critical
SHP_05995,SUP_026,Air,585,8.95,936,Low
SHP_05996,SUP_036,Rail,1355,12.21,252,Critical
SHP_05997,SUP_035,Road,222,3.03,107,Standard
SHP_05998,SUP_035,Rail,1886,2.37,618,Standard
SHP_05999,SUP_034,Road,1502,17.17,388,Standard
SHP_06000,SUP_030,Air,6533,19.01,376,Critical
SHP_06001,SUP_030,Rail,170,4.99,855,Standard
SHP_06002,SUP_010,Road,196,17.65,820,Low
SHP_06003,SUP_037,Ocean,7996,12.61,231,Critical
SHP_06004,SUP_002,Rail,1862,7.7,677,Low
SHP_06005,SUP_035,Road,1188,9.17,328,Critical
SHP_06006,SUP_048,Ocean,4095,7.22,971,Low
SHP_06007,SUP_030,Road,105,10.79,427,Critical
SHP_06008,SUP_018,Air,1481,7.61,767,Critical
SHP_06009,SUP_019,Rail,1470,3.57,1000,Critical
SHP_06010,SUP_005,Road,1174,12.81,750,Critical
SHP_06011,SUP_039,Ocean,1597,13.94,742,Standard
SHP_06012,SUP_022,Ocean,4239,3.81,344,Critical
SHP_06013,SUP_010,Ocean,3153,4.71,675,Standard
SHP_06014,SUP_025,Road,181,13.79,376,Critical
SHP_06015,SUP_018,Road,859,13.19,537,Low
SHP_06016,SUP_004,Rail,669,8.63,131,Standard
SHP_06017,SUP_003,Air,4490,4.6,361,Low
SHP_06018,SUP_011,Road,1757,15.2,283,Low
SHP_06019,SUP_019,Road,1843,19.57,753,Standard
SHP_06020,SUP_041,Air,4528,1.84,575,Critical
SHP_06021,SUP_032,Road,1990,14.18,685,Low
SHP_06022,SUP_010,Ocean,1947,18.24,922,Critical
SHP_06023,SUP_037,Ocean,599,13.07,536,Critical
SHP_06024,SUP_007,Air,5538,12.85,261,Standard
SHP_06025,SUP_014,Air,7292,12.95,580,Critical
SHP_06026,SUP_037,Road,1836,11.04,404,Critical
SHP_06027,SUP_007,Ocean,4843,1.62,571,Critical
SHP_06028,SUP_016,Air,1716,18.6,743,Critical
SHP_06029,SUP_006,Rail,189,1.09,170,Critical
SHP_06030,SUP_034,Air,1100,17.86,595,Critical
SHP_06031,SUP_021,Rail,1422,19.51,897,Standard
SHP_06032,SUP_034,Road,1524,14.36,465,Critical
SHP_06033,SUP_005,Rail,1900,18.1,746,Low
SHP_06034,SUP_037,Road,1423,13.12,896,Standard
SHP_06035,SUP_036,Rail,1655,11.29,938,Standard
SHP_06036,SUP_047,Road,1203,18.24,694,Standard
SHP_06037,SUP_021,Rail,176,9.4,452,Critical
SHP_06038,SUP_021,Ocean,2959,17.88,971,Low
SHP_06039,SUP_002,Air,4023,19.65,808,Standard
SHP_06040,SUP_005,Ocean,5782,15.86,941,Critical
SHP_06041,SUP_018,Rail,1610,3.53,178,Standard
SHP_06042,SUP_029,Air,3030,11.11,189,Low
SHP_06043,SUP_040,Road,1430,12.89,257,Low
SHP_06044,SUP_014,Road,1311,12.4,857,Low
SHP_06045,SUP_042,Rail,1740,1.99,536,Low
SHP_06046,SUP_034,Rail,116,8.65,562,Critical
SHP_06047,SUP_002,Air,5569,9.8,448,Critical
SHP_06048,SUP_021,Road,1556,13.59,724,Standard
SHP_06049,SUP_001,Ocean,4745,8.23,855,Critical
SHP_06050,SUP_028,Ocean,6849,3.64,537,Critical
SHP_06051,SUP_020,Road,1080,18.81,533,Critical
SHP_06052,SUP_008,Ocean,4323,13.9,160,Standard
SHP_06053,SUP_011,Road,661,9.95,723,Low
SHP_06054,SUP_008,Road,914,16.01,294,Critical
SHP_06055,SUP_027,Ocean,5446,16.82,734,Critical
SHP_06056,SUP_043,Road,1565,17.09,375,Critical
SHP_06057,SUP_038,Road,858,2.27,394,Critical
SHP_06058,SUP_041,Road,1040,15.83,673,Low
SHP_06059,SUP_019,Ocean,3097,10.85,445,Standard
SHP_06060,SUP_013,Ocean,6325,2.79,635,Standard
SHP_06061,SUP_029,Road,180,2.94,501,Low
SHP_06062,SUP_028,Road,1091,8.47,642,Critical
SHP_06063,SUP_009,Road,947,12.5,194,Standard
SHP_06064,SUP_024,Rail,663,5.7,157,Low
SHP_06065,SUP_045,Road,1092,16.6,748,Low
SHP_06066,SUP_049,Rail,1593,6.58,213,Critical
SHP_06067,SUP_020,Road,1926,11.9,203,Low
SHP_06068,SUP_025,Road,1157,8.66,838,Critical
SHP_06069,SUP_047,Air,6373,1.55,482,Low
SHP_06070,SUP_002,Road,145,2.53,236,Standard
SHP_06071,SUP_040,Ocean,6097,17.45,849,Critical
SHP_06072,SUP_007,Road,1604,4.62,920,Low
SHP_06073,SUP_038,Road,1047,5.96,821,Standard
SHP_06074,SUP_025,Road,270,1.2,851,Standard
SHP_06075,SUP_012,Road,391,13.42,457,Low
SHP_06076,SUP_035,Air,6594,7.46,155,Critical
SHP_06077,SUP_005,Road,410,16.83,888,Critical
SHP_06078,SUP_030,Road,993,10.32,684,Critical
SHP_06079,SUP_036,Rail,250,16.75,739,Low
SHP_06080,SUP_046,Road,390,1.45,648,Standard
SHP_06081,SUP_015,Road,1234,17.62,766,Critical
SHP_06082,SUP_042,Ocean,682,19.54,802,Standard
SHP_06083,SUP_006,Road,467,6.87,129,Low
SHP_06084,SUP_028,Road,1196,9.86,639,Standard
SHP_06085,SUP_011,Road,339,1.5,515,Standard
SHP_06086,SUP_045,Road,610,9.85,908,Critical
SHP_06087,SUP_011,Rail,1571,15.95,503,Critical
SHP_06088,SUP_013,Road,319,12.08,453,Standard
SHP_06089,SUP_046,Rail,715,1.64,759,Low
SHP_06090,SUP_028,Air,7043,15.77,883,Critical
SHP_06091,SUP_032,Road,997,7.41,555,Critical
SHP_06092,SUP_032,Rail,1909,18.57,417,Standard
SHP_06093,SUP_020,Road,650,15.84,410,Standard
SHP_06094,SUP_036,Rail,1000,15.48,834,Critical
SHP_06095,SUP_042,Road,1450,13.5,408,Standard
SHP_06096,SUP_004,Rail,1655,17.64,246,Standard
SHP_06097,SUP_038,Air,5939,13.39,679,Standard
SHP_06098,SUP_034,Ocean,4609,12.52,697,Low
SHP_06099,SUP_014,Road,206,6.75,801,Low
SHP_06100,SUP_007,Ocean,7718,5.78,149,Low
SHP_06101,SUP_025,Road,1095,8.6,759,Critical
SHP_06102,SUP_045,Rail,876,6.95,203,Standard
SHP_06103,SUP_039,Road,1375,17.59,137,Critical
SHP_06104,SUP_022,Ocean,914,18.67,135,Critical
SHP_06105,SUP_035,Air,2217,9.29,251,Standard
SHP_06106,SUP_039,Road,482,15.43,858,Standard
SHP_06107,SUP_043,Road,323,13.61,378,Standard
SHP_06108,SUP_001,Air,6926,1.92,682,Critical
SHP_06109,SUP_013,Road,409,6.93,636,Low
SHP_06110,SUP_044,Ocean,7972,14.82,909,Standard
SHP_06111,SUP_028,Ocean,1619,14.45,203,Critical
SHP_06112,SUP_016,Road,1259,4.22,281,Low
SHP_06113,SUP_005,Ocean,4198,13.25,426,Low
SHP_06114,SUP_042,Road,1638,9.06,473,Low
SHP_06115,SUP_006,Road,1007,10.96,581,Critical
SHP_06116,SUP_039,Rail,801,10.61,444,Critical
SHP_06117,SUP_045,Rail,1241,7.92,648,Standard
SHP_06118,SUP_022,Ocean,3017,5.98,478,Low
SHP_06119,SUP_029,Road,1130,12.78,960,Critical
SHP_06120,SUP_030,Rail,1717,2.89,678,Critical
SHP_06121,SUP_017,Air,6114,3.5,155,Critical
SHP_06122,SUP_039,Air,5356,9.87,575,Standard
SHP_06123,SUP_026,Air,4657,1.09,695,Standard
SHP_06124,SUP_012,Ocean,4974,18.41,920,Standard
SHP_06125,SUP_034,Ocean,753,14.44,719,Standard
SHP_06126,SUP_020,Rail,1995,16.64,174,Standard
SHP_06127,SUP_006,Road,928,18.74,802,Low
SHP_06128,SUP_007,Road,1672,18.22,288,Critical
SHP_06129,SUP_012,Road,1033,7.43,316,Low
SHP_06130,SUP_037,Road,1089,16.07,149,Low
SHP_06131,SUP_028,Road,1247,15.92,116,Critical
SHP_06132,SUP_013,Rail,1869,3.94,263,Standard
SHP_06133,SUP_049,Road,1174,1.58,944,Critical
SHP_06134,SUP_043,Air,6349,13.74,417,Standard
SHP_06135,SUP_017,Air,6158,6.95,183,Low
SHP_06136,SUP_027,Air,5847,2.35,966,Low
SHP_06137,SUP_045,Road,1358,5.5,890,Standard
SHP_06138,SUP_039,Ocean,8000,16.1,852,Standard
SHP_06139,SUP_036,Rail,748,9.36,426,Critical
SHP_06140,SUP_002,Ocean,6993,13.85,582,Standard
SHP_06141,SUP_017,Road,668,15.21,777,Low
SHP_06142,SUP_013,Road,487,8.43,413,Low
SHP_06143,SUP_038,Air,3828,18.15,507,Critical
SHP_06144,SUP_043,Ocean,4922,2.48,162,Critical
SHP_06145,SUP_049,Rail,113,5.53,396,Low
SHP_06146,SUP_008,Road,1014,8.09,815,Standard
SHP_06147,SUP_013,Road,1778,8.07,761,Low
SHP_06148,SUP_036,Road,1358,2.17,494,Low
SHP_06149,SUP_039,Rail,1382,3.01,150,Low
SHP_06150,SUP_008,Ocean,3749,16.5,997,Low
SHP_06151,SUP_007,Rail,773,9.08,259,Critical
SHP_06152,SUP_028,Road,954,14.11,847,Low
SHP_06153,SUP_009,Air,3734,15.72,621,Low
SHP_06154,SUP_017,Air,5084,16.89,127,Low
SHP_06155,SUP_025,Road,1982,6.1,584,Critical
SHP_06156,SUP_001,Air,3511,14.31,402,Critical
SHP_06157,SUP_008,Rail,638,6.05,213,Low
SHP_06158,SUP_035,Rail,933,9.48,379,Critical
SHP_06159,SUP_042,Air,7672,2.02,719,Critical
SHP_06160,SUP_023,Ocean,5827,9.14,705,Standard
SHP_06161,SUP_011,Road,1248,10,837,Low
SHP_06162,SUP_002,Road,1157,13.73,161,Standard
SHP_06163,SUP_026,Road,566,12.98,369,Standard
SHP_06164,SUP_033,Road,761,17.98,543,Low
SHP_06165,SUP_031,Road,1077,1.97,944,Low
SHP_06166,SUP_027,Road,1434,14.29,640,Standard
SHP_06167,SUP_005,Road,1157,8.69,687,Low
SHP_06168,SUP_039,Ocean,831,15.07,666,Critical
SHP_06169,SUP_016,Air,6994,2.68,236,Low
SHP_06170,SUP_006,Air,2932,3.88,721,Critical
SHP_06171,SUP_010,Air,4696,2.36,815,Standard
SHP_06172,SUP_043,Rail,1860,6.17,908,Critical
SHP_06173,SUP_004,Air,6612,13.26,795,Low
SHP_06174,SUP_013,Ocean,2396,11.9,317,Low
SHP_06175,SUP_044,Road,638,1.95,671,Critical
SHP_06176,SUP_037,Road,752,4.15,900,Critical
SHP_06177,SUP_029,Rail,1384,13.22,462,Standard
SHP_06178,SUP_003,Road,1698,6.03,394,Critical
SHP_06179,SUP_003,Road,977,10.36,760,Standard
SHP_06180,SUP_001,Road,939,13.73,811,Critical
SHP_06181,SUP_030,Rail,1311,1.43,883,Standard
SHP_06182,SUP_040,Road,586,6.3,609,Low
SHP_06183,SUP_042,Air,2723,3.14,901,Critical
SHP_06184,SUP_009,Ocean,7322,13.98,670,Critical
SHP_06185,SUP_042,Air,3247,5.49,365,Low
SHP_06186,SUP_004,Ocean,1767,19.65,776,Low
SHP_06187,SUP_029,Rail,1466,11.87,199,Low
SHP_06188,SUP_015,Road,1527,16.78,145,Standard
SHP_06189,SUP_017,Air,4524,15.65,174,Low
SHP_06190,SUP_030,Air,2137,1.1,349,Low
SHP_06191,SUP_022,Rail,823,19.76,367,Low
SHP_06192,SUP_010,Rail,981,16.76,710,Low
SHP_06193,SUP_045,Rail,1115,19.8,572,Low
SHP_06194,SUP_011,Ocean,7678,18.3,353,Critical
SHP_06195,SUP_019,Rail,1678,18.52,700,Critical
SHP_06196,SUP_019,Road,493,9.1,164,Low
SHP_06197,SUP_016,Road,398,14.24,300,Standard
SHP_06198,SUP_033,Ocean,2074,17.07,958,Standard
SHP_06199,SUP_039,Road,839,18.88,882,Critical
SHP_06200,SUP_033,Air,2902,6.9,917,Critical
SHP_06201,SUP_003,Rail,214,4.21,930,Low
SHP_06202,SUP_032,Road,155,14.59,228,Low
SHP_06203,SUP_004,Ocean,4716,6.01,346,Critical
SHP_06204,SUP_018,Rail,1927,11.86,436,Standard
SHP_06205,SUP_044,Air,2326,3.29,325,Low
SHP_06206,SUP_040,Ocean,6657,17.37,368,Standard
SHP_06207,SUP_005,Road,638,12.44,830,Standard
SHP_06208,SUP_048,Road,442,5.4,514,Standard
SHP_06209,SUP_002,Road,610,15.22,151,Critical
SHP_06210,SUP_009,Air,4725,9.49,565,Critical
SHP_06211,SUP_030,Road,415,7.62,173,Low
SHP_06212,SUP_014,Air,3083,7.07,625,Standard
SHP_06213,SUP_042,Road,1630,5.28,181,Critical
SHP_06214,SUP_050,Road,1034,8.06,133,Low
SHP_06215,SUP_018,Rail,1406,4.53,815,Standard
SHP_06216,SUP_031,Ocean,4502,1.01,767,Critical
SHP_06217,SUP_025,Road,1333,15.25,446,Standard
SHP_06218,SUP_025,Road,1588,10.33,464,Critical
SHP_06219,SUP_006,Road,1843,14.87,293,Critical
SHP_06220,SUP_040,Road,1645,15.93,230,Standard
SHP_06221,SUP_015,Rail,583,4.63,695,Low
SHP_06222,SUP_050,Rail,1962,6.43,818,Low
SHP_06223,SUP_037,Road,389,15.15,273,Low
SHP_06224,SUP_050,Road,174,2.41,615,Low
SHP_06225,SUP_040,Air,3545,15.19,425,Standard
SHP_06226,SUP_022,Rail,551,16.97,158,Standard
SHP_06227,SUP_032,Air,2184,4.71,337,Critical
SHP_06228,SUP_001,Ocean,749,7.48,601,Standard
SHP_06229,SUP_041,Rail,1595,3.22,226,Standard
SHP_06230,SUP_024,Road,901,10.24,483,Critical
SHP_06231,SUP_038,Rail,910,17.59,240,Standard
SHP_06232,SUP_003,Ocean,3478,8.36,610,Standard
SHP_06233,SUP_031,Rail,996,12.78,610,Low
SHP_06234,SUP_028,Road,1816,10.4,373,Critical
SHP_06235,SUP_044,Road,144,8,714,Standard
SHP_06236,SUP_022,Ocean,543,11.82,813,Low
SHP_06237,SUP_014,Rail,249,18.22,420,Standard
SHP_06238,SUP_038,Rail,1264,15.89,496,Critical
SHP_06239,SUP_013,Ocean,7502,12.98,954,Low
SHP_06240,SUP_046,Ocean,1523,10.36,440,Low
SHP_06241,SUP_039,Ocean,2169,16.15,678,Low
SHP_06242,SUP_040,Air,6725,4.33,198,Standard
SHP_06243,SUP_008,Road,981,19.04,825,Low
SHP_06244,SUP_015,Rail,1722,7.87,599,Low
SHP_06245,SUP_040,Rail,1498,18.08,648,Critical
SHP_06246,SUP_015,Rail,1766,1.37,572,Critical
SHP_06247,SUP_010,Road,266,17.17,343,Standard
SHP_06248,SUP_043,Rail,1775,7.1,359,Critical
SHP_06249,SUP_049,Rail,1409,19.82,986,Critical
SHP_06250,SUP_048,Air,3898,17.9,551,Standard
SHP_06251,SUP_048,Road,1729,14.68,662,Standard
SHP_06252,SUP_044,Road,1813,7.87,333,Critical
SHP_06253,SUP_038,Road,361,8.65,482,Low
SHP_06254,SUP_022,Air,6823,14.47,882,Low
SHP_06255,SUP_007,Road,1583,11.09,878,Standard
SHP_06256,SUP_013,Road,274,1.01,296,Low
SHP_06257,SUP_033,Rail,189,4.71,596,Critical
SHP_06258,SUP_002,Rail,753,16.23,612,Standard
SHP_06259,SUP_019,Ocean,4476,16.85,807,Critical
SHP_06260,SUP_006,Road,238,11.14,965,Critical
SHP_06261,SUP_028,Air,4279,11.17,952,Low
SHP_06262,SUP_009,Ocean,2250,9.41,191,Standard
SHP_06263,SUP_046,Road,1234,6.59,532,Standard
SHP_06264,SUP_007,Ocean,7954,17.87,115,Standard
SHP_06265,SUP_044,Ocean,6629,13.53,868,Low
SHP_06266,SUP_027,Road,643,14.95,200,Standard
SHP_06267,SUP_047,Ocean,3801,6.76,480,Critical
SHP_06268,SUP_033,Air,3274,11.22,478,Critical
SHP_06269,SUP_027,Road,1497,12.01,477,Low
SHP_06270,SUP_027,Rail,1635,6.8,657,Critical
SHP_06271,SUP_035,Road,1444,16.12,257,Low
SHP_06272,SUP_017,Ocean,2532,5.35,587,Standard
SHP_06273,SUP_031,Air,7122,15.18,112,Critical
SHP_06274,SUP_050,Road,1584,14.61,652,Low
SHP_06275,SUP_021,Rail,1460,2.6,387,Standard
SHP_06276,SUP_033,Rail,231,17.53,791,Critical
SHP_06277,SUP_044,Road,630,4.61,375,Standard
SHP_06278,SUP_041,Road,1636,1.87,133,Standard
SHP_06279,SUP_032,Ocean,1698,11.66,101,Standard
SHP_06280,SUP_040,Road,312,7.4,954,Low
SHP_06281,SUP_024,Ocean,3853,2.39,833,Critical
SHP_06282,SUP_014,Rail,1415,8.55,185,Critical
SHP_06283,SUP_019,Rail,1569,5.27,411,Critical
SHP_06284,SUP_041,Rail,1676,7.23,502,Critical
SHP_06285,SUP_045,Road,1786,17.59,643,Standard
SHP_06286,SUP_031,Rail,1698,10.98,925,Low
SHP_06287,SUP_031,Ocean,7267,11.75,674,Critical
SHP_06288,SUP_028,Road,392,1.53,793,Standard
SHP_06289,SUP_026,Ocean,6501,19.25,295,Low
SHP_06290,SUP_001,Road,1236,14.99,315,Standard
SHP_06291,SUP_047,Air,3898,15.97,176,Critical
SHP_06292,SUP_015,Road,429,19.32,958,Critical
SHP_06293,SUP_022,Ocean,6751,1.28,215,Standard
SHP_06294,SUP_005,Road,456,18.25,272,Low
SHP_06295,SUP_028,Ocean,7425,8.62,926,Standard
SHP_06296,SUP_047,Ocean,6081,8.76,293,Critical
SHP_06297,SUP_047,Road,528,18.24,607,Critical
SHP_06298,SUP_018,Air,2185,2.91,665,Critical
SHP_06299,SUP_044,Rail,1554,10.45,371,Low
SHP_06300,SUP_032,Road,1931,14.66,857,Critical
SHP_06301,SUP_033,Rail,1958,4.15,415,Critical
SHP_06302,SUP_016,Road,866,12.05,573,Critical
SHP_06303,SUP_010,Road,912,19.55,525,Standard
SHP_06304,SUP_049,Rail,913,14.31,735,Critical
SHP_06305,SUP_029,Road,808,11.45,762,Standard
SHP_06306,SUP_050,Road,530,8.7,359,Standard
SHP_06307,SUP_009,Road,898,9.49,239,Low
SHP_06308,SUP_016,Road,309,15.62,656,Low
SHP_06309,SUP_046,Road,589,9.69,704,Low
SHP_06310,SUP_041,Ocean,693,5.19,948,Critical
SHP_06311,SUP_044,Road,346,1.96,991,Standard
SHP_06312,SUP_037,Road,1939,14.18,982,Low
SHP_06313,SUP_042,Rail,438,5.26,526,Low
SHP_06314,SUP_004,Road,1090,16.8,713,Low
SHP_06315,SUP_048,Road,454,12.92,233,Low
SHP_06316,SUP_048,Ocean,2789,15.98,471,Low
SHP_06317,SUP_050,Rail,724,12.69,687,Standard
SHP_06318,SUP_050,Rail,1942,18.12,739,Standard
SHP_06319,SUP_027,Rail,779,12.67,251,Critical
SHP_06320,SUP_003,Air,5537,19.51,985,Critical
SHP_06321,SUP_008,Rail,723,12.38,522,Standard
SHP_06322,SUP_020,Road,686,8.43,823,Low
SHP_06323,SUP_037,Road,1665,15.14,859,Standard
SHP_06324,SUP_006,Road,1113,14.58,192,Critical
SHP_06325,SUP_004,Air,6639,2.89,263,Low
SHP_06326,SUP_045,Road,1933,7.84,499,Low
SHP_06327,SUP_036,Ocean,768,18.87,353,Critical
SHP_06328,SUP_018,Road,1262,1.46,490,Critical
SHP_06329,SUP_044,Road,207,13.17,765,Critical
SHP_06330,SUP_008,Air,6515,6.43,406,Critical
SHP_06331,SUP_050,Air,4658,9.01,352,Critical
SHP_06332,SUP_049,Rail,1316,15.42,977,Low
SHP_06333,SUP_046,Road,245,15.63,346,Low
SHP_06334,SUP_050,Road,1619,6.63,256,Low
SHP_06335,SUP_035,Road,811,10.13,956,Low
SHP_06336,SUP_042,Rail,461,14.41,630,Standard
SHP_06337,SUP_027,Road,292,15.82,203,Standard
SHP_06338,SUP_040,Road,1521,19.66,214,Standard
SHP_06339,SUP_045,Road,702,1.38,973,Low
SHP_06340,SUP_027,Road,552,10.3,275,Standard
SHP_06341,SUP_042,Road,936,8.26,241,Critical
SHP_06342,SUP_017,Rail,1311,5.34,494,Critical
SHP_06343,SUP_046,Rail,790,8.03,746,Standard
SHP_06344,SUP_047,Ocean,3230,19.26,787,Standard
SHP_06345,SUP_014,Road,335,12.32,786,Critical
SHP_06346,SUP_003,Air,1837,11.82,533,Critical
SHP_06347,SUP_006,Road,1864,4.53,690,Low
SHP_06348,SUP_035,Ocean,5027,14.79,339,Critical
SHP_06349,SUP_019,Rail,1364,12.66,381,Low
SHP_06350,SUP_015,Rail,1957,5.06,735,Critical
SHP_06351,SUP_031,Air,6379,9.95,921,Critical
SHP_06352,SUP_026,Road,1930,1.37,896,Critical
SHP_06353,SUP_033,Air,7240,12.04,227,Critical
SHP_06354,SUP_023,Rail,1465,19.46,174,Critical
SHP_06355,SUP_047,Ocean,5745,19.76,551,Low
SHP_06356,SUP_013,Ocean,3094,3.59,814,Standard
SHP_06357,SUP_021,Road,1187,10.36,887,Critical
SHP_06358,SUP_046,Road,1567,2.23,719,Critical
SHP_06359,SUP_025,Ocean,3386,11.03,521,Critical
SHP_06360,SUP_036,Rail,1341,11.98,364,Standard
SHP_06361,SUP_048,Air,567,1.53,129,Critical
SHP_06362,SUP_046,Road,435,1.58,707,Critical
SHP_06363,SUP_011,Road,1064,11.5,330,Critical
SHP_06364,SUP_024,Road,1621,17.66,715,Standard
SHP_06365,SUP_037,Road,1207,6.1,300,Low
SHP_06366,SUP_027,Rail,605,19.6,109,Critical
SHP_06367,SUP_046,Road,1407,3.25,569,Standard
SHP_06368,SUP_017,Road,1394,19.07,385,Standard
SHP_06369,SUP_045,Road,891,7.31,596,Standard
SHP_06370,SUP_014,Ocean,7403,14.81,226,Critical
SHP_06371,SUP_042,Rail,1428,5.55,150,Low
SHP_06372,SUP_010,Road,768,2.86,135,Low
SHP_06373,SUP_049,Ocean,3421,9.53,931,Low
SHP_06374,SUP_042,Ocean,1031,16.43,810,Low
SHP_06375,SUP_003,Road,438,1.53,549,Low
SHP_06376,SUP_043,Air,5531,15.27,727,Standard
SHP_06377,SUP_048,Rail,1496,4.45,610,Critical
SHP_06378,SUP_028,Ocean,695,16.05,245,Low
SHP_06379,SUP_044,Ocean,2604,14.55,333,Standard
SHP_06380,SUP_002,Ocean,1241,5.02,142,Critical
SHP_06381,SUP_012,Rail,492,14.27,563,Critical
SHP_06382,SUP_015,Road,1587,13.65,277,Standard
SHP_06383,SUP_022,Air,6477,5.88,586,Standard
SHP_06384,SUP_023,Road,217,19.04,848,Standard
SHP_06385,SUP_042,Road,141,5.4,902,Critical
SHP_06386,SUP_035,Rail,1726,10.98,273,Low
SHP_06387,SUP_018,Rail,1633,13.37,257,Low
SHP_06388,SUP_039,Rail,161,14.74,182,Standard
SHP_06389,SUP_036,Road,1247,16.63,669,Low
SHP_06390,SUP_001,Rail,1266,9.62,721,Standard
SHP_06391,SUP_006,Air,613,6.99,1000,Critical
SHP_06392,SUP_017,Road,966,18.58,791,Critical
SHP_06393,SUP_011,Rail,1341,1.71,467,Critical
SHP_06394,SUP_040,Rail,1751,3.81,226,Standard
SHP_06395,SUP_008,Ocean,2260,13.97,218,Critical
SHP_06396,SUP_017,Road,915,7.76,142,Critical
SHP_06397,SUP_042,Road,1109,13.37,693,Critical
SHP_06398,SUP_045,Road,725,11.83,980,Low
SHP_06399,SUP_015,Road,1403,10.98,822,Standard
SHP_06400,SUP_023,Ocean,4013,18.83,354,Critical
SHP_06401,SUP_025,Rail,1377,4.21,950,Low
SHP_06402,SUP_038,Ocean,4407,18.86,199,Low
SHP_06403,SUP_041,Road,1082,5.43,419,Low
SHP_06404,SUP_010,Ocean,3700,17.14,787,Critical
SHP_06405,SUP_035,Air,4446,12.34,856,Critical
SHP_06406,SUP_043,Ocean,5296,4.57,249,Low
SHP_06407,SUP_046,Road,191,9.87,559,Low
SHP_06408,SUP_020,Road,551,15.62,504,Critical
SHP_06409,SUP_039,Road,322,4.85,950,Critical
SHP_06410,SUP_022,Ocean,2901,4.39,607,Low
SHP_06411,SUP_041,Air,5835,2.8,439,Low
SHP_06412,SUP_019,Road,855,2.63,766,Standard
SHP_06413,SUP_025,Ocean,1755,6.04,309,Low
SHP_06414,SUP_022,Road,1642,3.16,161,Low
SHP_06415,SUP_015,Road,926,7.8,125,Standard
SHP_06416,SUP_048,Road,690,14.41,506,Critical
SHP_06417,SUP_025,Road,977,3.53,908,Low
SHP_06418,SUP_028,Ocean,1257,17.2,807,Low
SHP_06419,SUP_044,Rail,1109,13.2,117,Standard
SHP_06420,SUP_048,Road,1693,19.34,680,Standard
SHP_06421,SUP_006,Ocean,5276,11.12,368,Critical
SHP_06422,SUP_023,Road,260,12.36,890,Standard
SHP_06423,SUP_024,Air,4313,11.69,837,Critical
SHP_06424,SUP_039,Road,1965,12.85,209,Critical
SHP_06425,SUP_018,Road,1400,3.53,288,Critical
SHP_06426,SUP_022,Road,191,6.41,356,Standard
SHP_06427,SUP_018,Ocean,7267,2.03,594,Low
SHP_06428,SUP_050,Rail,1619,19.18,223,Standard
SHP_06429,SUP_025,Road,1283,1.49,815,Low
SHP_06430,SUP_014,Rail,929,17.28,404,Critical
SHP_06431,SUP_008,Rail,1775,15.42,732,Critical
SHP_06432,SUP_009,Ocean,1574,19.17,968,Standard
SHP_06433,SUP_007,Ocean,3495,7.1,646,Standard
SHP_06434,SUP_018,Road,403,8.17,140,Standard
SHP_06435,SUP_043,Rail,643,4.2,124,Standard
SHP_06436,SUP_031,Rail,1196,12.35,993,Standard
SHP_06437,SUP_031,Rail,1005,14.38,637,Critical
SHP_06438,SUP_048,Air,6505,13.19,662,Standard
SHP_06439,SUP_003,Air,2815,14.1,662,Critical
SHP_06440,SUP_035,Road,1074,6.8,685,Standard
SHP_06441,SUP_005,Road,1574,11.75,292,Low
SHP_06442,SUP_031,Air,4766,19.38,318,Critical
SHP_06443,SUP_004,Rail,946,14,488,Critical
SHP_06444,SUP_046,Air,7672,10.41,551,Low
SHP_06445,SUP_014,Rail,1532,12.99,996,Low
SHP_06446,SUP_041,Road,1031,3.03,338,Low
SHP_06447,SUP_017,Ocean,1785,13.54,841,Critical
SHP_06448,SUP_002,Road,1056,17.95,808,Critical
SHP_06449,SUP_012,Air,5553,14.42,998,Critical
SHP_06450,SUP_027,Rail,1224,7.73,888,Standard
SHP_06451,SUP_027,Ocean,1437,12.32,115,Standard
SHP_06452,SUP_042,Ocean,7267,10.53,209,Low
SHP_06453,SUP_025,Road,202,13.97,757,Critical
SHP_06454,SUP_012,Road,981,12.84,613,Standard
SHP_06455,SUP_021,Ocean,3230,11.65,248,Critical
SHP_06456,SUP_020,Road,117,7.66,619,Low
SHP_06457,SUP_048,Rail,731,9.86,276,Low
SHP_06458,SUP_005,Road,316,18,156,Low
SHP_06459,SUP_007,Air,873,18.19,438,Standard
SHP_06460,SUP_044,Road,2000,14.57,453,Critical
SHP_06461,SUP_023,Road,884,6.02,274,Standard
SHP_06462,SUP_017,Rail,1743,7.11,181,Critical
SHP_06463,SUP_016,Ocean,1248,12.63,665,Low
SHP_06464,SUP_005,Road,275,7.4,460,Standard
SHP_06465,SUP_009,Ocean,4884,3.51,423,Standard
SHP_06466,SUP_006,Air,4893,6.37,501,Critical
SHP_06467,SUP_012,Road,1956,9.19,763,Critical
SHP_06468,SUP_036,Air,1691,17.04,839,Low
SHP_06469,SUP_045,Ocean,2278,9.06,689,Low
SHP_06470,SUP_009,Rail,1769,5.83,858,Critical
SHP_06471,SUP_036,Rail,1887,18.99,438,Standard
SHP_06472,SUP_032,Ocean,6521,12.51,908,Standard
SHP_06473,SUP_048,Rail,1302,10.43,507,Critical
SHP_06474,SUP_037,Ocean,7711,3.1,975,Critical
SHP_06475,SUP_006,Rail,1047,15.66,272,Low
SHP_06476,SUP_008,Ocean,4389,12.85,828,Low
SHP_06477,SUP_020,Road,1754,11.78,119,Critical
SHP_06478,SUP_022,Air,3930,19.73,387,Standard
SHP_06479,SUP_048,Road,1064,2.21,338,Low
SHP_06480,SUP_004,Air,1433,8.54,681,Low
SHP_06481,SUP_046,Rail,1818,7.9,107,Critical
SHP_06482,SUP_026,Road,1966,1.25,530,Critical
SHP_06483,SUP_040,Rail,1446,15.83,810,Standard
SHP_06484,SUP_025,Air,1613,9.95,623,Standard
SHP_06485,SUP_038,Road,1834,7.39,623,Critical
SHP_06486,SUP_049,Road,1927,11.92,869,Critical
SHP_06487,SUP_031,Ocean,1570,8.49,634,Critical
SHP_06488,SUP_042,Road,825,5.73,738,Low
SHP_06489,SUP_048,Road,592,2.08,152,Low
SHP_06490,SUP_042,Rail,129,18.42,467,Low
SHP_06491,SUP_020,Rail,778,17.55,820,Low
SHP_06492,SUP_016,Road,1508,5.93,785,Low
SHP_06493,SUP_011,Road,1914,4.27,192,Low
SHP_06494,SUP_041,Road,1429,16.12,743,Low
SHP_06495,SUP_046,Ocean,3328,11.21,830,Low
SHP_06496,SUP_004,Air,3413,3.72,361,Critical
SHP_06497,SUP_050,Road,457,19.26,540,Critical
SHP_06498,SUP_031,Air,5577,2.76,604,Standard
SHP_06499,SUP_026,Road,405,19.51,888,Low
SHP_06500,SUP_003,Rail,269,19.82,155,Critical
SHP_06501,SUP_029,Road,1623,6.53,937,Low
SHP_06502,SUP_044,Air,7451,5.7,801,Standard
SHP_06503,SUP_031,Road,1593,3.23,932,Critical
SHP_06504,SUP_045,Air,921,19.98,217,Low
SHP_06505,SUP_021,Air,6357,8.03,314,Low
SHP_06506,SUP_004,Ocean,5628,12.89,900,Critical
SHP_06507,SUP_019,Rail,1941,16.18,460,Standard
SHP_06508,SUP_019,Ocean,6929,17.44,502,Standard
SHP_06509,SUP_024,Ocean,4078,10.45,354,Critical
SHP_06510,SUP_001,Rail,755,10.12,421,Low
SHP_06511,SUP_011,Air,5590,11.25,988,Critical
SHP_06512,SUP_009,Rail,1309,14.97,618,Critical
SHP_06513,SUP_010,Ocean,4342,16.38,605,Standard
SHP_06514,SUP_036,Rail,958,10.85,203,Low
SHP_06515,SUP_002,Road,784,3.26,116,Low
SHP_06516,SUP_031,Road,1599,12.98,884,Low
SHP_06517,SUP_026,Ocean,6376,17.86,344,Critical
SHP_06518,SUP_013,Rail,1273,16.91,769,Standard
SHP_06519,SUP_004,Ocean,7263,16.54,427,Critical
SHP_06520,SUP_035,Road,1312,12.64,774,Standard
SHP_06521,SUP_041,Road,1045,2.91,495,Low
SHP_06522,SUP_020,Road,1375,10.64,327,Critical
SHP_06523,SUP_032,Rail,1280,9.09,504,Critical
SHP_06524,SUP_011,Road,1696,7.11,299,Critical
SHP_06525,SUP_047,Air,7146,5.71,235,Critical
SHP_06526,SUP_048,Ocean,5743,17.13,818,Critical
SHP_06527,SUP_021,Air,3989,17.76,527,Low
SHP_06528,SUP_037,Ocean,5268,2.77,351,Low
SHP_06529,SUP_018,Road,1598,5.71,683,Low
SHP_06530,SUP_024,Ocean,2820,19.14,505,Standard
SHP_06531,SUP_002,Rail,796,11.91,304,Low
SHP_06532,SUP_036,Ocean,2955,6.82,603,Low
SHP_06533,SUP_001,Ocean,7335,12.66,692,Low
SHP_06534,SUP_035,Air,5447,4.61,652,Critical
SHP_06535,SUP_037,Air,5710,13.35,980,Standard
SHP_06536,SUP_006,Road,1236,12.97,673,Standard
SHP_06537,SUP_009,Rail,1745,3.13,715,Critical
SHP_06538,SUP_013,Ocean,4586,16.05,278,Standard
SHP_06539,SUP_001,Road,984,14.98,996,Low
SHP_06540,SUP_029,Rail,1305,6.56,309,Standard
SHP_06541,SUP_049,Road,1472,5.93,301,Standard
SHP_06542,SUP_027,Ocean,3563,15.5,134,Low
SHP_06543,SUP_027,Ocean,6356,1.39,956,Standard
SHP_06544,SUP_028,Road,908,2.01,402,Standard
SHP_06545,SUP_023,Road,1930,6.6,913,Critical
SHP_06546,SUP_047,Air,4427,18.76,835,Critical
SHP_06547,SUP_001,Rail,205,8.28,265,Low
SHP_06548,SUP_040,Road,405,17.41,958,Low
SHP_06549,SUP_021,Air,2646,17.54,579,Standard
SHP_06550,SUP_014,Road,355,18.34,654,Standard
SHP_06551,SUP_034,Road,1740,12.97,355,Standard
SHP_06552,SUP_023,Road,449,13.47,329,Low
SHP_06553,SUP_024,Rail,1209,12.08,774,Low
SHP_06554,SUP_026,Air,7912,19.39,149,Critical
SHP_06555,SUP_034,Rail,1176,13.56,236,Low
SHP_06556,SUP_019,Rail,115,16.66,683,Critical
SHP_06557,SUP_005,Road,1699,12.22,984,Critical
SHP_06558,SUP_042,Air,7910,8.74,710,Standard
SHP_06559,SUP_038,Rail,1252,13.02,824,Low
SHP_06560,SUP_015,Ocean,3603,1.5,118,Standard
SHP_06561,SUP_049,Road,1303,8.86,549,Standard
SHP_06562,SUP_029,Road,651,11.7,368,Critical
SHP_06563,SUP_042,Road,954,17.6,704,Standard
SHP_06564,SUP_033,Rail,1336,4.89,760,Low
SHP_06565,SUP_011,Road,1497,14.8,995,Standard
SHP_06566,SUP_046,Road,481,17.94,583,Standard
SHP_06567,SUP_009,Rail,1204,1.77,796,Standard
SHP_06568,SUP_038,Rail,819,10.37,868,Critical
SHP_06569,SUP_022,Road,815,2.26,317,Standard
SHP_06570,SUP_038,Road,125,13.45,202,Low
SHP_06571,SUP_041,Rail,1298,18.68,859,Critical
SHP_06572,SUP_031,Air,6002,16.67,225,Low
SHP_06573,SUP_008,Air,1732,16.3,503,Standard
SHP_06574,SUP_001,Ocean,6006,16.18,329,Standard
SHP_06575,SUP_033,Air,5253,6.49,228,Standard
SHP_06576,SUP_031,Rail,1393,8.95,106,Standard
SHP_06577,SUP_025,Ocean,5841,12.57,386,Low
SHP_06578,SUP_016,Road,145,5.73,860,Critical
SHP_06579,SUP_007,Road,106,7.82,443,Critical
SHP_06580,SUP_045,Rail,373,8.96,595,Critical
SHP_06581,SUP_006,Ocean,1747,19.45,865,Low
SHP_06582,SUP_006,Ocean,1055,18.16,386,Standard
SHP_06583,SUP_022,Rail,739,1.39,999,Critical
SHP_06584,SUP_003,Air,6520,9.08,194,Critical
SHP_06585,SUP_002,Rail,1378,11,425,Standard
SHP_06586,SUP_046,Road,1213,2.26,516,Standard
SHP_06587,SUP_021,Road,1597,18.56,953,Critical
SHP_06588,SUP_012,Air,2006,17.23,389,Critical
SHP_06589,SUP_044,Road,1293,18.13,835,Standard
SHP_06590,SUP_030,Rail,973,13.99,445,Low
SHP_06591,SUP_037,Road,1338,19.73,264,Standard
SHP_06592,SUP_043,Road,964,12.32,891,Critical
SHP_06593,SUP_022,Road,908,12.64,756,Critical
SHP_06594,SUP_008,Ocean,2377,8.29,748,Low
SHP_06595,SUP_003,Rail,1405,13.06,371,Standard
SHP_06596,SUP_014,Road,711,9.64,336,Low
SHP_06597,SUP_012,Air,6728,10.18,411,Critical
SHP_06598,SUP_046,Road,946,9.66,911,Critical
SHP_06599,SUP_039,Ocean,4406,16.43,103,Low
SHP_06600,SUP_043,Rail,1481,3.23,247,Low
SHP_06601,SUP_041,Road,779,10.19,350,Standard
SHP_06602,SUP_004,Rail,1400,14.06,715,Critical
SHP_06603,SUP_036,Road,1104,17.78,880,Standard
SHP_06604,SUP_006,Ocean,1461,5.55,414,Critical
SHP_06605,SUP_006,Road,1546,11.3,588,Standard
SHP_06606,SUP_026,Air,1165,19.58,668,Critical
SHP_06607,SUP_008,Air,1929,5.47,957,Low
SHP_06608,SUP_027,Road,1884,14.81,906,Standard
SHP_06609,SUP_024,Ocean,1780,6.04,564,Standard
SHP_06610,SUP_050,Road,1657,4.69,657,Low
SHP_06611,SUP_010,Ocean,818,12.4,682,Critical
SHP_06612,SUP_035,Rail,500,13.31,873,Critical
SHP_06613,SUP_012,Road,1527,3.16,534,Standard
SHP_06614,SUP_009,Air,6225,1.78,204,Standard
SHP_06615,SUP_032,Air,2852,19.44,632,Critical
SHP_06616,SUP_007,Rail,601,5.86,777,Critical
SHP_06617,SUP_022,Road,836,12.04,273,Standard
SHP_06618,SUP_031,Road,1352,9.08,799,Critical
SHP_06619,SUP_047,Road,131,14.07,882,Standard
SHP_06620,SUP_002,Rail,1033,10.35,409,Low
SHP_06621,SUP_040,Air,1217,19.96,648,Standard
SHP_06622,SUP_002,Road,1809,14.54,929,Critical
SHP_06623,SUP_048,Road,1664,2.28,497,Critical
SHP_06624,SUP_033,Road,341,7.78,990,Low
SHP_06625,SUP_007,Ocean,4568,12.72,946,Critical
SHP_06626,SUP_021,Road,857,19.93,746,Critical
SHP_06627,SUP_035,Ocean,5183,2,294,Critical
SHP_06628,SUP_005,Rail,1376,16.17,130,Low
SHP_06629,SUP_041,Rail,184,4.84,871,Standard
SHP_06630,SUP_014,Rail,1364,6.49,454,Critical
SHP_06631,SUP_030,Road,1964,17.96,849,Low
SHP_06632,SUP_044,Air,1454,13.68,175,Standard
SHP_06633,SUP_022,Rail,1689,7.58,420,Low
SHP_06634,SUP_026,Road,1645,3.74,452,Standard
SHP_06635,SUP_043,Rail,1137,12.65,606,Critical
SHP_06636,SUP_023,Road,528,1.54,721,Standard
SHP_06637,SUP_038,Ocean,6215,18.78,916,Standard
SHP_06638,SUP_011,Rail,1080,5.87,379,Critical
SHP_06639,SUP_050,Air,4835,17.6,667,Critical
SHP_06640,SUP_014,Road,989,12.65,665,Low
SHP_06641,SUP_007,Rail,778,12.74,596,Critical
SHP_06642,SUP_025,Rail,385,18.01,405,Critical
SHP_06643,SUP_036,Road,778,6.21,778,Low
SHP_06644,SUP_042,Ocean,1038,1.75,814,Low
SHP_06645,SUP_035,Road,760,7.93,737,Low
SHP_06646,SUP_045,Road,1360,7.5,234,Standard
SHP_06647,SUP_028,Ocean,4634,16.28,269,Critical
SHP_06648,SUP_044,Ocean,1908,3.34,559,Low
SHP_06649,SUP_036,Rail,1964,3.4,894,Critical
SHP_06650,SUP_004,Ocean,5043,4.36,680,Low
SHP_06651,SUP_047,Air,703,2.59,724,Low
SHP_06652,SUP_036,Ocean,5434,2.07,747,Critical
SHP_06653,SUP_016,Road,792,16.57,873,Critical
SHP_06654,SUP_013,Road,1467,18.63,400,Critical
SHP_06655,SUP_047,Road,1408,19.43,144,Standard
SHP_06656,SUP_029,Road,1653,15.09,992,Critical
SHP_06657,SUP_038,Road,1452,9.94,985,Critical
SHP_06658,SUP_005,Road,461,17.95,788,Critical
SHP_06659,SUP_021,Air,3616,15.6,531,Standard
SHP_06660,SUP_045,Road,338,9.97,594,Standard
SHP_06661,SUP_018,Rail,1700,8.63,440,Critical
SHP_06662,SUP_023,Road,459,8.22,111,Low
SHP_06663,SUP_039,Road,216,8.07,385,Standard
SHP_06664,SUP_033,Rail,1726,17.96,382,Standard
SHP_06665,SUP_012,Ocean,958,6.23,642,Critical
SHP_06666,SUP_019,Rail,589,3.06,816,Low
SHP_06667,SUP_044,Road,1584,3.74,170,Critical
SHP_06668,SUP_049,Rail,981,1.68,979,Standard
SHP_06669,SUP_047,Road,289,13.72,241,Low
SHP_06670,SUP_036,Air,5522,15.96,691,Standard
SHP_06671,SUP_034,Road,1079,1.46,176,Critical
SHP_06672,SUP_021,Ocean,3738,12.92,583,Standard
SHP_06673,SUP_026,Road,298,9.56,260,Critical
SHP_06674,SUP_023,Air,7737,10.62,576,Standard
SHP_06675,SUP_012,Air,1328,6.06,315,Standard
SHP_06676,SUP_042,Ocean,6670,12.38,591,Critical
SHP_06677,SUP_013,Rail,535,19.38,525,Critical
SHP_06678,SUP_049,Road,733,7.83,995,Critical
SHP_06679,SUP_022,Rail,1894,12.92,693,Standard
SHP_06680,SUP_024,Road,1620,6.27,452,Standard
SHP_06681,SUP_011,Rail,919,7.02,826,Critical
SHP_06682,SUP_013,Road,204,7.93,937,Standard
SHP_06683,SUP_026,Ocean,4876,9.14,609,Low
SHP_06684,SUP_043,Road,1071,12.3,574,Critical
SHP_06685,SUP_018,Rail,152,5.4,841,Critical
SHP_06686,SUP_019,Air,6860,19.7,387,Low
SHP_06687,SUP_042,Road,1052,13.93,304,Low
SHP_06688,SUP_028,Road,339,12.43,348,Low
SHP_06689,SUP_001,Road,1807,18.34,757,Critical
SHP_06690,SUP_025,Air,2271,18.22,579,Low
SHP_06691,SUP_018,Rail,1106,16.99,410,Low
SHP_06692,SUP_044,Road,249,6.18,758,Standard
SHP_06693,SUP_012,Rail,989,6.81,930,Standard
SHP_06694,SUP_023,Ocean,6726,14.96,331,Standard
SHP_06695,SUP_008,Rail,1746,13.89,292,Critical
SHP_06696,SUP_013,Rail,572,2.48,199,Standard
SHP_06697,SUP_003,Rail,1049,8.1,805,Standard
SHP_06698,SUP_043,Road,796,11.29,484,Low
SHP_06699,SUP_007,Ocean,7709,1.99,409,Low
SHP_06700,SUP_014,Road,1721,6.98,894,Critical
SHP_06701,SUP_007,Rail,646,3.67,366,Critical
SHP_06702,SUP_029,Rail,1582,11.41,906,Standard
SHP_06703,SUP_002,Road,494,8.19,210,Critical
SHP_06704,SUP_017,Road,1910,8.47,476,Low
SHP_06705,SUP_006,Road,798,9.13,545,Standard
SHP_06706,SUP_013,Ocean,6378,9.7,696,Standard
SHP_06707,SUP_010,Ocean,4855,10.33,172,Critical
SHP_06708,SUP_045,Road,129,19.76,562,Critical
SHP_06709,SUP_005,Rail,1069,14.06,982,Standard
SHP_06710,SUP_002,Ocean,7983,2.5,338,Critical
SHP_06711,SUP_008,Air,1714,2.28,997,Critical
SHP_06712,SUP_026,Road,119,4.6,991,Standard
SHP_06713,SUP_028,Rail,734,19,649,Critical
SHP_06714,SUP_021,Ocean,1441,19.74,810,Critical
SHP_06715,SUP_047,Ocean,4634,16,406,Standard
SHP_06716,SUP_021,Road,527,10.51,383,Low
SHP_06717,SUP_026,Air,2681,5.37,250,Low
SHP_06718,SUP_002,Road,819,18.8,495,Low
SHP_06719,SUP_011,Road,441,7.1,979,Standard
SHP_06720,SUP_036,Road,1497,17.62,651,Low
SHP_06721,SUP_039,Rail,261,19.42,917,Standard
SHP_06722,SUP_029,Air,1115,14.74,948,Low
SHP_06723,SUP_016,Ocean,2309,10.85,469,Standard
SHP_06724,SUP_012,Road,480,5.98,946,Standard
SHP_06725,SUP_042,Rail,170,12.49,988,Low
SHP_06726,SUP_041,Air,7964,2.27,356,Standard
SHP_06727,SUP_018,Road,337,8.82,545,Standard
SHP_06728,SUP_034,Air,5561,3.97,618,Standard
SHP_06729,SUP_030,Ocean,1325,13.53,903,Critical
SHP_06730,SUP_049,Ocean,852,9.58,685,Critical
SHP_06731,SUP_022,Road,1030,7.98,966,Low
SHP_06732,SUP_027,Road,165,14.31,889,Critical
SHP_06733,SUP_042,Ocean,7900,8.26,402,Standard
SHP_06734,SUP_049,Road,512,3.75,906,Critical
SHP_06735,SUP_047,Road,1042,6.2,742,Critical
SHP_06736,SUP_036,Rail,1566,19.53,321,Low
SHP_06737,SUP_002,Ocean,3261,13.65,905,Standard
SHP_06738,SUP_010,Air,7271,16.52,319,Critical
SHP_06739,SUP_029,Road,1099,19.2,925,Standard
SHP_06740,SUP_040,Ocean,6778,10.22,916,Standard
SHP_06741,SUP_046,Road,1279,1.49,332,Low
SHP_06742,SUP_037,Air,4683,1.54,984,Low
SHP_06743,SUP_013,Rail,308,8.46,860,Low
SHP_06744,SUP_018,Ocean,7668,3.06,948,Critical
SHP_06745,SUP_023,Road,1581,11.89,956,Low
SHP_06746,SUP_040,Ocean,5216,8.72,275,Standard
SHP_06747,SUP_008,Rail,1369,2.76,153,Critical
SHP_06748,SUP_045,Air,688,11.76,291,Critical
SHP_06749,SUP_016,Ocean,6581,11.8,934,Standard
SHP_06750,SUP_015,Road,252,15.16,436,Low
SHP_06751,SUP_016,Road,789,3.24,476,Critical
SHP_06752,SUP_045,Rail,284,13.76,172,Low
SHP_06753,SUP_010,Road,1964,14.4,363,Critical
SHP_06754,SUP_012,Air,6048,16.2,578,Critical
SHP_06755,SUP_049,Air,594,14.4,496,Standard
SHP_06756,SUP_037,Road,1602,17.77,115,Standard
SHP_06757,SUP_036,Ocean,2526,16.63,161,Low
SHP_06758,SUP_027,Rail,1185,10.96,743,Critical
SHP_06759,SUP_007,Ocean,6515,9.23,433,Standard
SHP_06760,SUP_024,Road,1610,15.14,462,Low
SHP_06761,SUP_013,Road,1458,18.06,172,Low
SHP_06762,SUP_007,Road,1472,10.9,712,Standard
SHP_06763,SUP_009,Road,979,16.18,673,Low
SHP_06764,SUP_005,Road,1041,2.42,448,Standard
SHP_06765,SUP_025,Rail,900,2.22,170,Critical
SHP_06766,SUP_019,Ocean,1986,8.37,994,Critical
SHP_06767,SUP_006,Ocean,4118,18.2,487,Standard
SHP_06768,SUP_038,Road,900,6.44,256,Standard
SHP_06769,SUP_039,Ocean,3349,4.28,458,Critical
SHP_06770,SUP_041,Road,191,6.9,354,Critical
SHP_06771,SUP_001,Air,1833,10.06,485,Critical
SHP_06772,SUP_034,Ocean,2676,1.56,777,Low
SHP_06773,SUP_041,Rail,1212,11.88,156,Standard
SHP_06774,SUP_028,Road,684,19.08,998,Standard
SHP_06775,SUP_011,Road,1594,7.02,728,Low
SHP_06776,SUP_032,Road,842,12.32,875,Low
SHP_06777,SUP_014,Rail,1242,17.99,509,Standard
SHP_06778,SUP_037,Road,485,2.08,765,Standard
SHP_06779,SUP_042,Ocean,5637,18.3,836,Standard
SHP_06780,SUP_015,Air,3201,9.17,102,Standard
SHP_06781,SUP_032,Road,1579,1.22,344,Critical
SHP_06782,SUP_038,Road,528,10.86,104,Critical
SHP_06783,SUP_024,Road,1892,6.83,559,Critical
SHP_06784,SUP_014,Road,251,19.4,286,Critical
SHP_06785,SUP_024,Rail,1992,18.82,140,Low
SHP_06786,SUP_044,Ocean,3384,5.21,109,Standard
SHP_06787,SUP_031,Ocean,4214,18.15,264,Standard
SHP_06788,SUP_047,Ocean,6177,5.79,758,Standard
SHP_06789,SUP_007,Ocean,1865,3.41,340,Critical
SHP_06790,SUP_038,Rail,433,1.08,748,Standard
SHP_06791,SUP_030,Ocean,2537,11.03,550,Critical
SHP_06792,SUP_029,Road,821,4.29,107,Low
SHP_06793,SUP_016,Road,1842,9.03,678,Standard
SHP_06794,SUP_011,Road,547,9.44,109,Standard
SHP_06795,SUP_025,Road,1394,14.3,904,Low
SHP_06796,SUP_011,Road,228,2.09,974,Critical
SHP_06797,SUP_012,Ocean,4866,12.38,102,Critical
SHP_06798,SUP_044,Road,759,5.01,923,Standard
SHP_06799,SUP_023,Air,4051,10.58,870,Low
SHP_06800,SUP_024,Road,1995,10.37,530,Low
SHP_06801,SUP_030,Air,2935,4.15,221,Standard
SHP_06802,SUP_004,Air,3255,16.81,702,Low
SHP_06803,SUP_004,Road,479,14.98,870,Standard
SHP_06804,SUP_012,Road,1347,2.87,704,Standard
SHP_06805,SUP_021,Road,608,8.29,611,Low
SHP_06806,SUP_048,Rail,483,19.78,795,Standard
SHP_06807,SUP_009,Rail,217,8.58,333,Low
SHP_06808,SUP_048,Road,1423,2.84,212,Standard
SHP_06809,SUP_038,Road,1227,1.11,416,Standard
SHP_06810,SUP_022,Road,1422,2.13,818,Standard
SHP_06811,SUP_047,Rail,1471,15.74,451,Critical
SHP_06812,SUP_003,Air,3481,13.27,626,Critical
SHP_06813,SUP_047,Air,2340,1.77,593,Critical
SHP_06814,SUP_026,Rail,1666,14.32,589,Critical
SHP_06815,SUP_030,Road,1729,9.35,897,Critical
SHP_06816,SUP_031,Air,7907,15.73,118,Low
SHP_06817,SUP_044,Road,1465,12.68,430,Critical
SHP_06818,SUP_050,Ocean,4968,12.4,721,Low
SHP_06819,SUP_025,Ocean,2429,14.6,827,Low
SHP_06820,SUP_012,Rail,1606,14.41,355,Critical
SHP_06821,SUP_003,Road,448,12.93,476,Low
SHP_06822,SUP_002,Road,996,4.37,483,Critical
SHP_06823,SUP_009,Ocean,5945,14.42,382,Standard
SHP_06824,SUP_017,Ocean,1492,5.27,713,Critical
SHP_06825,SUP_005,Road,219,6.22,431,Critical
SHP_06826,SUP_012,Ocean,640,11.82,831,Critical
SHP_06827,SUP_006,Road,1845,2.21,804,Standard
SHP_06828,SUP_040,Road,1283,2.08,882,Critical
SHP_06829,SUP_048,Rail,1346,17.36,168,Standard
SHP_06830,SUP_047,Road,491,8.34,526,Critical
SHP_06831,SUP_002,Ocean,1484,15.69,573,Standard
SHP_06832,SUP_020,Air,4469,6.56,361,Critical
SHP_06833,SUP_002,Road,1104,10,883,Critical
SHP_06834,SUP_039,Ocean,6809,1.55,607,Critical
SHP_06835,SUP_037,Ocean,4543,19.69,841,Critical
SHP_06836,SUP_045,Road,615,18.46,448,Standard
SHP_06837,SUP_003,Road,1438,2.63,957,Low
SHP_06838,SUP_023,Rail,419,10.48,515,Critical
SHP_06839,SUP_021,Road,1001,17.04,329,Low
SHP_06840,SUP_017,Ocean,4102,7.93,752,Critical
SHP_06841,SUP_008,Ocean,1790,8.82,543,Critical
SHP_06842,SUP_012,Road,1858,13.11,117,Standard
SHP_06843,SUP_032,Air,1642,7.96,190,Standard
SHP_06844,SUP_011,Air,545,13.69,594,Standard
SHP_06845,SUP_032,Ocean,3705,9.27,909,Standard
SHP_06846,SUP_041,Road,859,19.15,883,Low
SHP_06847,SUP_016,Road,644,11.26,408,Low
SHP_06848,SUP_028,Road,1581,12.74,807,Low
SHP_06849,SUP_036,Rail,300,5.01,962,Low
SHP_06850,SUP_044,Air,1604,8.48,196,Low
SHP_06851,SUP_008,Road,1926,12.72,774,Critical
SHP_06852,SUP_046,Ocean,3417,12.74,315,Critical
SHP_06853,SUP_021,Ocean,3940,12.14,455,Critical
SHP_06854,SUP_039,Rail,1402,19.44,363,Low
SHP_06855,SUP_024,Air,6568,6.5,656,Critical
SHP_06856,SUP_033,Road,1974,3.26,829,Standard
SHP_06857,SUP_003,Rail,1375,10.03,769,Low
SHP_06858,SUP_027,Road,1203,8.91,249,Low
SHP_06859,SUP_023,Ocean,3999,15.55,369,Critical
SHP_06860,SUP_008,Rail,1987,8.05,303,Critical
SHP_06861,SUP_021,Air,6049,19.39,242,Standard
SHP_06862,SUP_003,Ocean,1673,11.36,945,Low
SHP_06863,SUP_004,Ocean,6883,18.01,727,Critical
SHP_06864,SUP_033,Air,1923,12.88,237,Critical
SHP_06865,SUP_046,Road,1420,9.06,223,Standard
SHP_06866,SUP_026,Road,1259,17.99,640,Critical
SHP_06867,SUP_048,Road,1566,16.95,429,Low
SHP_06868,SUP_002,Road,1771,9.64,305,Low
SHP_06869,SUP_024,Rail,1987,2.55,509,Low
SHP_06870,SUP_045,Ocean,3994,8.64,489,Standard
SHP_06871,SUP_008,Road,1817,10.46,967,Low
SHP_06872,SUP_030,Air,2425,16.87,740,Standard
SHP_06873,SUP_030,Rail,670,2.66,873,Standard
SHP_06874,SUP_019,Road,1738,12.56,237,Low
SHP_06875,SUP_015,Ocean,5344,12.17,977,Standard
SHP_06876,SUP_049,Road,618,2.19,640,Critical
SHP_06877,SUP_029,Road,1834,18.29,640,Critical
SHP_06878,SUP_046,Road,1960,11.77,824,Standard
SHP_06879,SUP_021,Rail,1730,1.9,731,Critical
SHP_06880,SUP_030,Road,376,9.71,231,Critical
SHP_06881,SUP_049,Rail,292,16.13,380,Standard
SHP_06882,SUP_025,Road,1468,18.82,710,Standard
SHP_06883,SUP_049,Road,1206,11.23,481,Low
SHP_06884,SUP_013,Road,241,10.81,834,Low
SHP_06885,SUP_027,Ocean,5354,2.32,226,Standard
SHP_06886,SUP_008,Ocean,4668,16.16,942,Low
SHP_06887,SUP_027,Road,126,2.68,744,Critical
SHP_06888,SUP_010,Road,1315,16.65,621,Standard
SHP_06889,SUP_038,Air,1978,17.01,161,Low
SHP_06890,SUP_050,Road,1584,6.03,786,Standard
SHP_06891,SUP_036,Road,145,4.2,251,Standard
SHP_06892,SUP_040,Ocean,5608,4.89,455,Critical
SHP_06893,SUP_046,Ocean,5465,17.5,912,Low
SHP_06894,SUP_050,Road,1421,8.05,904,Standard
SHP_06895,SUP_033,Road,984,8.98,404,Standard
SHP_06896,SUP_042,Ocean,1706,4.72,120,Standard
SHP_06897,SUP_023,Ocean,4719,13.74,190,Low
SHP_06898,SUP_049,Air,2556,5.38,197,Standard
SHP_06899,SUP_038,Road,1815,3.75,109,Critical
SHP_06900,SUP_008,Road,187,16.87,656,Standard
SHP_06901,SUP_016,Road,1254,5.16,683,Low
SHP_06902,SUP_007,Road,1675,15,670,Standard
SHP_06903,SUP_007,Air,4360,17.65,711,Standard
SHP_06904,SUP_046,Rail,1698,9.95,367,Standard
SHP_06905,SUP_045,Road,226,8.54,164,Low
SHP_06906,SUP_013,Air,1357,5.34,383,Standard
SHP_06907,SUP_015,Road,1756,8.2,910,Low
SHP_06908,SUP_026,Ocean,2419,11.21,924,Critical
SHP_06909,SUP_010,Ocean,1434,15.17,899,Standard
SHP_06910,SUP_040,Road,1822,8.55,254,Low
SHP_06911,SUP_028,Road,1714,5.8,617,Standard
SHP_06912,SUP_031,Ocean,1982,15.23,336,Low
SHP_06913,SUP_004,Road,265,5.72,513,Low
SHP_06914,SUP_012,Road,305,16.38,194,Low
SHP_06915,SUP_049,Road,329,7.57,637,Critical
SHP_06916,SUP_037,Road,1012,17.21,373,Critical
SHP_06917,SUP_003,Road,773,12.43,681,Standard
SHP_06918,SUP_037,Ocean,3198,13.97,398,Critical
SHP_06919,SUP_002,Rail,1132,4.46,256,Low
SHP_06920,SUP_023,Road,991,3.51,895,Standard
SHP_06921,SUP_023,Ocean,5455,8.78,475,Low
SHP_06922,SUP_042,Air,2483,15.75,923,Standard
SHP_06923,SUP_010,Road,980,17.83,717,Critical
SHP_06924,SUP_046,Rail,812,12.33,677,Standard
SHP_06925,SUP_024,Rail,1444,6.24,425,Standard
SHP_06926,SUP_019,Air,6138,7.59,485,Standard
SHP_06927,SUP_002,Road,225,1.59,539,Critical
SHP_06928,SUP_002,Rail,1923,15.44,238,Low
SHP_06929,SUP_025,Rail,1889,10.35,130,Critical
SHP_06930,SUP_036,Rail,1402,4.31,869,Critical
SHP_06931,SUP_027,Road,1206,3.8,463,Standard
SHP_06932,SUP_002,Air,1749,9.03,480,Critical
SHP_06933,SUP_033,Road,1059,2.41,690,Critical
SHP_06934,SUP_002,Air,792,3.48,561,Low
SHP_06935,SUP_044,Ocean,4627,10.23,991,Low
SHP_06936,SUP_034,Road,1653,15.92,304,Critical
SHP_06937,SUP_013,Road,502,17.45,631,Low
SHP_06938,SUP_033,Rail,1113,4.65,522,Critical
SHP_06939,SUP_031,Road,243,17.77,977,Low
SHP_06940,SUP_024,Road,1629,18.73,781,Standard
SHP_06941,SUP_047,Ocean,3274,5.05,207,Critical
SHP_06942,SUP_012,Ocean,3604,13.34,251,Critical
SHP_06943,SUP_014,Rail,1931,14.45,954,Critical
SHP_06944,SUP_026,Air,4234,5.83,124,Low
SHP_06945,SUP_013,Rail,538,12.41,392,Standard
SHP_06946,SUP_044,Rail,1691,10.97,926,Low
SHP_06947,SUP_043,Air,7994,14.97,290,Critical
SHP_06948,SUP_036,Road,1924,14.92,372,Critical
SHP_06949,SUP_034,Ocean,2396,7.51,414,Low
SHP_06950,SUP_047,Air,6485,2.53,395,Critical
SHP_06951,SUP_043,Rail,468,16.62,201,Low
SHP_06952,SUP_026,Road,1443,15.01,214,Low
SHP_06953,SUP_012,Road,1120,19.44,373,Critical
SHP_06954,SUP_041,Air,3981,16.52,847,Critical
SHP_06955,SUP_025,Ocean,1591,9.16,726,Critical
SHP_06956,SUP_031,Road,161,14.83,775,Low
SHP_06957,SUP_009,Road,622,9.16,242,Critical
SHP_06958,SUP_032,Rail,1424,13.92,476,Standard
SHP_06959,SUP_010,Rail,565,5.95,974,Critical
SHP_06960,SUP_041,Ocean,7990,8.6,681,Low
SHP_06961,SUP_034,Road,737,14.5,293,Standard
SHP_06962,SUP_032,Road,297,7.91,633,Critical
SHP_06963,SUP_013,Ocean,1989,18.76,394,Critical
SHP_06964,SUP_038,Rail,287,19.62,889,Critical
SHP_06965,SUP_037,Road,1943,18.37,738,Low
SHP_06966,SUP_037,Air,7383,18.33,998,Low
SHP_06967,SUP_015,Ocean,3204,17.44,688,Standard
SHP_06968,SUP_042,Road,1759,16.71,189,Critical
SHP_06969,SUP_010,Rail,1626,7.37,689,Standard
SHP_06970,SUP_029,Road,913,11.62,112,Critical
SHP_06971,SUP_036,Road,1178,2.14,703,Low
SHP_06972,SUP_008,Rail,735,4.74,440,Low
SHP_06973,SUP_036,Air,6065,1.92,877,Critical
SHP_06974,SUP_009,Road,510,2.09,736,Critical
SHP_06975,SUP_046,Road,791,5.93,261,Critical
SHP_06976,SUP_011,Road,1069,12.12,159,Low
SHP_06977,SUP_043,Rail,603,3.19,349,Low
SHP_06978,SUP_021,Ocean,1010,10.65,908,Low
SHP_06979,SUP_005,Rail,1341,8.3,806,Standard
SHP_06980,SUP_025,Air,5656,10.39,263,Low
SHP_06981,SUP_027,Road,194,12.87,805,Standard
SHP_06982,SUP_046,Road,1105,9.2,232,Low
SHP_06983,SUP_006,Ocean,3251,1.59,292,Low
SHP_06984,SUP_034,Ocean,2076,1.55,191,Low
SHP_06985,SUP_039,Ocean,3135,1.35,108,Low
SHP_06986,SUP_041,Road,539,18.94,279,Critical
SHP_06987,SUP_047,Road,1908,4.74,964,Critical
SHP_06988,SUP_035,Road,814,10.73,744,Standard
SHP_06989,SUP_040,Road,156,3.37,175,Critical
SHP_06990,SUP_037,Air,3482,14.21,779,Critical
SHP_06991,SUP_019,Ocean,1994,18.19,491,Critical
SHP_06992,SUP_006,Road,1915,10.11,668,Critical
SHP_06993,SUP_022,Road,1016,1.23,311,Critical
SHP_06994,SUP_042,Air,3644,10.39,554,Low
SHP_06995,SUP_030,Ocean,7351,1.01,725,Low
SHP_06996,SUP_031,Rail,955,19.29,501,Standard
SHP_06997,SUP_037,Rail,1969,8.6,817,Critical
SHP_06998,SUP_050,Ocean,5190,9.56,797,Low
SHP_06999,SUP_001,Road,558,14.4,504,Critical
SHP_07000,SUP_031,Rail,1813,4.88,568,Standard
SHP_07001,SUP_036,Air,6282,3.51,588,Standard
SHP_07002,SUP_007,Road,1490,5.45,523,Critical
SHP_07003,SUP_041,Ocean,2862,10.4,700,Standard
SHP_07004,SUP_043,Rail,738,19.54,915,Standard
SHP_07005,SUP_019,Road,706,12.75,633,Critical
SHP_07006,SUP_025,Road,1301,1.31,388,Standard
SHP_07007,SUP_022,Road,557,11.42,965,Critical
SHP_07008,SUP_023,Air,3816,10.49,955,Low
SHP_07009,SUP_037,Road,1169,9.66,157,Low
SHP_07010,SUP_024,Road,1319,8.92,896,Standard
SHP_07011,SUP_021,Road,636,5.29,503,Standard
SHP_07012,SUP_021,Ocean,4977,9.14,972,Standard
SHP_07013,SUP_004,Road,343,3.44,479,Low
SHP_07014,SUP_013,Road,1514,2.02,466,Low
SHP_07015,SUP_012,Road,944,15.67,661,Standard
SHP_07016,SUP_017,Ocean,3050,17.79,781,Standard
SHP_07017,SUP_010,Road,237,16.59,234,Standard
SHP_07018,SUP_049,Air,848,19.07,710,Low
SHP_07019,SUP_032,Road,101,8.66,754,Critical
SHP_07020,SUP_030,Rail,205,17.07,427,Standard
SHP_07021,SUP_036,Rail,1659,15.99,214,Standard
SHP_07022,SUP_005,Ocean,2220,13.49,613,Low
SHP_07023,SUP_027,Ocean,1199,14.25,383,Low
SHP_07024,SUP_043,Rail,212,19.35,670,Critical
SHP_07025,SUP_040,Rail,1173,8.16,186,Critical
SHP_07026,SUP_015,Road,874,14.1,571,Standard
SHP_07027,SUP_031,Air,5449,5.78,232,Standard
SHP_07028,SUP_050,Ocean,3322,18.98,705,Low
SHP_07029,SUP_033,Road,680,12.75,471,Low
SHP_07030,SUP_015,Road,1688,4.56,548,Critical
SHP_07031,SUP_006,Rail,857,2.31,843,Standard
SHP_07032,SUP_013,Road,1034,16.63,584,Critical
SHP_07033,SUP_028,Rail,529,3.3,844,Low
SHP_07034,SUP_022,Rail,453,5.24,455,Standard
SHP_07035,SUP_046,Road,1976,11.43,872,Low
SHP_07036,SUP_031,Ocean,4135,11.32,472,Low
SHP_07037,SUP_001,Road,1422,7.54,420,Low
SHP_07038,SUP_009,Road,125,11.04,328,Critical
SHP_07039,SUP_049,Road,1268,3.38,168,Critical
SHP_07040,SUP_014,Rail,174,18.7,769,Standard
SHP_07041,SUP_041,Rail,348,10.11,166,Standard
SHP_07042,SUP_033,Road,450,11.92,997,Standard
SHP_07043,SUP_008,Rail,1976,18.61,943,Standard
SHP_07044,SUP_033,Road,1664,6.88,559,Standard
SHP_07045,SUP_016,Ocean,2067,14.32,884,Critical
SHP_07046,SUP_007,Road,309,5.47,448,Critical
SHP_07047,SUP_028,Rail,672,11.18,965,Standard
SHP_07048,SUP_011,Air,6980,4.52,726,Standard
SHP_07049,SUP_033,Road,1150,10.73,619,Standard
SHP_07050,SUP_003,Road,729,8.46,407,Standard
SHP_07051,SUP_050,Ocean,5597,2.48,704,Standard
SHP_07052,SUP_011,Road,749,13.15,644,Low
SHP_07053,SUP_012,Ocean,7575,8.37,164,Standard
SHP_07054,SUP_034,Road,668,19.17,125,Critical
SHP_07055,SUP_003,Road,1448,11.74,102,Low
SHP_07056,SUP_044,Air,602,6.96,360,Low
SHP_07057,SUP_011,Ocean,4397,18.76,645,Critical
SHP_07058,SUP_010,Road,443,4.71,714,Standard
SHP_07059,SUP_014,Ocean,5164,5.98,317,Critical
SHP_07060,SUP_020,Ocean,5918,9.45,556,Low
SHP_07061,SUP_023,Ocean,6705,10.59,960,Critical
SHP_07062,SUP_011,Road,531,15.81,379,Standard
SHP_07063,SUP_019,Rail,169,16.24,234,Standard
SHP_07064,SUP_013,Rail,954,19.46,421,Critical
SHP_07065,SUP_033,Air,4184,10.75,454,Standard
SHP_07066,SUP_022,Rail,622,12.18,647,Critical
SHP_07067,SUP_006,Air,5635,6.4,855,Standard
SHP_07068,SUP_015,Road,1501,8.09,470,Low
SHP_07069,SUP_016,Road,339,15.32,206,Low
SHP_07070,SUP_037,Road,704,5.46,288,Low
SHP_07071,SUP_028,Road,1233,19.26,849,Low
SHP_07072,SUP_039,Road,1564,2.28,991,Standard
SHP_07073,SUP_034,Rail,1492,17.21,530,Critical
SHP_07074,SUP_020,Air,2161,10.87,190,Critical
SHP_07075,SUP_011,Road,296,11.41,354,Critical
SHP_07076,SUP_020,Road,1919,5.53,810,Critical
SHP_07077,SUP_003,Rail,1445,3.12,268,Critical
SHP_07078,SUP_015,Rail,576,6.74,841,Low
SHP_07079,SUP_049,Rail,1640,2.79,399,Standard
SHP_07080,SUP_028,Rail,266,19.77,716,Critical
SHP_07081,SUP_024,Road,1715,15.97,869,Critical
SHP_07082,SUP_042,Rail,1025,12.9,196,Low
SHP_07083,SUP_023,Road,1755,17.41,508,Critical
SHP_07084,SUP_019,Road,1003,19.92,777,Standard
SHP_07085,SUP_030,Rail,548,10.59,152,Standard
SHP_07086,SUP_047,Air,1571,14.24,448,Standard
SHP_07087,SUP_013,Rail,356,11.76,665,Low
SHP_07088,SUP_020,Rail,1165,4.21,584,Critical
SHP_07089,SUP_047,Road,1267,3.59,197,Critical
SHP_07090,SUP_034,Air,5684,6.98,777,Critical
SHP_07091,SUP_030,Air,3344,16.46,262,Critical
SHP_07092,SUP_037,Ocean,3163,2.24,976,Critical
SHP_07093,SUP_042,Rail,1710,3.97,205,Standard
SHP_07094,SUP_021,Air,3320,12.65,218,Low
SHP_07095,SUP_009,Road,1984,6.01,656,Low
SHP_07096,SUP_024,Rail,259,4.46,521,Critical
SHP_07097,SUP_038,Ocean,5102,9.05,646,Standard
SHP_07098,SUP_038,Air,5173,4.23,865,Critical
SHP_07099,SUP_013,Road,1278,18.75,333,Standard
SHP_07100,SUP_024,Ocean,4520,18.73,300,Critical
SHP_07101,SUP_044,Air,2661,3.93,802,Standard
SHP_07102,SUP_050,Road,103,7.77,622,Standard
SHP_07103,SUP_006,Ocean,4544,4.53,840,Critical
SHP_07104,SUP_048,Rail,1330,14.03,686,Low
SHP_07105,SUP_046,Road,1568,19.41,718,Low
SHP_07106,SUP_016,Air,5188,14.22,959,Low
SHP_07107,SUP_034,Air,891,9.27,579,Standard
SHP_07108,SUP_034,Road,1415,15.82,785,Low
SHP_07109,SUP_007,Ocean,7891,10.99,175,Critical
SHP_07110,SUP_015,Road,1474,7.11,495,Standard
SHP_07111,SUP_004,Rail,873,19.39,832,Low
SHP_07112,SUP_012,Ocean,6622,9.66,800,Critical
SHP_07113,SUP_011,Road,1422,8.39,172,Standard
SHP_07114,SUP_018,Road,703,3.93,509,Low
SHP_07115,SUP_005,Road,864,16.41,721,Standard
SHP_07116,SUP_007,Ocean,3964,10.45,260,Critical
SHP_07117,SUP_050,Ocean,3832,19.97,666,Low
SHP_07118,SUP_038,Air,519,3.64,276,Standard
SHP_07119,SUP_003,Rail,1423,19.37,889,Standard
SHP_07120,SUP_048,Rail,1197,12.02,254,Low
SHP_07121,SUP_022,Ocean,4123,9.36,195,Critical
SHP_07122,SUP_010,Air,1863,12.84,130,Low
SHP_07123,SUP_010,Road,1748,18.14,414,Standard
SHP_07124,SUP_023,Ocean,2262,13.37,618,Standard
SHP_07125,SUP_015,Road,927,19.26,920,Critical
SHP_07126,SUP_028,Road,1618,10.6,134,Critical
SHP_07127,SUP_020,Air,1637,15.95,245,Standard
SHP_07128,SUP_027,Road,176,12.34,848,Low
SHP_07129,SUP_036,Road,113,11.64,302,Standard
SHP_07130,SUP_026,Ocean,6858,8.81,508,Low
SHP_07131,SUP_019,Road,1130,4,754,Critical
SHP_07132,SUP_013,Road,1178,9.94,744,Low
SHP_07133,SUP_020,Rail,1047,4.69,376,Low
SHP_07134,SUP_016,Road,761,1.33,833,Low
SHP_07135,SUP_018,Road,1009,15.31,642,Low
SHP_07136,SUP_008,Rail,1971,13.57,127,Low
SHP_07137,SUP_019,Ocean,6173,2.09,154,Low
SHP_07138,SUP_045,Rail,1504,12.07,982,Low
SHP_07139,SUP_008,Rail,559,2.94,285,Critical
SHP_07140,SUP_016,Air,5446,16.99,188,Low
SHP_07141,SUP_001,Ocean,5123,10.01,285,Standard
SHP_07142,SUP_040,Air,7178,17.04,193,Standard
SHP_07143,SUP_040,Rail,361,8.09,691,Low
SHP_07144,SUP_016,Road,753,11.71,299,Critical
SHP_07145,SUP_015,Ocean,6303,8.01,786,Standard
SHP_07146,SUP_021,Rail,1893,7.33,989,Standard
SHP_07147,SUP_020,Rail,1433,7.22,437,Standard
SHP_07148,SUP_018,Road,1534,16.54,321,Low
SHP_07149,SUP_043,Road,275,2.36,290,Standard
SHP_07150,SUP_002,Rail,731,13.9,357,Low
SHP_07151,SUP_027,Rail,172,15.61,185,Standard
SHP_07152,SUP_007,Air,6395,19.15,192,Low
SHP_07153,SUP_014,Ocean,3723,3.31,976,Standard
SHP_07154,SUP_029,Ocean,2281,9.27,980,Low
SHP_07155,SUP_023,Road,1174,19.45,247,Low
SHP_07156,SUP_006,Ocean,2329,6.27,584,Standard
SHP_07157,SUP_042,Road,408,6.92,645,Low
SHP_07158,SUP_024,Road,1221,13.95,501,Critical
SHP_07159,SUP_050,Road,1799,14.42,472,Low
SHP_07160,SUP_023,Rail,347,9.41,681,Low
SHP_07161,SUP_040,Rail,1813,3.61,207,Low
SHP_07162,SUP_049,Road,200,10.42,721,Critical
SHP_07163,SUP_011,Rail,641,13.89,551,Standard
SHP_07164,SUP_024,Rail,107,15.67,554,Standard
SHP_07165,SUP_034,Rail,399,13.35,906,Standard
SHP_07166,SUP_003,Air,3712,4.37,338,Low
SHP_07167,SUP_047,Ocean,6408,1.28,631,Standard
SHP_07168,SUP_024,Road,453,8.04,638,Standard
SHP_07169,SUP_047,Road,271,11.61,237,Critical
SHP_07170,SUP_017,Road,1474,12.62,707,Standard
SHP_07171,SUP_006,Road,1478,15.89,864,Standard
SHP_07172,SUP_022,Ocean,4558,7.67,113,Low
SHP_07173,SUP_045,Road,329,8.7,943,Low
SHP_07174,SUP_025,Rail,177,14.23,676,Standard
SHP_07175,SUP_035,Air,7506,15.38,532,Standard
SHP_07176,SUP_006,Road,1442,3.85,406,Standard
SHP_07177,SUP_017,Ocean,4758,11.61,638,Standard
SHP_07178,SUP_023,Rail,1830,3.84,615,Standard
SHP_07179,SUP_012,Road,1904,14.67,837,Standard
SHP_07180,SUP_017,Road,1752,10.16,223,Standard
SHP_07181,SUP_016,Road,1822,3.64,802,Critical
SHP_07182,SUP_047,Road,1063,11.52,313,Low
SHP_07183,SUP_016,Rail,1779,12.91,995,Low
SHP_07184,SUP_040,Rail,342,12.36,314,Critical
SHP_07185,SUP_019,Road,433,15.88,774,Critical
SHP_07186,SUP_002,Ocean,3537,5.25,559,Critical
SHP_07187,SUP_016,Rail,327,2.92,256,Critical
SHP_07188,SUP_020,Road,955,10.97,347,Low
SHP_07189,SUP_016,Road,1991,19.61,762,Low
SHP_07190,SUP_003,Rail,1162,3.86,320,Standard
SHP_07191,SUP_008,Rail,1158,5.97,341,Standard
SHP_07192,SUP_035,Road,875,19.15,700,Standard
SHP_07193,SUP_036,Road,315,13.32,674,Low
SHP_07194,SUP_006,Road,725,1.71,507,Standard
SHP_07195,SUP_022,Ocean,3735,15.12,546,Standard
SHP_07196,SUP_028,Road,1776,18.84,459,Low
SHP_07197,SUP_037,Air,7797,6.12,949,Standard
SHP_07198,SUP_016,Rail,270,14.06,572,Standard
SHP_07199,SUP_019,Ocean,7642,18.36,941,Critical
SHP_07200,SUP_032,Ocean,6334,4.38,154,Critical
SHP_07201,SUP_047,Road,1241,10.51,897,Standard
SHP_07202,SUP_037,Air,6896,12.06,579,Standard
SHP_07203,SUP_027,Road,951,11.53,360,Standard
SHP_07204,SUP_024,Air,969,15.74,972,Critical
SHP_07205,SUP_006,Ocean,1973,11.43,624,Standard
SHP_07206,SUP_018,Road,1780,18.16,126,Low
SHP_07207,SUP_024,Road,1406,9.1,254,Standard
SHP_07208,SUP_015,Road,1632,18.87,808,Standard
SHP_07209,SUP_002,Road,704,9.16,712,Low
SHP_07210,SUP_012,Rail,795,10.85,951,Standard
SHP_07211,SUP_017,Road,474,10.19,870,Standard
SHP_07212,SUP_006,Road,1028,9.27,191,Standard
SHP_07213,SUP_032,Road,1690,17.22,786,Standard
SHP_07214,SUP_005,Road,1509,19.6,621,Low
SHP_07215,SUP_038,Air,4453,14.28,626,Low
SHP_07216,SUP_002,Rail,447,3.76,492,Critical
SHP_07217,SUP_033,Rail,1712,19.86,250,Standard
SHP_07218,SUP_043,Rail,1373,10.61,336,Standard
SHP_07219,SUP_011,Ocean,3136,6.15,813,Standard
SHP_07220,SUP_015,Ocean,5090,2.26,896,Standard
SHP_07221,SUP_001,Ocean,6425,12.59,633,Low
SHP_07222,SUP_048,Road,1945,18.79,214,Low
SHP_07223,SUP_039,Air,7008,4.68,760,Standard
SHP_07224,SUP_016,Road,646,10.15,230,Low
SHP_07225,SUP_048,Ocean,5222,6.4,976,Critical
SHP_07226,SUP_019,Ocean,3990,17.32,456,Critical
SHP_07227,SUP_045,Ocean,2342,5.87,959,Critical
SHP_07228,SUP_011,Air,3890,16.55,167,Low
SHP_07229,SUP_006,Ocean,6472,13.52,317,Low
SHP_07230,SUP_049,Road,1487,18.69,100,Low
SHP_07231,SUP_008,Air,3481,3.14,337,Standard
SHP_07232,SUP_033,Road,348,15.08,100,Critical
SHP_07233,SUP_037,Air,7045,19.81,643,Low
SHP_07234,SUP_027,Road,129,2.48,182,Critical
SHP_07235,SUP_037,Road,801,4.58,297,Critical
SHP_07236,SUP_031,Road,1918,11.17,229,Low
SHP_07237,SUP_006,Rail,1283,9.68,570,Critical
SHP_07238,SUP_006,Ocean,3467,18.22,438,Critical
SHP_07239,SUP_031,Rail,513,12.03,185,Low
SHP_07240,SUP_017,Road,1396,4.43,252,Low
SHP_07241,SUP_020,Ocean,5652,17.29,734,Standard
SHP_07242,SUP_043,Ocean,784,19.96,333,Critical
SHP_07243,SUP_046,Air,5855,19.86,762,Standard
SHP_07244,SUP_026,Road,202,16.14,827,Low
SHP_07245,SUP_014,Road,1239,10.12,317,Low
SHP_07246,SUP_032,Air,2570,7.25,618,Standard
SHP_07247,SUP_048,Rail,650,14.86,651,Standard
SHP_07248,SUP_012,Ocean,2039,2.7,865,Low
SHP_07249,SUP_042,Road,1079,15.66,409,Low
SHP_07250,SUP_049,Ocean,5426,16.13,730,Standard
SHP_07251,SUP_008,Ocean,5985,2.25,464,Critical
SHP_07252,SUP_033,Ocean,4833,18.31,579,Standard
SHP_07253,SUP_004,Road,1353,5.15,312,Critical
SHP_07254,SUP_029,Ocean,7993,17.71,286,Low
SHP_07255,SUP_045,Road,262,7.47,349,Low
SHP_07256,SUP_017,Rail,243,15.6,682,Low
SHP_07257,SUP_002,Air,5601,10.36,188,Standard
SHP_07258,SUP_033,Air,4729,10.51,754,Low
SHP_07259,SUP_026,Rail,389,10.68,603,Low
SHP_07260,SUP_022,Road,1135,12.05,616,Standard
SHP_07261,SUP_047,Road,905,5.74,570,Critical
SHP_07262,SUP_041,Road,1163,6.51,644,Critical
SHP_07263,SUP_020,Rail,1367,14.43,524,Critical
SHP_07264,SUP_002,Air,5664,7.25,580,Critical
SHP_07265,SUP_003,Ocean,6227,11.29,859,Low
SHP_07266,SUP_025,Air,828,17.01,700,Critical
SHP_07267,SUP_029,Road,1968,1.84,642,Standard
SHP_07268,SUP_005,Road,903,11.26,169,Critical
SHP_07269,SUP_038,Road,1649,7.59,756,Standard
SHP_07270,SUP_047,Road,597,2.83,422,Standard
SHP_07271,SUP_025,Road,1901,7.28,900,Standard
SHP_07272,SUP_001,Ocean,1051,7.62,481,Standard
SHP_07273,SUP_018,Rail,1295,6.6,888,Low
SHP_07274,SUP_029,Air,1566,9.48,459,Low
SHP_07275,SUP_032,Road,816,2.06,448,Critical
SHP_07276,SUP_050,Ocean,5264,1.64,635,Critical
SHP_07277,SUP_027,Road,881,18,354,Standard
SHP_07278,SUP_013,Air,1735,8.97,686,Low
SHP_07279,SUP_034,Rail,1559,14.83,545,Standard
SHP_07280,SUP_043,Rail,165,14.58,942,Low
SHP_07281,SUP_014,Rail,1267,9.75,611,Standard
SHP_07282,SUP_020,Air,2136,15.44,572,Critical
SHP_07283,SUP_045,Air,3858,10.31,181,Standard
SHP_07284,SUP_045,Rail,1814,1.52,902,Standard
SHP_07285,SUP_037,Road,635,18.53,286,Low
SHP_07286,SUP_025,Road,628,5.72,183,Standard
SHP_07287,SUP_039,Road,1676,4.26,714,Critical
SHP_07288,SUP_011,Road,178,10.66,747,Standard
SHP_07289,SUP_032,Ocean,787,17.8,284,Low
SHP_07290,SUP_011,Ocean,6779,8.88,398,Standard
SHP_07291,SUP_044,Rail,1635,9.47,183,Standard
SHP_07292,SUP_007,Air,5873,13.24,909,Critical
SHP_07293,SUP_013,Air,7064,19.91,133,Critical
SHP_07294,SUP_013,Road,1965,3.22,612,Low
SHP_07295,SUP_045,Road,153,17.77,376,Low
SHP_07296,SUP_011,Ocean,7366,1.27,341,Critical
SHP_07297,SUP_046,Road,650,4.32,727,Standard
SHP_07298,SUP_029,Road,1233,16.43,269,Low
SHP_07299,SUP_038,Road,1517,8.33,396,Low
SHP_07300,SUP_014,Rail,915,8.19,849,Low
SHP_07301,SUP_024,Air,7435,3.37,287,Low
SHP_07302,SUP_015,Road,1142,13.05,235,Low
SHP_07303,SUP_020,Road,1275,15.95,839,Low
SHP_07304,SUP_030,Ocean,2699,13.12,214,Critical
SHP_07305,SUP_001,Air,2394,2.65,884,Low
SHP_07306,SUP_050,Ocean,1624,1.86,186,Standard
SHP_07307,SUP_039,Ocean,1052,14.01,720,Standard
SHP_07308,SUP_042,Road,1539,8.99,734,Low
SHP_07309,SUP_022,Rail,1273,2.16,814,Low
SHP_07310,SUP_002,Air,5550,6.09,509,Critical
SHP_07311,SUP_021,Ocean,6719,7.32,891,Standard
SHP_07312,SUP_020,Road,308,8.83,230,Standard
SHP_07313,SUP_040,Road,564,14.25,500,Low
SHP_07314,SUP_007,Road,1696,11.36,327,Low
SHP_07315,SUP_027,Air,3137,10.7,108,Critical
SHP_07316,SUP_005,Ocean,3470,9.59,719,Standard
SHP_07317,SUP_032,Air,648,12.25,576,Standard
SHP_07318,SUP_038,Rail,1030,14.34,578,Low
SHP_07319,SUP_047,Road,770,15.93,171,Low
SHP_07320,SUP_017,Ocean,3665,17.4,734,Standard
SHP_07321,SUP_012,Road,1307,12.08,872,Standard
SHP_07322,SUP_043,Road,1770,14.76,487,Standard
SHP_07323,SUP_006,Road,428,14.28,386,Low
SHP_07324,SUP_002,Rail,1425,13.14,775,Standard
SHP_07325,SUP_009,Air,5689,1.82,584,Standard
SHP_07326,SUP_010,Road,231,8.82,933,Low
SHP_07327,SUP_024,Road,419,10.54,258,Critical
SHP_07328,SUP_021,Rail,863,9.28,431,Critical
SHP_07329,SUP_045,Road,777,6.84,335,Standard
SHP_07330,SUP_040,Rail,1662,9.7,853,Standard
SHP_07331,SUP_025,Road,172,10.33,402,Critical
SHP_07332,SUP_024,Ocean,6209,15.36,881,Critical
SHP_07333,SUP_044,Ocean,2041,13.73,585,Critical
SHP_07334,SUP_046,Road,578,18.27,871,Low
SHP_07335,SUP_022,Road,1700,2.32,783,Standard
SHP_07336,SUP_003,Road,390,7.77,518,Low
SHP_07337,SUP_007,Air,6837,1.4,732,Standard
SHP_07338,SUP_042,Road,524,16.01,199,Low
SHP_07339,SUP_030,Rail,1623,19.2,390,Critical
SHP_07340,SUP_037,Road,1802,17.89,450,Standard
SHP_07341,SUP_027,Ocean,4907,11.99,205,Low
SHP_07342,SUP_001,Road,792,4.24,224,Low
SHP_07343,SUP_006,Rail,873,8.57,458,Standard
SHP_07344,SUP_041,Road,224,4.2,169,Standard
SHP_07345,SUP_018,Road,320,19.4,240,Standard
SHP_07346,SUP_029,Road,1481,4.79,906,Low
SHP_07347,SUP_049,Road,353,16.57,374,Standard
SHP_07348,SUP_038,Road,1898,1.06,406,Standard
SHP_07349,SUP_010,Rail,1420,1.21,655,Standard
SHP_07350,SUP_020,Ocean,3658,4.98,894,Standard
SHP_07351,SUP_040,Road,315,9.3,494,Standard
SHP_07352,SUP_041,Air,3097,18.48,930,Low
SHP_07353,SUP_045,Road,478,14.64,474,Low
SHP_07354,SUP_043,Road,1912,2.32,142,Critical
SHP_07355,SUP_029,Road,444,8.54,971,Standard
SHP_07356,SUP_015,Rail,1882,4.45,811,Standard
SHP_07357,SUP_045,Ocean,1849,6.19,150,Standard
SHP_07358,SUP_031,Ocean,5521,12.82,830,Critical
SHP_07359,SUP_013,Road,889,9.91,465,Standard
SHP_07360,SUP_033,Ocean,3979,15.5,233,Low
SHP_07361,SUP_010,Rail,1401,12.72,144,Low
SHP_07362,SUP_037,Road,777,13.67,368,Low
SHP_07363,SUP_025,Road,1061,7.62,883,Critical
SHP_07364,SUP_025,Ocean,5471,5.39,336,Critical
SHP_07365,SUP_009,Road,1041,16.01,412,Critical
SHP_07366,SUP_029,Road,314,7.64,495,Low
SHP_07367,SUP_050,Road,178,1.97,545,Critical
SHP_07368,SUP_023,Rail,1037,10.18,366,Critical
SHP_07369,SUP_014,Road,842,15.55,966,Critical
SHP_07370,SUP_038,Ocean,5358,18.12,993,Low
SHP_07371,SUP_018,Rail,870,3.05,516,Low
SHP_07372,SUP_033,Rail,731,19.46,791,Standard
SHP_07373,SUP_045,Air,2040,8.78,909,Standard
SHP_07374,SUP_008,Rail,876,11.89,211,Standard
SHP_07375,SUP_005,Air,7360,6.02,926,Critical
SHP_07376,SUP_003,Air,5827,7.34,605,Standard
SHP_07377,SUP_028,Road,1860,7.16,179,Low
SHP_07378,SUP_047,Road,664,12.83,642,Standard
SHP_07379,SUP_003,Rail,591,2.4,798,Critical
SHP_07380,SUP_034,Air,6839,14.16,236,Critical
SHP_07381,SUP_036,Road,631,11.19,309,Standard
SHP_07382,SUP_034,Road,1874,7.82,955,Critical
SHP_07383,SUP_021,Ocean,5793,9.17,617,Low
SHP_07384,SUP_025,Rail,221,8.09,405,Critical
SHP_07385,SUP_014,Rail,1595,12.65,339,Standard
SHP_07386,SUP_014,Road,1551,5.32,977,Standard
SHP_07387,SUP_035,Air,7556,7.07,178,Low
SHP_07388,SUP_049,Ocean,5732,13.93,131,Critical
SHP_07389,SUP_050,Road,1263,18.9,322,Low
SHP_07390,SUP_020,Road,1062,13.55,524,Low
SHP_07391,SUP_047,Rail,1637,10.01,341,Critical
SHP_07392,SUP_016,Air,2246,3.79,636,Standard
SHP_07393,SUP_001,Ocean,6611,4.69,460,Standard
SHP_07394,SUP_030,Road,1208,1.77,111,Low
SHP_07395,SUP_009,Road,1777,12.27,112,Low
SHP_07396,SUP_037,Air,3095,10.81,213,Low
SHP_07397,SUP_034,Road,1593,8.97,687,Low
SHP_07398,SUP_042,Ocean,5981,11.21,972,Critical
SHP_07399,SUP_007,Rail,1951,5.1,407,Standard
SHP_07400,SUP_010,Road,655,3.64,534,Low
SHP_07401,SUP_016,Air,6683,18.85,471,Standard
SHP_07402,SUP_027,Rail,830,2.53,452,Low
SHP_07403,SUP_001,Rail,1488,7.54,985,Critical
SHP_07404,SUP_033,Road,1978,10.74,592,Standard
SHP_07405,SUP_005,Road,862,5.49,309,Standard
SHP_07406,SUP_050,Road,1957,7.76,757,Critical
SHP_07407,SUP_027,Rail,1263,16.31,317,Standard
SHP_07408,SUP_015,Ocean,529,11.88,860,Critical
SHP_07409,SUP_037,Road,1233,1.79,433,Critical
SHP_07410,SUP_018,Rail,1168,5.13,788,Standard
SHP_07411,SUP_001,Road,524,3.29,551,Standard
SHP_07412,SUP_018,Road,1122,5.79,783,Standard
SHP_07413,SUP_033,Road,253,13.1,176,Standard
SHP_07414,SUP_038,Ocean,4044,6.77,572,Low
SHP_07415,SUP_025,Road,1455,16.17,773,Standard
SHP_07416,SUP_009,Road,1667,7.29,652,Standard
SHP_07417,SUP_048,Road,1323,2.06,286,Standard
SHP_07418,SUP_004,Road,1155,11.03,519,Critical
SHP_07419,SUP_021,Air,765,11.74,196,Standard
SHP_07420,SUP_007,Rail,1797,3.09,415,Low
SHP_07421,SUP_014,Road,1327,5.02,747,Critical
SHP_07422,SUP_031,Rail,415,8.1,511,Critical
SHP_07423,SUP_037,Road,1252,19.93,742,Standard
SHP_07424,SUP_015,Road,1364,10.59,791,Critical
SHP_07425,SUP_035,Road,940,2.13,789,Standard
SHP_07426,SUP_048,Road,1184,17.77,191,Critical
SHP_07427,SUP_015,Air,2459,10.17,656,Standard
SHP_07428,SUP_041,Road,846,16.95,807,Standard
SHP_07429,SUP_035,Rail,1939,15.89,616,Critical
SHP_07430,SUP_028,Rail,633,14.73,823,Low
SHP_07431,SUP_006,Road,1447,14.1,461,Standard
SHP_07432,SUP_034,Road,1282,2.14,216,Standard
SHP_07433,SUP_034,Road,810,18.28,834,Low
SHP_07434,SUP_005,Road,1130,6.61,117,Standard
SHP_07435,SUP_001,Air,4081,16.59,596,Low
SHP_07436,SUP_003,Ocean,3096,18.25,271,Standard
SHP_07437,SUP_025,Road,1475,3.55,122,Low
SHP_07438,SUP_050,Road,1716,15.07,328,Standard
SHP_07439,SUP_044,Road,238,12.17,624,Low
SHP_07440,SUP_042,Air,3199,6.24,426,Critical
SHP_07441,SUP_039,Rail,1669,4.24,528,Standard
SHP_07442,SUP_019,Air,7247,11.4,633,Critical
SHP_07443,SUP_040,Air,1627,19.66,339,Standard
SHP_07444,SUP_039,Rail,1505,13.4,427,Critical
SHP_07445,SUP_014,Road,527,5.09,146,Standard
SHP_07446,SUP_012,Rail,254,16.43,474,Standard
SHP_07447,SUP_034,Rail,606,15.45,395,Critical
SHP_07448,SUP_015,Road,1445,10.2,632,Low
SHP_07449,SUP_049,Rail,1554,10.83,221,Standard
SHP_07450,SUP_003,Air,6098,13.08,795,Critical
SHP_07451,SUP_014,Road,1996,7.57,829,Standard
SHP_07452,SUP_025,Road,518,7.01,201,Standard
SHP_07453,SUP_030,Road,927,17.3,428,Standard
SHP_07454,SUP_050,Rail,907,17.11,589,Critical
SHP_07455,SUP_014,Ocean,3205,6.05,403,Standard
SHP_07456,SUP_036,Ocean,3988,19.36,592,Critical
SHP_07457,SUP_048,Rail,930,18.36,254,Standard
SHP_07458,SUP_011,Road,1924,9.5,431,Critical
SHP_07459,SUP_024,Road,312,14.57,149,Critical
SHP_07460,SUP_006,Road,1902,12.27,691,Critical
SHP_07461,SUP_009,Road,1706,18.74,961,Critical
SHP_07462,SUP_005,Road,123,2.67,542,Critical
SHP_07463,SUP_003,Ocean,7100,9.59,286,Critical
SHP_07464,SUP_037,Road,1300,17.67,443,Standard
SHP_07465,SUP_020,Road,284,16.8,126,Critical
SHP_07466,SUP_034,Road,1483,15.17,480,Low
SHP_07467,SUP_007,Ocean,5412,13.76,239,Standard
SHP_07468,SUP_025,Rail,528,11.29,597,Critical
SHP_07469,SUP_024,Rail,1836,11.76,982,Standard
SHP_07470,SUP_009,Road,1924,10.22,183,Standard
SHP_07471,SUP_033,Ocean,5980,5.5,944,Standard
SHP_07472,SUP_044,Air,6785,11.73,743,Low
SHP_07473,SUP_043,Ocean,3611,10.4,961,Standard
SHP_07474,SUP_039,Road,1264,18.56,408,Low
SHP_07475,SUP_023,Road,1532,8.06,633,Low
SHP_07476,SUP_023,Road,1523,10.49,935,Low
SHP_07477,SUP_045,Rail,802,10.79,995,Critical
SHP_07478,SUP_020,Air,7681,9.8,847,Critical
SHP_07479,SUP_006,Ocean,5449,7.09,811,Standard
SHP_07480,SUP_023,Road,567,4.38,830,Low
SHP_07481,SUP_038,Road,1332,3.8,693,Standard
SHP_07482,SUP_036,Air,2587,10.16,116,Low
SHP_07483,SUP_017,Road,1278,1.87,194,Standard
SHP_07484,SUP_008,Road,185,10.64,268,Critical
SHP_07485,SUP_034,Road,291,11.31,883,Standard
SHP_07486,SUP_004,Rail,507,2.91,699,Critical
SHP_07487,SUP_037,Road,777,16.01,133,Critical
SHP_07488,SUP_007,Ocean,6976,18.94,627,Low
SHP_07489,SUP_020,Rail,572,7.28,476,Standard
SHP_07490,SUP_024,Ocean,515,11.97,466,Low
SHP_07491,SUP_009,Air,1155,3.41,462,Critical
SHP_07492,SUP_018,Road,1360,19.95,462,Low
SHP_07493,SUP_028,Road,658,17.38,363,Standard
SHP_07494,SUP_035,Rail,1184,15.47,803,Low
SHP_07495,SUP_043,Ocean,4314,7.64,193,Standard
SHP_07496,SUP_040,Air,7928,8.9,899,Standard
SHP_07497,SUP_033,Air,5896,6.85,715,Standard
SHP_07498,SUP_012,Ocean,3669,17.32,634,Standard
SHP_07499,SUP_016,Road,1791,12.67,154,Low
SHP_07500,SUP_007,Rail,1290,10.85,612,Low
SHP_07501,SUP_004,Road,1328,11.26,451,Critical
SHP_07502,SUP_008,Ocean,5974,3.97,312,Low
SHP_07503,SUP_018,Air,2687,18.85,106,Low
SHP_07504,SUP_042,Air,2603,7.95,634,Standard
SHP_07505,SUP_002,Rail,1111,8.37,355,Standard
SHP_07506,SUP_034,Ocean,2254,3.03,759,Standard
SHP_07507,SUP_005,Road,1782,13.31,122,Low
SHP_07508,SUP_049,Road,1230,17.73,806,Critical
SHP_07509,SUP_035,Rail,313,19.18,894,Standard
SHP_07510,SUP_039,Ocean,4445,1.42,435,Low
SHP_07511,SUP_013,Ocean,5061,7.83,486,Standard
SHP_07512,SUP_023,Ocean,5104,8.51,488,Standard
SHP_07513,SUP_022,Air,2972,4.32,195,Standard
SHP_07514,SUP_032,Air,4461,13.61,376,Critical
SHP_07515,SUP_014,Rail,311,13.01,184,Standard
SHP_07516,SUP_025,Ocean,5042,17.19,272,Low
SHP_07517,SUP_027,Road,693,11.89,277,Standard
SHP_07518,SUP_034,Road,1892,4.59,827,Critical
SHP_07519,SUP_013,Rail,1579,12.17,108,Low
SHP_07520,SUP_011,Air,599,4.7,126,Low
SHP_07521,SUP_012,Road,711,3.58,515,Critical
SHP_07522,SUP_048,Road,1306,18.99,918,Critical
SHP_07523,SUP_041,Rail,1458,9.66,815,Standard
SHP_07524,SUP_026,Rail,1091,19.58,806,Low
SHP_07525,SUP_020,Road,1434,15.6,884,Critical
SHP_07526,SUP_041,Rail,322,15.98,824,Critical
SHP_07527,SUP_035,Rail,1116,4.56,873,Standard
SHP_07528,SUP_008,Road,1201,11.49,215,Critical
SHP_07529,SUP_025,Rail,1098,4.83,781,Low
SHP_07530,SUP_014,Road,422,12.59,431,Low
SHP_07531,SUP_005,Air,1572,9.21,202,Standard
SHP_07532,SUP_001,Air,5884,10.5,167,Low
SHP_07533,SUP_034,Road,446,2.2,490,Low
SHP_07534,SUP_003,Road,1538,12.39,504,Critical
SHP_07535,SUP_041,Ocean,1451,15.32,852,Standard
SHP_07536,SUP_025,Rail,1797,2.84,204,Critical
SHP_07537,SUP_047,Rail,879,7.2,357,Critical
SHP_07538,SUP_032,Road,1792,10.45,450,Standard
SHP_07539,SUP_028,Road,814,16.09,326,Standard
SHP_07540,SUP_022,Road,1553,9.3,467,Low
SHP_07541,SUP_023,Road,152,10.05,877,Standard
SHP_07542,SUP_004,Air,3000,9.58,121,Critical
SHP_07543,SUP_005,Rail,157,12.59,407,Standard
SHP_07544,SUP_047,Ocean,6221,15.33,527,Standard
SHP_07545,SUP_032,Road,924,15.35,220,Standard
SHP_07546,SUP_048,Air,2944,7.08,639,Standard
SHP_07547,SUP_050,Rail,1718,3.68,868,Low
SHP_07548,SUP_012,Road,424,5.67,547,Critical
SHP_07549,SUP_018,Ocean,7275,6.16,157,Standard
SHP_07550,SUP_017,Rail,953,4.15,341,Critical
SHP_07551,SUP_022,Ocean,3180,17.15,285,Critical
SHP_07552,SUP_021,Road,757,2.56,696,Critical
SHP_07553,SUP_018,Rail,723,10.23,919,Critical
SHP_07554,SUP_024,Road,1047,19.95,546,Standard
SHP_07555,SUP_021,Rail,261,2.61,109,Standard
SHP_07556,SUP_016,Road,954,5.67,470,Standard
SHP_07557,SUP_025,Road,1273,13.74,162,Low
SHP_07558,SUP_037,Road,1974,11.61,908,Standard
SHP_07559,SUP_046,Road,276,18.37,360,Low
SHP_07560,SUP_045,Ocean,3588,19.36,920,Low
SHP_07561,SUP_017,Rail,552,9.32,486,Low
SHP_07562,SUP_041,Rail,499,7.73,501,Standard
SHP_07563,SUP_014,Air,1555,10.19,762,Critical
SHP_07564,SUP_024,Rail,1145,2.91,958,Standard
SHP_07565,SUP_005,Road,1765,17.48,354,Critical
SHP_07566,SUP_038,Ocean,7392,17.49,597,Standard
SHP_07567,SUP_039,Ocean,3910,18.02,906,Critical
SHP_07568,SUP_036,Air,7896,5.15,277,Low
SHP_07569,SUP_034,Ocean,5956,6.9,712,Standard
SHP_07570,SUP_005,Air,6849,13.9,765,Standard
SHP_07571,SUP_001,Road,996,8.2,829,Standard
SHP_07572,SUP_030,Road,514,3.47,497,Critical
SHP_07573,SUP_023,Air,7813,15.38,436,Critical
SHP_07574,SUP_026,Rail,994,2.71,825,Standard
SHP_07575,SUP_024,Air,6783,13.16,178,Critical
SHP_07576,SUP_005,Road,856,7.58,926,Low
SHP_07577,SUP_046,Rail,1238,3.73,902,Low
SHP_07578,SUP_028,Rail,1395,3.35,821,Critical
SHP_07579,SUP_014,Ocean,2527,14,978,Critical
SHP_07580,SUP_030,Rail,1575,9.17,610,Critical
SHP_07581,SUP_034,Rail,1581,15.46,180,Critical
SHP_07582,SUP_046,Road,1606,1.67,857,Standard
SHP_07583,SUP_013,Air,4938,7.01,881,Critical
SHP_07584,SUP_009,Air,2475,3.47,306,Critical
SHP_07585,SUP_049,Road,1357,11.77,503,Critical
SHP_07586,SUP_017,Rail,1878,6.49,184,Critical
SHP_07587,SUP_020,Road,1030,1.95,531,Critical
SHP_07588,SUP_014,Rail,1753,15.98,758,Low
SHP_07589,SUP_008,Road,190,15.63,268,Low
SHP_07590,SUP_044,Air,5363,7.24,543,Critical
SHP_07591,SUP_048,Road,650,17.38,612,Low
SHP_07592,SUP_046,Ocean,3167,17.4,309,Low
SHP_07593,SUP_049,Rail,577,8.26,222,Low
SHP_07594,SUP_025,Ocean,4175,12.4,725,Low
SHP_07595,SUP_035,Air,4508,5.91,366,Standard
SHP_07596,SUP_041,Ocean,7078,7.82,414,Standard
SHP_07597,SUP_031,Road,971,13.6,763,Critical
SHP_07598,SUP_004,Air,4382,2.92,662,Standard
SHP_07599,SUP_005,Ocean,933,12.14,958,Standard
SHP_07600,SUP_029,Road,1558,14.8,555,Standard
SHP_07601,SUP_006,Rail,251,16.58,325,Standard
SHP_07602,SUP_016,Road,510,10.3,571,Low
SHP_07603,SUP_026,Rail,1637,3.07,668,Standard
SHP_07604,SUP_020,Ocean,7224,13.15,507,Low
SHP_07605,SUP_041,Road,862,19.89,402,Critical
SHP_07606,SUP_045,Rail,1317,5.64,417,Low
SHP_07607,SUP_009,Road,755,14.58,371,Low
SHP_07608,SUP_009,Rail,889,14.68,183,Standard
SHP_07609,SUP_043,Road,618,14.45,727,Critical
SHP_07610,SUP_032,Road,390,7.62,749,Standard
SHP_07611,SUP_038,Road,741,16.15,315,Low
SHP_07612,SUP_003,Road,221,10.38,854,Standard
SHP_07613,SUP_005,Ocean,3944,7.72,575,Low
SHP_07614,SUP_014,Road,1813,16.23,182,Critical
SHP_07615,SUP_005,Road,377,8.74,502,Standard
SHP_07616,SUP_019,Road,573,15.4,929,Low
SHP_07617,SUP_005,Road,217,16.73,262,Low
SHP_07618,SUP_003,Rail,816,9.24,262,Low
SHP_07619,SUP_021,Ocean,5869,16.17,509,Critical
SHP_07620,SUP_039,Road,1519,7.31,643,Standard
SHP_07621,SUP_040,Ocean,7069,8.49,858,Standard
SHP_07622,SUP_042,Rail,1425,3.31,343,Low
SHP_07623,SUP_035,Road,1671,17.88,303,Critical
SHP_07624,SUP_027,Rail,586,17.03,956,Low
SHP_07625,SUP_021,Road,844,18.56,605,Low
SHP_07626,SUP_024,Rail,1070,19.63,365,Low
SHP_07627,SUP_020,Ocean,1449,18.06,465,Standard
SHP_07628,SUP_007,Road,737,7.43,600,Standard
SHP_07629,SUP_016,Ocean,4205,19.44,622,Critical
SHP_07630,SUP_030,Rail,1391,5,409,Low
SHP_07631,SUP_001,Road,1998,9.91,372,Critical
SHP_07632,SUP_045,Rail,289,13.01,583,Critical
SHP_07633,SUP_038,Road,885,15.23,188,Low
SHP_07634,SUP_044,Ocean,2285,11.79,609,Standard
SHP_07635,SUP_045,Rail,379,7.27,226,Low
SHP_07636,SUP_046,Air,2404,7.62,747,Standard
SHP_07637,SUP_001,Road,975,10.37,400,Low
SHP_07638,SUP_008,Rail,122,11.76,932,Low
SHP_07639,SUP_001,Air,1267,7.99,359,Critical
SHP_07640,SUP_018,Air,666,7.74,914,Critical
SHP_07641,SUP_050,Road,154,3.99,336,Low
SHP_07642,SUP_003,Road,1516,2.62,650,Standard
SHP_07643,SUP_010,Road,617,7.89,689,Critical
SHP_07644,SUP_032,Road,1573,8.17,585,Low
SHP_07645,SUP_008,Road,467,14.68,524,Standard
SHP_07646,SUP_041,Rail,754,14.05,166,Standard
SHP_07647,SUP_018,Road,599,10.68,464,Standard
SHP_07648,SUP_046,Road,1826,13.64,491,Low
SHP_07649,SUP_006,Road,145,16.88,454,Critical
SHP_07650,SUP_011,Rail,1569,1.67,500,Standard
SHP_07651,SUP_020,Air,3900,16.39,204,Standard
SHP_07652,SUP_039,Air,2344,10.75,863,Standard
SHP_07653,SUP_037,Air,590,18.92,628,Critical
SHP_07654,SUP_045,Ocean,4436,3.02,952,Critical
SHP_07655,SUP_039,Rail,1218,15.38,223,Low
SHP_07656,SUP_031,Rail,1387,19.11,513,Low
SHP_07657,SUP_037,Rail,1745,13.51,135,Low
SHP_07658,SUP_020,Rail,261,7.28,290,Critical
SHP_07659,SUP_039,Road,1244,1.26,425,Standard
SHP_07660,SUP_039,Rail,184,13.49,586,Low
SHP_07661,SUP_007,Air,4987,19.43,896,Standard
SHP_07662,SUP_014,Rail,100,2,475,Low
SHP_07663,SUP_026,Rail,1589,10.64,593,Critical
SHP_07664,SUP_032,Road,262,3.83,993,Standard
SHP_07665,SUP_038,Road,1762,15.11,1000,Low
SHP_07666,SUP_021,Road,883,13.3,389,Critical
SHP_07667,SUP_004,Rail,118,10.7,424,Standard
SHP_07668,SUP_026,Rail,1699,5.2,745,Low
SHP_07669,SUP_026,Ocean,3222,14,117,Critical
SHP_07670,SUP_039,Road,1812,9.84,350,Low
SHP_07671,SUP_050,Rail,1730,14.59,666,Low
SHP_07672,SUP_037,Rail,1738,1.42,734,Standard
SHP_07673,SUP_010,Ocean,7379,13,841,Standard
SHP_07674,SUP_012,Road,1043,14.16,938,Critical
SHP_07675,SUP_023,Road,452,17.61,663,Standard
SHP_07676,SUP_005,Rail,405,12.66,351,Low
SHP_07677,SUP_018,Rail,1971,17.67,917,Low
SHP_07678,SUP_001,Ocean,7183,14.74,729,Low
SHP_07679,SUP_001,Air,7372,9.84,411,Low
SHP_07680,SUP_019,Air,3190,4.74,554,Low
SHP_07681,SUP_025,Ocean,2279,8.72,820,Standard
SHP_07682,SUP_046,Road,1754,3.25,980,Critical
SHP_07683,SUP_012,Rail,1673,12.57,482,Standard
SHP_07684,SUP_033,Road,179,9.89,109,Critical
SHP_07685,SUP_013,Air,4088,4.32,829,Low
SHP_07686,SUP_036,Rail,1333,1.47,523,Critical
SHP_07687,SUP_050,Rail,895,11.67,995,Standard
SHP_07688,SUP_021,Road,1601,3.28,630,Critical
SHP_07689,SUP_033,Road,1733,16.8,370,Standard
SHP_07690,SUP_033,Ocean,7271,6.21,290,Critical
SHP_07691,SUP_014,Air,7791,17.12,503,Standard
SHP_07692,SUP_003,Ocean,5980,18.02,730,Standard
SHP_07693,SUP_008,Road,667,6.09,547,Standard
SHP_07694,SUP_017,Rail,1009,10.4,627,Low
SHP_07695,SUP_022,Ocean,7060,4.28,805,Low
SHP_07696,SUP_033,Rail,1946,12.01,204,Standard
SHP_07697,SUP_006,Road,1481,13.85,127,Low
SHP_07698,SUP_003,Rail,409,5.48,112,Critical
SHP_07699,SUP_041,Road,287,3.6,563,Critical
SHP_07700,SUP_005,Road,934,3.96,394,Standard
SHP_07701,SUP_022,Ocean,1828,12.55,338,Standard
SHP_07702,SUP_044,Rail,267,9.14,860,Standard
SHP_07703,SUP_026,Rail,1135,11.5,477,Critical
SHP_07704,SUP_018,Road,429,7.39,699,Low
SHP_07705,SUP_040,Air,3729,12.46,555,Low
SHP_07706,SUP_023,Air,6794,17.06,530,Low
SHP_07707,SUP_037,Rail,1081,16.82,407,Standard
SHP_07708,SUP_026,Rail,1685,5.41,450,Critical
SHP_07709,SUP_038,Road,1365,15.6,288,Low
SHP_07710,SUP_013,Ocean,7638,1.07,998,Standard
SHP_07711,SUP_037,Air,4958,12.98,752,Critical
SHP_07712,SUP_031,Road,1474,1.48,121,Low
SHP_07713,SUP_035,Road,562,5.78,650,Standard
SHP_07714,SUP_023,Road,867,16.49,757,Critical
SHP_07715,SUP_046,Air,2319,6.73,539,Standard
SHP_07716,SUP_047,Ocean,1488,11.5,724,Standard
SHP_07717,SUP_025,Road,1681,5.49,807,Low
SHP_07718,SUP_039,Ocean,3716,15.13,382,Standard
SHP_07719,SUP_005,Road,1258,9.22,500,Standard
SHP_07720,SUP_040,Ocean,4257,8.94,222,Critical
SHP_07721,SUP_035,Rail,923,2.47,142,Critical
SHP_07722,SUP_035,Ocean,7768,9.91,729,Standard
SHP_07723,SUP_008,Air,5797,5.14,553,Low
SHP_07724,SUP_006,Rail,1212,2.71,607,Critical
SHP_07725,SUP_032,Ocean,1812,9.57,402,Critical
SHP_07726,SUP_024,Air,1328,3.34,870,Standard
SHP_07727,SUP_007,Air,5044,17.9,219,Standard
SHP_07728,SUP_034,Road,1050,7.78,284,Low
SHP_07729,SUP_043,Ocean,3193,15.27,194,Standard
SHP_07730,SUP_049,Road,595,1.09,254,Low
SHP_07731,SUP_028,Road,1198,3.04,141,Standard
SHP_07732,SUP_042,Air,1751,17.23,862,Standard
SHP_07733,SUP_023,Air,7125,4.17,427,Standard
SHP_07734,SUP_012,Ocean,5500,18.09,497,Standard
SHP_07735,SUP_023,Air,3626,11.7,409,Critical
SHP_07736,SUP_029,Rail,1355,15.28,833,Standard
SHP_07737,SUP_006,Ocean,3433,1.3,442,Low
SHP_07738,SUP_026,Road,1789,14.71,842,Critical
SHP_07739,SUP_033,Rail,657,3.61,421,Low
SHP_07740,SUP_016,Air,3605,16.46,590,Low
SHP_07741,SUP_010,Rail,1680,1.11,321,Critical
SHP_07742,SUP_014,Road,525,3.92,111,Low
SHP_07743,SUP_043,Rail,974,8.36,149,Critical
SHP_07744,SUP_044,Road,1981,13.82,659,Critical
SHP_07745,SUP_004,Road,1076,6.76,653,Standard
SHP_07746,SUP_037,Rail,331,15.91,135,Critical
SHP_07747,SUP_043,Road,213,19.09,342,Critical
SHP_07748,SUP_038,Rail,1045,5.59,695,Low
SHP_07749,SUP_011,Road,747,6.3,822,Critical
SHP_07750,SUP_026,Rail,562,19.49,658,Standard
SHP_07751,SUP_017,Road,246,19.45,264,Critical
SHP_07752,SUP_039,Rail,852,17.94,146,Low
SHP_07753,SUP_003,Air,4370,6.05,457,Standard
SHP_07754,SUP_021,Road,1369,18.54,985,Critical
SHP_07755,SUP_005,Road,1839,2.31,390,Critical
SHP_07756,SUP_047,Rail,1932,1.53,810,Low
SHP_07757,SUP_015,Road,1325,9.99,519,Standard
SHP_07758,SUP_004,Ocean,2646,3.66,463,Critical
SHP_07759,SUP_029,Ocean,2851,6.32,846,Standard
SHP_07760,SUP_019,Road,1792,16.4,975,Critical
SHP_07761,SUP_014,Rail,1633,14.95,953,Low
SHP_07762,SUP_007,Air,6642,4.5,502,Low
SHP_07763,SUP_024,Road,813,8.56,497,Critical
SHP_07764,SUP_039,Rail,204,15.49,512,Critical
SHP_07765,SUP_048,Rail,1959,14.43,286,Critical
SHP_07766,SUP_003,Rail,325,13.1,402,Low
SHP_07767,SUP_050,Road,1797,11.07,956,Standard
SHP_07768,SUP_039,Road,1066,15.12,223,Standard
SHP_07769,SUP_011,Air,6818,1.25,189,Low
SHP_07770,SUP_035,Rail,1516,4.12,525,Standard
SHP_07771,SUP_041,Road,449,8.94,898,Standard
SHP_07772,SUP_046,Rail,1384,17.65,594,Low
SHP_07773,SUP_006,Road,738,16.88,172,Critical
SHP_07774,SUP_034,Road,1415,12.14,790,Standard
SHP_07775,SUP_037,Road,1334,3.18,511,Low
SHP_07776,SUP_042,Air,4345,3.43,398,Critical
SHP_07777,SUP_008,Road,397,15.48,226,Critical
SHP_07778,SUP_024,Ocean,5419,11.05,145,Critical
SHP_07779,SUP_028,Ocean,6410,18.43,869,Standard
SHP_07780,SUP_004,Road,1413,15.02,784,Low
SHP_07781,SUP_034,Road,1840,4.99,675,Critical
SHP_07782,SUP_039,Air,6834,15.43,225,Low
SHP_07783,SUP_003,Ocean,5301,18.35,140,Critical
SHP_07784,SUP_022,Air,1701,13.06,928,Low
SHP_07785,SUP_008,Ocean,1565,19.88,355,Critical
SHP_07786,SUP_032,Road,1176,19.03,126,Critical
SHP_07787,SUP_027,Road,768,10.32,679,Critical
SHP_07788,SUP_032,Ocean,4669,14.79,329,Standard
SHP_07789,SUP_028,Air,919,2.41,475,Low
SHP_07790,SUP_049,Rail,658,3.36,307,Standard
SHP_07791,SUP_013,Road,1978,5.54,272,Critical
SHP_07792,SUP_033,Road,843,2.7,846,Standard
SHP_07793,SUP_011,Road,535,7.05,436,Critical
SHP_07794,SUP_020,Rail,933,15.46,786,Low
SHP_07795,SUP_026,Rail,1217,6.99,413,Critical
SHP_07796,SUP_020,Air,1144,15.37,757,Standard
SHP_07797,SUP_018,Ocean,1146,2.79,319,Standard
SHP_07798,SUP_033,Road,1050,19.01,159,Standard
SHP_07799,SUP_035,Road,1970,4.61,120,Critical
SHP_07800,SUP_048,Road,1350,17.85,422,Standard
SHP_07801,SUP_016,Air,1176,19.76,953,Low
SHP_07802,SUP_047,Air,3164,7.55,798,Critical
SHP_07803,SUP_024,Ocean,6362,19.81,100,Low
SHP_07804,SUP_010,Road,962,7.59,841,Standard
SHP_07805,SUP_037,Air,2127,6.72,260,Low
SHP_07806,SUP_039,Air,7660,8.66,115,Critical
SHP_07807,SUP_016,Rail,1080,18.6,813,Critical
SHP_07808,SUP_015,Ocean,5007,8.48,671,Critical
SHP_07809,SUP_019,Road,482,7.42,613,Standard
SHP_07810,SUP_041,Air,2368,6.56,132,Standard
SHP_07811,SUP_008,Road,759,1.54,129,Standard
SHP_07812,SUP_009,Air,536,18.89,549,Critical
SHP_07813,SUP_008,Air,3957,7.76,140,Low
SHP_07814,SUP_046,Road,185,6.71,592,Low
SHP_07815,SUP_018,Road,594,2.86,261,Standard
SHP_07816,SUP_028,Road,1027,8.42,876,Critical
SHP_07817,SUP_029,Road,1297,5.15,705,Standard
SHP_07818,SUP_014,Ocean,800,8.22,909,Critical
SHP_07819,SUP_013,Ocean,1917,5,766,Standard
SHP_07820,SUP_006,Rail,490,19.33,749,Standard
SHP_07821,SUP_004,Road,114,5.99,475,Standard
SHP_07822,SUP_010,Road,1905,19.91,161,Low
SHP_07823,SUP_014,Road,358,18.96,714,Critical
SHP_07824,SUP_049,Rail,183,14.87,458,Critical
SHP_07825,SUP_015,Road,1069,11.79,551,Critical
SHP_07826,SUP_050,Ocean,1434,10.28,340,Low
SHP_07827,SUP_002,Ocean,7468,4.51,379,Low
SHP_07828,SUP_028,Road,1441,13.93,567,Low
SHP_07829,SUP_037,Rail,553,19.53,269,Critical
SHP_07830,SUP_034,Air,5843,8.71,480,Low
SHP_07831,SUP_044,Road,1940,13.27,681,Critical
SHP_07832,SUP_015,Road,320,12.33,963,Standard
SHP_07833,SUP_034,Road,1324,4.45,428,Critical
SHP_07834,SUP_018,Ocean,2345,14.98,371,Low
SHP_07835,SUP_009,Road,1599,5.21,855,Critical
SHP_07836,SUP_023,Road,1896,1.14,308,Critical
SHP_07837,SUP_002,Rail,164,18.59,296,Standard
SHP_07838,SUP_026,Rail,995,7.96,595,Low
SHP_07839,SUP_029,Road,1713,7.96,638,Low
SHP_07840,SUP_030,Ocean,6417,14.96,659,Standard
SHP_07841,SUP_047,Rail,293,16.55,232,Critical
SHP_07842,SUP_019,Road,375,3.81,531,Standard
SHP_07843,SUP_010,Air,6931,11.78,485,Low
SHP_07844,SUP_015,Road,792,1.92,945,Low
SHP_07845,SUP_030,Ocean,1090,11.94,955,Critical
SHP_07846,SUP_046,Rail,324,4.7,630,Standard
SHP_07847,SUP_027,Ocean,813,14.94,713,Low
SHP_07848,SUP_029,Road,1443,14.14,192,Standard
SHP_07849,SUP_036,Air,2729,14.78,510,Low
SHP_07850,SUP_010,Air,5980,19.09,632,Standard
SHP_07851,SUP_032,Road,1510,15.72,418,Standard
SHP_07852,SUP_003,Rail,1368,14.82,622,Low
SHP_07853,SUP_037,Rail,205,18.11,832,Standard
SHP_07854,SUP_003,Road,623,16.01,682,Standard
SHP_07855,SUP_017,Road,1548,6.77,656,Critical
SHP_07856,SUP_042,Road,135,19.84,667,Critical
SHP_07857,SUP_013,Road,293,8.56,145,Standard
SHP_07858,SUP_016,Road,666,1.02,133,Standard
SHP_07859,SUP_001,Air,5215,3.57,713,Critical
SHP_07860,SUP_016,Road,1773,11.15,870,Critical
SHP_07861,SUP_044,Air,7529,11.75,184,Standard
SHP_07862,SUP_030,Road,171,13.75,711,Standard
SHP_07863,SUP_015,Air,1449,6.56,605,Low
SHP_07864,SUP_048,Rail,1567,13.37,543,Critical
SHP_07865,SUP_013,Road,728,2.25,424,Low
SHP_07866,SUP_036,Ocean,5522,1.14,398,Low
SHP_07867,SUP_011,Road,1468,18.23,509,Low
SHP_07868,SUP_027,Road,1555,5.46,208,Low
SHP_07869,SUP_049,Road,985,4.8,400,Low
SHP_07870,SUP_032,Air,562,6.06,219,Low
SHP_07871,SUP_049,Ocean,6277,1.94,350,Standard
SHP_07872,SUP_007,Air,2081,15.94,641,Standard
SHP_07873,SUP_043,Ocean,3299,11.92,682,Critical
SHP_07874,SUP_049,Ocean,2490,14.89,985,Critical
SHP_07875,SUP_001,Road,1110,12.25,972,Low
SHP_07876,SUP_040,Road,1306,14.35,873,Critical
SHP_07877,SUP_033,Rail,1031,8.57,238,Critical
SHP_07878,SUP_041,Road,917,9.69,790,Low
SHP_07879,SUP_044,Rail,1328,4.57,352,Low
SHP_07880,SUP_020,Air,2943,12.38,656,Critical
SHP_07881,SUP_026,Air,5006,5.17,649,Standard
SHP_07882,SUP_046,Road,128,19.83,897,Low
SHP_07883,SUP_029,Road,1911,5.57,782,Low
SHP_07884,SUP_026,Ocean,1247,18.1,691,Critical
SHP_07885,SUP_017,Air,6436,19.15,351,Low
SHP_07886,SUP_045,Ocean,6574,14.4,908,Standard
SHP_07887,SUP_002,Road,756,9.33,443,Critical
SHP_07888,SUP_001,Road,579,5.23,249,Critical
SHP_07889,SUP_005,Road,1513,15.44,785,Critical
SHP_07890,SUP_049,Road,180,3.48,873,Critical
SHP_07891,SUP_013,Road,589,7.82,596,Critical
SHP_07892,SUP_033,Road,202,19.46,446,Critical
SHP_07893,SUP_046,Ocean,5513,3.66,862,Critical
SHP_07894,SUP_001,Road,971,8.49,545,Standard
SHP_07895,SUP_010,Road,1038,7.86,582,Critical
SHP_07896,SUP_018,Ocean,1907,11.25,295,Standard
SHP_07897,SUP_031,Rail,470,1.34,249,Low
SHP_07898,SUP_012,Road,1335,5.55,807,Critical
SHP_07899,SUP_029,Road,171,15.25,411,Critical
SHP_07900,SUP_010,Ocean,6902,13.09,500,Standard
SHP_07901,SUP_004,Rail,191,9.18,576,Critical
SHP_07902,SUP_033,Road,1687,16.96,558,Low
SHP_07903,SUP_049,Road,1488,16.16,461,Low
SHP_07904,SUP_028,Ocean,5123,14.76,112,Standard
SHP_07905,SUP_016,Air,5133,11.98,613,Standard
SHP_07906,SUP_010,Ocean,3256,19.26,682,Standard
SHP_07907,SUP_039,Air,5335,13.37,110,Critical
SHP_07908,SUP_030,Rail,175,15.44,713,Low
SHP_07909,SUP_048,Road,1375,10.32,778,Low
SHP_07910,SUP_006,Road,184,12.85,440,Low
SHP_07911,SUP_049,Ocean,1348,16.64,702,Critical
SHP_07912,SUP_027,Road,780,3.45,736,Critical
SHP_07913,SUP_008,Road,766,6.69,642,Low
SHP_07914,SUP_043,Air,5813,2.68,927,Low
SHP_07915,SUP_020,Air,5410,2.82,938,Low
SHP_07916,SUP_027,Road,1908,8.84,336,Standard
SHP_07917,SUP_013,Rail,1580,5.61,761,Critical
SHP_07918,SUP_018,Air,5275,16.41,527,Critical
SHP_07919,SUP_015,Air,1293,7.73,680,Standard
SHP_07920,SUP_036,Road,589,17.69,191,Standard
SHP_07921,SUP_006,Rail,226,11.71,896,Critical
SHP_07922,SUP_038,Rail,513,7.05,466,Standard
SHP_07923,SUP_011,Road,1866,16.16,494,Low
SHP_07924,SUP_001,Air,4371,16.23,694,Standard
SHP_07925,SUP_050,Ocean,646,18.5,248,Low
SHP_07926,SUP_040,Road,699,10.92,936,Standard
SHP_07927,SUP_005,Ocean,2724,13.97,152,Critical
SHP_07928,SUP_009,Ocean,1299,8.02,715,Low
SHP_07929,SUP_001,Rail,566,16.2,174,Standard
SHP_07930,SUP_010,Road,788,17.69,136,Critical
SHP_07931,SUP_047,Ocean,4252,2.33,559,Low
SHP_07932,SUP_007,Rail,648,1.26,558,Low
SHP_07933,SUP_024,Rail,1190,13.74,738,Standard
SHP_07934,SUP_023,Road,1650,2.74,963,Standard
SHP_07935,SUP_002,Road,522,19.4,212,Critical
SHP_07936,SUP_035,Air,1376,10.28,294,Standard
SHP_07937,SUP_028,Road,1610,14.41,597,Standard
SHP_07938,SUP_036,Rail,1144,15.2,361,Standard
SHP_07939,SUP_029,Road,743,11.4,469,Critical
SHP_07940,SUP_031,Road,443,8.11,630,Standard
SHP_07941,SUP_041,Road,1357,19.73,940,Low
SHP_07942,SUP_004,Rail,359,12.97,246,Standard
SHP_07943,SUP_026,Ocean,3098,5.88,313,Critical
SHP_07944,SUP_016,Road,1034,18.37,393,Low
SHP_07945,SUP_025,Road,1880,6.63,379,Low
SHP_07946,SUP_038,Air,2548,4.59,135,Low
SHP_07947,SUP_040,Rail,1533,18.36,1000,Standard
SHP_07948,SUP_036,Rail,741,6.51,178,Standard
SHP_07949,SUP_047,Ocean,7739,16.58,781,Critical
SHP_07950,SUP_036,Road,1121,10.57,148,Critical
SHP_07951,SUP_007,Ocean,7312,16.4,469,Standard
SHP_07952,SUP_023,Air,1604,19.57,939,Critical
SHP_07953,SUP_009,Rail,1599,17.45,793,Standard
SHP_07954,SUP_024,Air,3277,8.51,293,Standard
SHP_07955,SUP_040,Ocean,1058,16.23,820,Standard
SHP_07956,SUP_031,Road,1914,18.18,671,Low
SHP_07957,SUP_022,Rail,438,11.05,661,Low
SHP_07958,SUP_031,Ocean,2436,12.69,596,Low
SHP_07959,SUP_044,Road,560,19.93,174,Standard
SHP_07960,SUP_037,Air,7962,5.73,413,Low
SHP_07961,SUP_048,Ocean,7840,10.74,665,Low
SHP_07962,SUP_029,Road,906,12.69,563,Low
SHP_07963,SUP_004,Air,4172,19.8,267,Low
SHP_07964,SUP_005,Road,1194,2.86,538,Critical
SHP_07965,SUP_044,Rail,1198,14.58,130,Low
SHP_07966,SUP_048,Air,7646,9.01,854,Low
SHP_07967,SUP_045,Road,1476,19.94,675,Low
SHP_07968,SUP_011,Air,7323,15.6,507,Low
SHP_07969,SUP_006,Road,162,16.52,658,Critical
SHP_07970,SUP_043,Ocean,2751,19.33,651,Low
SHP_07971,SUP_037,Ocean,3647,1,330,Critical
SHP_07972,SUP_043,Rail,1834,6.95,855,Low
SHP_07973,SUP_049,Road,462,13.92,499,Low
SHP_07974,SUP_047,Ocean,3411,7.86,420,Low
SHP_07975,SUP_005,Road,347,18.39,857,Critical
SHP_07976,SUP_035,Road,1023,14.34,998,Low
SHP_07977,SUP_037,Ocean,4778,19.01,385,Critical
SHP_07978,SUP_044,Rail,1663,17.79,166,Low
SHP_07979,SUP_039,Rail,394,13.86,251,Critical
SHP_07980,SUP_022,Rail,686,17.6,812,Low
SHP_07981,SUP_021,Road,316,13.67,955,Critical
SHP_07982,SUP_008,Road,616,4.07,784,Low
SHP_07983,SUP_016,Rail,958,5.95,974,Low
SHP_07984,SUP_032,Road,1372,18.5,191,Standard
SHP_07985,SUP_017,Road,1082,1.04,610,Critical
SHP_07986,SUP_046,Rail,1309,4.43,332,Critical
SHP_07987,SUP_004,Rail,1129,19.2,410,Critical
SHP_07988,SUP_042,Road,160,7.61,346,Standard
SHP_07989,SUP_006,Rail,1856,19.08,236,Critical
SHP_07990,SUP_016,Ocean,1431,3.55,735,Critical
SHP_07991,SUP_027,Rail,473,15.23,798,Critical
SHP_07992,SUP_043,Road,1868,1.24,164,Standard
SHP_07993,SUP_011,Road,429,1.51,918,Standard
SHP_07994,SUP_004,Road,649,3.36,972,Standard
SHP_07995,SUP_050,Air,4140,5.95,569,Critical
SHP_07996,SUP_040,Road,226,14.99,564,Standard
SHP_07997,SUP_008,Road,1128,5.62,237,Low
SHP_07998,SUP_017,Road,1990,16.54,613,Critical
SHP_07999,SUP_003,Ocean,3366,19.85,769,Standard
SHP_08000,SUP_017,Air,5747,3.17,808,Low
SHP_08001,SUP_013,Rail,1929,15.86,337,Critical
SHP_08002,SUP_042,Rail,765,9.9,842,Critical
SHP_08003,SUP_050,Air,4723,19.26,463,Critical
SHP_08004,SUP_005,Ocean,6731,4.79,835,Critical
SHP_08005,SUP_004,Rail,923,19.92,720,Critical
SHP_08006,SUP_017,Road,1771,13.95,118,Low
SHP_08007,SUP_018,Rail,204,6.94,136,Low
SHP_08008,SUP_038,Road,692,15.58,647,Critical
SHP_08009,SUP_044,Rail,461,13.05,438,Critical
SHP_08010,SUP_017,Air,5141,14.4,913,Standard
SHP_08011,SUP_042,Ocean,1622,2.87,265,Critical
SHP_08012,SUP_006,Road,1424,18.62,113,Standard
SHP_08013,SUP_026,Rail,562,10.22,878,Critical
SHP_08014,SUP_042,Road,1853,11.43,783,Low
SHP_08015,SUP_008,Rail,1942,12.65,210,Critical
SHP_08016,SUP_017,Rail,341,7.99,308,Low
SHP_08017,SUP_017,Road,353,1.21,360,Critical
SHP_08018,SUP_001,Rail,528,17.41,980,Standard
SHP_08019,SUP_007,Road,1254,13.27,882,Critical
SHP_08020,SUP_005,Ocean,1574,3.89,789,Critical
SHP_08021,SUP_028,Road,1739,18.79,287,Low
SHP_08022,SUP_030,Ocean,1565,16.98,130,Standard
SHP_08023,SUP_027,Ocean,1523,3.85,421,Critical
SHP_08024,SUP_046,Road,180,10.36,552,Critical
SHP_08025,SUP_050,Road,1767,14.73,463,Low
SHP_08026,SUP_023,Road,227,1.92,479,Critical
SHP_08027,SUP_026,Ocean,1089,12.03,355,Standard
SHP_08028,SUP_033,Road,1708,17.72,804,Critical
SHP_08029,SUP_029,Road,691,9.68,959,Low
SHP_08030,SUP_028,Ocean,7738,3.76,153,Low
SHP_08031,SUP_017,Road,336,17.51,297,Standard
SHP_08032,SUP_026,Rail,609,9.05,768,Critical
SHP_08033,SUP_043,Road,709,9.86,126,Critical
SHP_08034,SUP_012,Air,972,19.17,821,Low
SHP_08035,SUP_017,Rail,800,8.61,979,Standard
SHP_08036,SUP_015,Air,2485,6.32,267,Standard
SHP_08037,SUP_050,Road,713,6.09,769,Standard
SHP_08038,SUP_036,Ocean,6860,18.05,748,Critical
SHP_08039,SUP_036,Road,1206,5.08,649,Standard
SHP_08040,SUP_039,Ocean,7830,4.25,623,Low
SHP_08041,SUP_004,Ocean,1863,10.59,526,Low
SHP_08042,SUP_003,Road,1744,3.49,494,Low
SHP_08043,SUP_007,Air,6412,2.59,456,Standard
SHP_08044,SUP_039,Rail,1940,13.89,739,Low
SHP_08045,SUP_043,Road,1023,10.42,914,Standard
SHP_08046,SUP_026,Air,4286,13.73,870,Low
SHP_08047,SUP_030,Rail,333,3.91,338,Standard
SHP_08048,SUP_041,Air,3436,1.61,932,Standard
SHP_08049,SUP_023,Ocean,5669,2.87,531,Standard
SHP_08050,SUP_008,Air,2794,19.03,715,Critical
SHP_08051,SUP_048,Air,653,16.46,178,Critical
SHP_08052,SUP_036,Road,1459,14.44,876,Low
SHP_08053,SUP_034,Ocean,5147,17.68,903,Low
SHP_08054,SUP_015,Rail,1511,14.81,878,Low
SHP_08055,SUP_050,Ocean,4417,19.61,354,Standard
SHP_08056,SUP_013,Road,1002,5.02,842,Standard
SHP_08057,SUP_021,Road,1226,13.28,143,Standard
SHP_08058,SUP_029,Road,1809,13.14,213,Standard
SHP_08059,SUP_003,Road,1007,14.27,763,Critical
SHP_08060,SUP_034,Rail,1455,12.38,901,Critical
SHP_08061,SUP_033,Rail,1068,3.87,327,Standard
SHP_08062,SUP_042,Road,1637,8.58,656,Low
SHP_08063,SUP_021,Ocean,6928,7.63,586,Standard
SHP_08064,SUP_046,Road,1538,12.95,166,Critical
SHP_08065,SUP_029,Ocean,6300,4.89,904,Critical
SHP_08066,SUP_005,Air,3611,13.47,900,Standard
SHP_08067,SUP_013,Road,885,5.47,378,Critical
SHP_08068,SUP_008,Road,225,3.83,801,Low
SHP_08069,SUP_017,Road,1451,11.14,418,Critical
SHP_08070,SUP_002,Rail,121,18.5,644,Low
SHP_08071,SUP_012,Road,1682,17.58,280,Critical
SHP_08072,SUP_005,Road,1773,3.47,716,Low
SHP_08073,SUP_004,Rail,1352,14.71,406,Low
SHP_08074,SUP_009,Rail,160,17.55,125,Standard
SHP_08075,SUP_039,Ocean,7209,14.53,567,Standard
SHP_08076,SUP_011,Road,1938,2.69,690,Low
SHP_08077,SUP_037,Rail,1827,18.88,220,Low
SHP_08078,SUP_014,Rail,746,11.7,720,Standard
SHP_08079,SUP_022,Road,1217,16.3,434,Low
SHP_08080,SUP_031,Road,1487,18.96,621,Standard
SHP_08081,SUP_027,Road,432,1.7,391,Critical
SHP_08082,SUP_046,Air,3162,7.27,421,Low
SHP_08083,SUP_012,Road,642,12.96,383,Low
SHP_08084,SUP_046,Air,1755,19.82,454,Low
SHP_08085,SUP_008,Rail,1273,9.85,230,Low
SHP_08086,SUP_004,Rail,1256,1.62,301,Low
SHP_08087,SUP_050,Ocean,4481,19.72,125,Critical
SHP_08088,SUP_018,Rail,977,13.99,590,Critical
SHP_08089,SUP_039,Air,6392,5.51,964,Low
SHP_08090,SUP_022,Ocean,3001,6.91,578,Low
SHP_08091,SUP_049,Ocean,1982,11.84,412,Critical
SHP_08092,SUP_024,Road,107,19.55,574,Critical
SHP_08093,SUP_022,Rail,110,13.24,718,Low
SHP_08094,SUP_010,Ocean,723,13.94,739,Critical
SHP_08095,SUP_040,Road,1004,4.93,739,Standard
SHP_08096,SUP_023,Ocean,4076,6.91,209,Critical
SHP_08097,SUP_039,Air,7693,15.31,515,Standard
SHP_08098,SUP_028,Road,1503,1.18,244,Standard
SHP_08099,SUP_036,Road,103,12.71,898,Low
SHP_08100,SUP_014,Rail,308,5.94,155,Low
SHP_08101,SUP_028,Ocean,3083,3.38,453,Standard
SHP_08102,SUP_042,Ocean,4105,19.23,252,Critical
SHP_08103,SUP_002,Road,642,12.62,238,Low
SHP_08104,SUP_015,Air,6707,15.97,725,Standard
SHP_08105,SUP_050,Ocean,7565,12.96,652,Low
SHP_08106,SUP_041,Rail,618,10.68,921,Standard
SHP_08107,SUP_008,Road,583,15.83,363,Low
SHP_08108,SUP_033,Road,1797,5.23,652,Critical
SHP_08109,SUP_023,Rail,200,17.95,743,Low
SHP_08110,SUP_031,Rail,949,8.53,352,Low
SHP_08111,SUP_038,Road,1123,19.67,122,Standard
SHP_08112,SUP_024,Road,1633,5.47,906,Critical
SHP_08113,SUP_005,Ocean,2908,14.29,825,Low
SHP_08114,SUP_016,Rail,1261,12.73,748,Standard
SHP_08115,SUP_017,Road,874,3.74,714,Critical
SHP_08116,SUP_049,Road,339,17.71,180,Critical
SHP_08117,SUP_017,Rail,1952,19.41,827,Critical
SHP_08118,SUP_008,Road,485,9.88,627,Low
SHP_08119,SUP_049,Road,399,16.76,824,Standard
SHP_08120,SUP_015,Road,459,18.58,471,Standard
SHP_08121,SUP_022,Road,1892,6.06,717,Standard
SHP_08122,SUP_025,Rail,1138,3.77,324,Low
SHP_08123,SUP_007,Air,5913,14.68,271,Critical
SHP_08124,SUP_030,Rail,1690,7.11,488,Low
SHP_08125,SUP_050,Road,1099,15.18,504,Critical
SHP_08126,SUP_028,Air,2960,3.6,305,Critical
SHP_08127,SUP_030,Air,3557,4.21,280,Low
SHP_08128,SUP_049,Ocean,1696,3.02,100,Low
SHP_08129,SUP_011,Ocean,2512,10.66,608,Low
SHP_08130,SUP_027,Road,1795,19.07,183,Standard
SHP_08131,SUP_026,Rail,954,17.39,851,Low
SHP_08132,SUP_020,Rail,539,12.43,573,Critical
SHP_08133,SUP_016,Ocean,1610,19.99,401,Low
SHP_08134,SUP_045,Road,674,1.42,620,Low
SHP_08135,SUP_010,Rail,1690,5.56,167,Standard
SHP_08136,SUP_011,Air,7790,13.35,484,Critical
SHP_08137,SUP_025,Road,895,19.9,528,Standard
SHP_08138,SUP_030,Ocean,7468,9.79,873,Low
SHP_08139,SUP_028,Road,1746,11.97,578,Low
SHP_08140,SUP_039,Road,1170,2.65,333,Critical
SHP_08141,SUP_011,Air,6543,4.04,555,Low
SHP_08142,SUP_002,Rail,534,9.26,307,Low
SHP_08143,SUP_031,Rail,856,5.16,282,Critical
SHP_08144,SUP_044,Road,219,11.95,894,Critical
SHP_08145,SUP_046,Ocean,4890,13.1,470,Critical
SHP_08146,SUP_038,Air,4722,19.31,758,Standard
SHP_08147,SUP_033,Road,1851,3.26,320,Low
SHP_08148,SUP_030,Ocean,1179,17.02,554,Standard
SHP_08149,SUP_003,Road,1956,12.99,381,Critical
SHP_08150,SUP_015,Road,1450,13.44,423,Standard
SHP_08151,SUP_001,Road,708,19.25,893,Critical
SHP_08152,SUP_047,Ocean,3142,7.79,170,Critical
SHP_08153,SUP_009,Air,3955,1.29,644,Critical
SHP_08154,SUP_043,Ocean,4212,9.89,434,Standard
SHP_08155,SUP_048,Rail,919,1.09,338,Critical
SHP_08156,SUP_043,Road,409,3.03,939,Critical
SHP_08157,SUP_015,Rail,1225,10.86,289,Low
SHP_08158,SUP_033,Road,221,14.91,681,Standard
SHP_08159,SUP_021,Road,1239,7.78,510,Low
SHP_08160,SUP_024,Rail,1658,18.11,980,Critical
SHP_08161,SUP_012,Ocean,5099,3.29,102,Standard
SHP_08162,SUP_049,Air,4101,10.67,699,Low
SHP_08163,SUP_011,Road,1140,10.59,249,Low
SHP_08164,SUP_041,Road,187,17.13,186,Low
SHP_08165,SUP_034,Road,110,6.62,480,Critical
SHP_08166,SUP_017,Road,1637,7.94,171,Low
SHP_08167,SUP_008,Air,2355,12.49,145,Low
SHP_08168,SUP_031,Rail,1244,11.44,450,Standard
SHP_08169,SUP_012,Road,1010,10.09,380,Standard
SHP_08170,SUP_004,Road,1495,15.69,988,Low
SHP_08171,SUP_009,Ocean,7793,3.29,210,Low
SHP_08172,SUP_015,Ocean,2976,17.56,778,Low
SHP_08173,SUP_033,Road,489,10.8,899,Critical
SHP_08174,SUP_041,Road,1651,13.18,550,Critical
SHP_08175,SUP_010,Rail,1488,7.38,636,Standard
SHP_08176,SUP_044,Road,1158,10.44,912,Critical
SHP_08177,SUP_001,Road,855,17.25,635,Standard
SHP_08178,SUP_004,Rail,1503,13.28,266,Low
SHP_08179,SUP_018,Air,7068,17.31,156,Low
SHP_08180,SUP_044,Air,515,10.78,516,Critical
SHP_08181,SUP_014,Air,4825,9.01,427,Standard
SHP_08182,SUP_044,Road,250,19.16,629,Standard
SHP_08183,SUP_010,Air,3131,8.36,956,Standard
SHP_08184,SUP_031,Ocean,5291,14.31,687,Standard
SHP_08185,SUP_046,Road,1029,17.89,650,Standard
SHP_08186,SUP_047,Air,4614,19.08,785,Standard
SHP_08187,SUP_013,Road,479,2.64,979,Low
SHP_08188,SUP_032,Ocean,5498,17.54,613,Standard
SHP_08189,SUP_043,Road,478,7,221,Standard
SHP_08190,SUP_028,Road,750,3.81,415,Low
SHP_08191,SUP_043,Ocean,943,7.76,977,Standard
SHP_08192,SUP_016,Road,1484,12.09,968,Low
SHP_08193,SUP_039,Road,631,5,968,Standard
SHP_08194,SUP_010,Road,1182,4.11,159,Standard
SHP_08195,SUP_003,Road,1871,6.38,738,Low
SHP_08196,SUP_039,Road,1650,4.33,790,Low
SHP_08197,SUP_003,Rail,1825,17.38,938,Critical
SHP_08198,SUP_002,Road,845,19.5,138,Critical
SHP_08199,SUP_045,Rail,392,10.49,943,Low
SHP_08200,SUP_041,Air,3070,6.65,739,Critical
SHP_08201,SUP_009,Road,1982,3.72,733,Low
SHP_08202,SUP_047,Road,657,13.94,857,Standard
SHP_08203,SUP_033,Ocean,4395,5.53,184,Low
SHP_08204,SUP_027,Road,736,1.5,350,Critical
SHP_08205,SUP_002,Rail,567,14.94,891,Critical
SHP_08206,SUP_043,Road,1472,13.88,276,Standard
SHP_08207,SUP_011,Air,6009,5.85,318,Low
SHP_08208,SUP_013,Air,4324,5.6,815,Critical
SHP_08209,SUP_005,Road,1223,13.3,356,Low
SHP_08210,SUP_031,Road,966,15.68,154,Critical
SHP_08211,SUP_021,Road,509,9.14,360,Standard
SHP_08212,SUP_024,Rail,1406,18.72,811,Critical
SHP_08213,SUP_022,Air,6636,19.99,507,Critical
SHP_08214,SUP_038,Rail,1815,12.44,624,Low
SHP_08215,SUP_026,Road,866,12.46,926,Low
SHP_08216,SUP_030,Road,717,10.69,535,Low
SHP_08217,SUP_008,Rail,1218,4.9,309,Standard
SHP_08218,SUP_013,Road,1431,19.42,690,Low
SHP_08219,SUP_042,Road,1072,6.12,328,Critical
SHP_08220,SUP_002,Rail,1363,12.85,875,Standard
SHP_08221,SUP_023,Ocean,566,19.72,387,Low
SHP_08222,SUP_011,Road,1094,9.85,636,Standard
SHP_08223,SUP_035,Air,6792,13.59,386,Low
SHP_08224,SUP_017,Ocean,4634,16.55,702,Low
SHP_08225,SUP_019,Road,970,2.1,741,Standard
SHP_08226,SUP_043,Rail,901,12.79,985,Low
SHP_08227,SUP_022,Road,1650,6.65,653,Low
SHP_08228,SUP_020,Air,1595,9.74,792,Low
SHP_08229,SUP_038,Rail,1790,4.38,589,Low
SHP_08230,SUP_043,Road,919,9.16,455,Standard
SHP_08231,SUP_034,Road,847,11.05,481,Critical
SHP_08232,SUP_023,Road,1293,2.46,721,Standard
SHP_08233,SUP_042,Rail,133,1.84,678,Critical
SHP_08234,SUP_035,Rail,828,10.08,496,Critical
SHP_08235,SUP_014,Air,1640,17.63,753,Low
SHP_08236,SUP_047,Road,1708,14.58,316,Critical
SHP_08237,SUP_026,Rail,277,2.66,746,Low
SHP_08238,SUP_049,Rail,1065,12.68,637,Standard
SHP_08239,SUP_030,Rail,1033,9.06,655,Standard
SHP_08240,SUP_050,Road,1013,14.74,646,Standard
SHP_08241,SUP_028,Rail,1614,2.2,650,Critical
SHP_08242,SUP_012,Rail,1228,9.39,840,Standard
SHP_08243,SUP_035,Air,7381,2.77,515,Critical
SHP_08244,SUP_034,Road,165,9.38,589,Critical
SHP_08245,SUP_047,Road,1369,13.48,498,Standard
SHP_08246,SUP_018,Rail,1350,11.7,917,Critical
SHP_08247,SUP_042,Road,1814,12.21,819,Critical
SHP_08248,SUP_050,Rail,1886,18.92,577,Critical
SHP_08249,SUP_006,Ocean,6754,1.57,572,Standard
SHP_08250,SUP_007,Rail,102,11.28,946,Critical
SHP_08251,SUP_040,Ocean,2896,3.26,946,Critical
SHP_08252,SUP_006,Ocean,1928,3.71,797,Critical
SHP_08253,SUP_033,Air,3793,3.26,448,Low
SHP_08254,SUP_013,Rail,785,7.65,476,Low
SHP_08255,SUP_010,Road,1012,4.11,940,Critical
SHP_08256,SUP_002,Ocean,3739,15.38,261,Critical
SHP_08257,SUP_048,Road,1402,12.47,730,Standard
SHP_08258,SUP_044,Ocean,2439,11.27,789,Standard
SHP_08259,SUP_019,Rail,1809,2.88,493,Low
SHP_08260,SUP_009,Rail,1273,19.81,203,Standard
SHP_08261,SUP_024,Air,5004,5.72,873,Low
SHP_08262,SUP_048,Road,533,18.93,477,Low
SHP_08263,SUP_030,Rail,1660,8.95,359,Standard
SHP_08264,SUP_006,Air,2909,7.76,837,Standard
SHP_08265,SUP_006,Ocean,6454,11.03,944,Standard
SHP_08266,SUP_043,Air,1632,1.32,639,Standard
SHP_08267,SUP_007,Rail,587,9.28,952,Standard
SHP_08268,SUP_045,Road,1059,9.19,397,Standard
SHP_08269,SUP_024,Rail,1713,14.79,835,Low
SHP_08270,SUP_038,Rail,984,18.76,211,Low
SHP_08271,SUP_007,Road,285,2.3,400,Low
SHP_08272,SUP_007,Air,4575,1.32,185,Standard
SHP_08273,SUP_026,Air,7789,19.94,292,Standard
SHP_08274,SUP_037,Rail,1766,16.46,884,Standard
SHP_08275,SUP_001,Road,1630,14.31,349,Standard
SHP_08276,SUP_005,Rail,1263,6.48,127,Standard
SHP_08277,SUP_003,Road,1962,18.44,232,Standard
SHP_08278,SUP_015,Road,1687,18.06,184,Low
SHP_08279,SUP_048,Road,1332,7.73,248,Critical
SHP_08280,SUP_031,Air,6088,15.26,238,Standard
SHP_08281,SUP_005,Road,1316,2.65,954,Critical
SHP_08282,SUP_039,Ocean,1087,19.48,611,Low
SHP_08283,SUP_032,Ocean,5586,1.03,228,Critical
SHP_08284,SUP_018,Road,531,1.25,237,Standard
SHP_08285,SUP_042,Rail,1669,14.12,132,Critical
SHP_08286,SUP_034,Ocean,3170,15.29,764,Standard
SHP_08287,SUP_001,Road,797,15.2,250,Critical
SHP_08288,SUP_024,Air,837,11.28,932,Critical
SHP_08289,SUP_027,Air,5218,14.32,739,Critical
SHP_08290,SUP_028,Road,242,2.95,141,Critical
SHP_08291,SUP_022,Ocean,1769,16.96,727,Critical
SHP_08292,SUP_033,Rail,668,12.91,291,Critical
SHP_08293,SUP_026,Air,1493,6.51,745,Critical
SHP_08294,SUP_006,Road,360,7.29,484,Low
SHP_08295,SUP_004,Rail,787,9.46,892,Standard
SHP_08296,SUP_003,Ocean,3981,2.67,938,Low
SHP_08297,SUP_038,Rail,889,10.45,852,Low
SHP_08298,SUP_042,Rail,1502,9.11,565,Low
SHP_08299,SUP_013,Air,7654,13.35,711,Low
SHP_08300,SUP_043,Ocean,5028,18.77,739,Standard
SHP_08301,SUP_003,Rail,690,15.32,938,Critical
SHP_08302,SUP_031,Road,1456,13.01,619,Critical
SHP_08303,SUP_037,Rail,588,5.48,891,Low
SHP_08304,SUP_046,Road,931,14.03,598,Low
SHP_08305,SUP_041,Air,3797,9.7,456,Low
SHP_08306,SUP_039,Road,1065,12.32,438,Low
SHP_08307,SUP_009,Road,1224,15.21,657,Low
SHP_08308,SUP_046,Road,823,8.85,272,Critical
SHP_08309,SUP_031,Road,719,6.71,424,Standard
SHP_08310,SUP_009,Road,907,18.82,265,Low
SHP_08311,SUP_013,Road,1941,9.63,172,Critical
SHP_08312,SUP_029,Road,1027,3.35,311,Critical
SHP_08313,SUP_049,Air,4134,12.81,449,Standard
SHP_08314,SUP_005,Rail,295,2.33,584,Low
SHP_08315,SUP_042,Road,1056,6.45,883,Low
SHP_08316,SUP_022,Road,1282,7.76,227,Critical
SHP_08317,SUP_007,Ocean,6369,19.86,863,Critical
SHP_08318,SUP_028,Rail,1721,6.08,712,Low
SHP_08319,SUP_043,Ocean,5117,6.62,972,Standard
SHP_08320,SUP_006,Road,1833,2.45,812,Standard
SHP_08321,SUP_019,Air,7856,17.23,534,Low
SHP_08322,SUP_026,Rail,422,5.56,558,Standard
SHP_08323,SUP_036,Road,1457,19.65,781,Critical
SHP_08324,SUP_031,Road,935,1.64,373,Critical
SHP_08325,SUP_038,Air,2914,16.31,439,Low
SHP_08326,SUP_033,Ocean,3822,5.13,324,Standard
SHP_08327,SUP_042,Air,7359,7.91,139,Critical
SHP_08328,SUP_011,Ocean,4849,19.99,683,Low
SHP_08329,SUP_002,Ocean,5230,3.16,928,Low
SHP_08330,SUP_010,Road,1933,19.19,701,Standard
SHP_08331,SUP_018,Rail,665,2.15,314,Low
SHP_08332,SUP_032,Rail,451,9.25,621,Critical
SHP_08333,SUP_010,Ocean,518,13.42,750,Critical
SHP_08334,SUP_010,Road,1425,14.23,390,Critical
SHP_08335,SUP_016,Rail,190,18.73,665,Low
SHP_08336,SUP_030,Road,1192,6.12,691,Critical
SHP_08337,SUP_007,Ocean,2773,13.81,430,Standard
SHP_08338,SUP_014,Road,1204,15.1,241,Standard
SHP_08339,SUP_048,Road,1201,4.99,333,Low
SHP_08340,SUP_001,Rail,509,14.86,451,Standard
SHP_08341,SUP_035,Ocean,6636,9.81,615,Standard
SHP_08342,SUP_014,Rail,1768,16.32,922,Low
SHP_08343,SUP_026,Road,241,3.61,868,Standard
SHP_08344,SUP_014,Road,115,10.02,841,Critical
SHP_08345,SUP_045,Ocean,6570,16.97,127,Standard
SHP_08346,SUP_045,Rail,1527,19.86,453,Critical
SHP_08347,SUP_024,Ocean,5178,6.81,245,Critical
SHP_08348,SUP_046,Air,7039,5.45,769,Low
SHP_08349,SUP_045,Road,1135,9.45,636,Critical
SHP_08350,SUP_028,Rail,1891,7.39,794,Low
SHP_08351,SUP_030,Ocean,7708,4.71,398,Critical
SHP_08352,SUP_021,Air,5363,9.47,641,Standard
SHP_08353,SUP_023,Ocean,3370,7.51,731,Standard
SHP_08354,SUP_006,Road,1751,5.74,625,Low
SHP_08355,SUP_031,Road,398,7.75,646,Critical
SHP_08356,SUP_013,Road,1006,8.15,291,Low
SHP_08357,SUP_013,Road,549,6.73,521,Low
SHP_08358,SUP_027,Road,241,8.81,973,Critical
SHP_08359,SUP_032,Air,1430,15.07,372,Low
SHP_08360,SUP_020,Road,804,18.01,293,Low
SHP_08361,SUP_019,Ocean,6790,19.76,205,Critical
SHP_08362,SUP_040,Air,983,19.04,244,Standard
SHP_08363,SUP_004,Road,1201,5.14,237,Standard
SHP_08364,SUP_004,Road,1596,19.49,690,Critical
SHP_08365,SUP_038,Road,979,16.05,998,Critical
SHP_08366,SUP_042,Rail,276,15.41,879,Low
SHP_08367,SUP_014,Road,1881,19.81,185,Critical
SHP_08368,SUP_015,Rail,1828,8.84,258,Low
SHP_08369,SUP_036,Rail,262,17.92,348,Low
SHP_08370,SUP_033,Air,6121,2.27,665,Standard
SHP_08371,SUP_017,Road,1277,7.03,303,Standard
SHP_08372,SUP_007,Road,1262,8.02,223,Critical
SHP_08373,SUP_045,Road,380,4.27,302,Standard
SHP_08374,SUP_047,Rail,1693,17.28,476,Standard
SHP_08375,SUP_009,Rail,249,3.65,353,Critical
SHP_08376,SUP_033,Road,1952,9.85,934,Standard
SHP_08377,SUP_033,Road,1283,3.76,509,Standard
SHP_08378,SUP_040,Road,1396,7.56,413,Standard
SHP_08379,SUP_001,Rail,1414,3.98,844,Critical
SHP_08380,SUP_040,Road,1974,19.57,995,Low
SHP_08381,SUP_002,Road,469,2.91,414,Low
SHP_08382,SUP_029,Road,1627,16.34,450,Standard
SHP_08383,SUP_038,Rail,1110,13.49,198,Standard
SHP_08384,SUP_017,Ocean,4461,2.31,576,Critical
SHP_08385,SUP_024,Road,1853,17.66,113,Low
SHP_08386,SUP_038,Road,117,13.47,277,Standard
SHP_08387,SUP_007,Ocean,1553,5.72,339,Standard
SHP_08388,SUP_025,Road,1066,2.93,121,Low
SHP_08389,SUP_028,Rail,1302,3.14,632,Critical
SHP_08390,SUP_029,Air,601,4.29,999,Low
SHP_08391,SUP_025,Rail,1838,16.59,640,Standard
SHP_08392,SUP_020,Air,6158,4.35,753,Low
SHP_08393,SUP_006,Ocean,4301,12.24,468,Low
SHP_08394,SUP_004,Rail,1480,5.74,200,Critical
SHP_08395,SUP_006,Rail,1330,6.86,506,Standard
SHP_08396,SUP_042,Rail,1342,3.03,314,Critical
SHP_08397,SUP_037,Rail,1265,12.52,361,Low
SHP_08398,SUP_034,Road,1210,18.44,718,Standard
SHP_08399,SUP_032,Ocean,1563,4.16,400,Low
SHP_08400,SUP_022,Ocean,3406,2.71,379,Standard
SHP_08401,SUP_018,Road,591,16.11,956,Low
SHP_08402,SUP_012,Ocean,5544,6.03,196,Low
SHP_08403,SUP_008,Rail,1599,9.58,118,Standard
SHP_08404,SUP_012,Road,1148,7.05,196,Low
SHP_08405,SUP_044,Road,1623,17.37,450,Standard
SHP_08406,SUP_001,Road,1101,4.73,542,Standard
SHP_08407,SUP_015,Air,6839,19.99,855,Standard
SHP_08408,SUP_033,Road,1558,7.1,663,Low
SHP_08409,SUP_049,Road,1279,5.56,415,Critical
SHP_08410,SUP_002,Road,1714,15.04,493,Low
SHP_08411,SUP_048,Road,314,11.88,564,Critical
SHP_08412,SUP_025,Ocean,1911,8.44,297,Critical
SHP_08413,SUP_012,Road,1138,3.7,195,Low
SHP_08414,SUP_049,Road,1613,7.1,323,Low
SHP_08415,SUP_031,Air,2426,14.42,817,Standard
SHP_08416,SUP_038,Air,6240,9.7,230,Low
SHP_08417,SUP_034,Rail,1422,16.3,476,Low
SHP_08418,SUP_026,Rail,1436,4.23,423,Critical
SHP_08419,SUP_038,Rail,1991,16.1,578,Critical
SHP_08420,SUP_033,Air,2718,11.37,138,Critical
SHP_08421,SUP_037,Rail,345,15.01,834,Low
SHP_08422,SUP_019,Road,947,11.79,170,Critical
SHP_08423,SUP_050,Road,1150,3.08,285,Critical
SHP_08424,SUP_042,Air,5809,13.38,219,Low
SHP_08425,SUP_007,Air,6063,6.09,566,Standard
SHP_08426,SUP_008,Road,1628,17.17,458,Low
SHP_08427,SUP_006,Air,3279,2.53,408,Standard
SHP_08428,SUP_017,Ocean,1890,17.04,212,Standard
SHP_08429,SUP_042,Road,297,13.99,187,Low
SHP_08430,SUP_030,Air,1849,8.93,295,Standard
SHP_08431,SUP_022,Road,610,10.11,231,Standard
SHP_08432,SUP_003,Rail,521,10.33,747,Low
SHP_08433,SUP_037,Air,2953,19.24,924,Critical
SHP_08434,SUP_002,Ocean,7204,6.58,840,Standard
SHP_08435,SUP_027,Ocean,4217,8.52,162,Standard
SHP_08436,SUP_003,Road,706,7.72,499,Low
SHP_08437,SUP_004,Road,1540,4,749,Critical
SHP_08438,SUP_004,Air,7241,13.88,614,Standard
SHP_08439,SUP_034,Rail,176,15.37,287,Critical
SHP_08440,SUP_026,Road,1991,4.41,928,Critical
SHP_08441,SUP_008,Road,1460,3.8,653,Critical
SHP_08442,SUP_017,Road,1872,9.77,444,Standard
SHP_08443,SUP_042,Rail,260,7.08,842,Standard
SHP_08444,SUP_025,Road,1315,3.93,449,Low
SHP_08445,SUP_023,Road,989,10.94,945,Critical
SHP_08446,SUP_035,Rail,890,1.35,661,Low
SHP_08447,SUP_013,Rail,1020,6.48,763,Critical
SHP_08448,SUP_015,Ocean,5365,14.85,906,Standard
SHP_08449,SUP_026,Air,6282,18.04,949,Low
SHP_08450,SUP_035,Rail,1186,14.44,231,Standard
SHP_08451,SUP_029,Rail,1981,11.93,487,Low
SHP_08452,SUP_049,Air,7483,13.94,614,Low
SHP_08453,SUP_035,Rail,223,8.77,882,Standard
SHP_08454,SUP_006,Road,340,14.06,782,Standard
SHP_08455,SUP_001,Ocean,5501,7.15,392,Critical
SHP_08456,SUP_038,Air,2025,7.68,424,Standard
SHP_08457,SUP_029,Rail,1852,17.29,968,Standard
SHP_08458,SUP_034,Road,1089,11.58,959,Critical
SHP_08459,SUP_035,Ocean,1933,18.59,648,Critical
SHP_08460,SUP_036,Road,643,7.12,446,Low
SHP_08461,SUP_013,Ocean,956,9.34,501,Standard
SHP_08462,SUP_019,Ocean,1603,10.39,640,Low
SHP_08463,SUP_020,Road,1874,2.91,748,Critical
SHP_08464,SUP_040,Ocean,3340,13.49,360,Critical
SHP_08465,SUP_031,Ocean,7567,13.48,171,Standard
SHP_08466,SUP_026,Road,1106,10.63,171,Critical
SHP_08467,SUP_019,Road,590,1.5,929,Low
SHP_08468,SUP_010,Road,1514,19.43,541,Low
SHP_08469,SUP_005,Road,205,11.3,370,Critical
SHP_08470,SUP_026,Air,4930,10.51,551,Low
SHP_08471,SUP_001,Road,1846,13.7,885,Standard
SHP_08472,SUP_006,Road,1036,9.78,607,Standard
SHP_08473,SUP_022,Road,1785,8.51,825,Low
SHP_08474,SUP_045,Road,993,7.63,503,Standard
SHP_08475,SUP_033,Ocean,2755,18.61,521,Critical
SHP_08476,SUP_009,Rail,1636,4.06,678,Standard
SHP_08477,SUP_050,Air,3887,7.96,454,Critical
SHP_08478,SUP_019,Rail,1299,13.89,294,Standard
SHP_08479,SUP_049,Rail,1211,17.19,422,Standard
SHP_08480,SUP_027,Ocean,3770,6.35,643,Standard
SHP_08481,SUP_037,Air,1953,4.36,759,Standard
SHP_08482,SUP_043,Road,1709,19.25,477,Critical
SHP_08483,SUP_037,Ocean,2757,15.62,463,Low
SHP_08484,SUP_033,Ocean,2752,6.33,809,Standard
SHP_08485,SUP_023,Rail,141,12.02,241,Standard
SHP_08486,SUP_043,Rail,1931,15.46,308,Standard
SHP_08487,SUP_026,Air,861,6.22,661,Standard
SHP_08488,SUP_034,Road,701,11.88,168,Critical
SHP_08489,SUP_039,Road,886,15.3,865,Critical
SHP_08490,SUP_035,Road,548,15.95,337,Critical
SHP_08491,SUP_044,Ocean,2819,12.18,786,Low
SHP_08492,SUP_008,Air,2399,19.59,139,Standard
SHP_08493,SUP_042,Road,141,7.65,550,Low
SHP_08494,SUP_013,Ocean,1263,3.81,863,Standard
SHP_08495,SUP_017,Road,585,8.61,677,Critical
SHP_08496,SUP_048,Ocean,3193,10.63,523,Standard
SHP_08497,SUP_046,Ocean,3700,17.05,855,Critical
SHP_08498,SUP_014,Rail,686,5.1,398,Standard
SHP_08499,SUP_028,Road,581,5.09,332,Critical
SHP_08500,SUP_028,Road,830,8.02,223,Low
SHP_08501,SUP_048,Road,383,1.97,330,Standard
SHP_08502,SUP_041,Road,1896,12.45,464,Critical
SHP_08503,SUP_027,Road,1273,2.43,667,Low
SHP_08504,SUP_046,Ocean,5603,11.42,262,Standard
SHP_08505,SUP_018,Road,1597,9.29,543,Low
SHP_08506,SUP_029,Rail,540,12.32,730,Standard
SHP_08507,SUP_020,Air,3258,5.75,314,Low
SHP_08508,SUP_049,Rail,228,16.86,739,Critical
SHP_08509,SUP_043,Ocean,7353,17.29,850,Low
SHP_08510,SUP_017,Road,1175,12.93,200,Standard
SHP_08511,SUP_021,Road,1894,9.39,156,Critical
SHP_08512,SUP_011,Rail,1419,1.18,739,Critical
SHP_08513,SUP_009,Rail,805,19.24,860,Low
SHP_08514,SUP_033,Rail,798,19.75,134,Standard
SHP_08515,SUP_023,Road,1176,1.78,743,Low
SHP_08516,SUP_026,Road,819,5.59,982,Low
SHP_08517,SUP_011,Ocean,2444,14.07,498,Low
SHP_08518,SUP_026,Ocean,5254,19.87,205,Standard
SHP_08519,SUP_020,Road,631,19.9,771,Standard
SHP_08520,SUP_007,Ocean,3503,8.7,635,Standard
SHP_08521,SUP_043,Road,1990,6.78,896,Low
SHP_08522,SUP_006,Road,1049,15.63,325,Low
SHP_08523,SUP_018,Road,586,5.27,693,Critical
SHP_08524,SUP_012,Road,1642,10.07,212,Critical
SHP_08525,SUP_013,Road,417,10.47,278,Standard
SHP_08526,SUP_046,Air,5097,16.03,515,Low
SHP_08527,SUP_009,Road,1277,12.31,723,Critical
SHP_08528,SUP_036,Rail,845,13.84,605,Standard
SHP_08529,SUP_004,Rail,581,5.48,413,Critical
SHP_08530,SUP_013,Rail,237,11.96,858,Critical
SHP_08531,SUP_045,Ocean,7538,6.77,363,Standard
SHP_08532,SUP_034,Air,5113,8.65,191,Standard
SHP_08533,SUP_027,Rail,1978,7.42,522,Critical
SHP_08534,SUP_026,Rail,1037,15.79,284,Standard
SHP_08535,SUP_028,Road,1752,19.35,877,Low
SHP_08536,SUP_021,Road,1819,18.24,901,Critical
SHP_08537,SUP_042,Air,7242,17.47,359,Standard
SHP_08538,SUP_004,Ocean,1537,16.96,336,Standard
SHP_08539,SUP_019,Road,1075,19.84,930,Low
SHP_08540,SUP_024,Ocean,4812,5.07,266,Low
SHP_08541,SUP_039,Rail,722,3.82,428,Critical
SHP_08542,SUP_005,Rail,395,17.88,686,Low
SHP_08543,SUP_001,Ocean,6178,6.55,199,Critical
SHP_08544,SUP_001,Rail,956,11.57,461,Low
SHP_08545,SUP_018,Road,373,18.6,862,Low
SHP_08546,SUP_044,Road,1789,11.01,536,Low
SHP_08547,SUP_021,Ocean,6772,10.61,156,Critical
SHP_08548,SUP_040,Road,1778,6.53,154,Low
SHP_08549,SUP_012,Road,310,14.38,900,Critical
SHP_08550,SUP_006,Air,7473,13.5,569,Critical
SHP_08551,SUP_013,Ocean,2095,7.81,520,Low
SHP_08552,SUP_049,Air,2908,12.29,401,Low
SHP_08553,SUP_006,Rail,1814,5.46,982,Standard
SHP_08554,SUP_015,Road,1793,13.05,611,Standard
SHP_08555,SUP_028,Road,845,1.11,948,Standard
SHP_08556,SUP_039,Rail,406,14.32,303,Standard
SHP_08557,SUP_027,Air,1977,8.4,319,Standard
SHP_08558,SUP_035,Rail,1241,6.32,591,Low
SHP_08559,SUP_033,Rail,948,17.85,491,Low
SHP_08560,SUP_005,Ocean,6401,8.39,398,Critical
SHP_08561,SUP_046,Road,110,6.73,165,Standard
SHP_08562,SUP_008,Ocean,757,18.77,983,Critical
SHP_08563,SUP_015,Rail,282,16.03,187,Low
SHP_08564,SUP_050,Ocean,6548,17.23,506,Standard
SHP_08565,SUP_025,Road,1825,11.42,866,Critical
SHP_08566,SUP_014,Road,173,1.79,940,Critical
SHP_08567,SUP_044,Ocean,1731,15.37,617,Low
SHP_08568,SUP_005,Ocean,2703,7.7,100,Standard
SHP_08569,SUP_035,Road,1098,7.82,497,Standard
SHP_08570,SUP_045,Road,1612,15.29,903,Standard
SHP_08571,SUP_001,Road,1944,14.98,435,Standard
SHP_08572,SUP_046,Road,833,10.12,750,Low
SHP_08573,SUP_035,Road,398,7.05,163,Critical
SHP_08574,SUP_019,Road,1516,7.21,585,Critical
SHP_08575,SUP_017,Ocean,7384,2.76,220,Low
SHP_08576,SUP_047,Air,7464,4.75,188,Low
SHP_08577,SUP_024,Rail,743,13.62,458,Standard
SHP_08578,SUP_032,Road,1494,8.02,447,Critical
SHP_08579,SUP_020,Road,510,17.5,402,Low
SHP_08580,SUP_004,Air,3062,9.03,658,Critical
SHP_08581,SUP_012,Road,293,7.99,245,Critical
SHP_08582,SUP_033,Rail,1502,15.73,103,Standard
SHP_08583,SUP_040,Ocean,1988,10.58,842,Low
SHP_08584,SUP_009,Road,154,1.6,376,Standard
SHP_08585,SUP_034,Road,654,9.95,619,Standard
SHP_08586,SUP_013,Road,1477,7.31,375,Standard
SHP_08587,SUP_014,Ocean,7658,15.06,161,Standard
SHP_08588,SUP_040,Rail,1509,18.7,362,Critical
SHP_08589,SUP_036,Road,1478,18.19,283,Low
SHP_08590,SUP_018,Rail,440,16.82,216,Low
SHP_08591,SUP_042,Ocean,7275,17.71,708,Low
SHP_08592,SUP_020,Air,773,19.45,379,Low
SHP_08593,SUP_046,Road,259,5.06,233,Standard
SHP_08594,SUP_004,Ocean,4206,13.98,122,Critical
SHP_08595,SUP_046,Rail,1783,13.17,742,Critical
SHP_08596,SUP_008,Road,263,19.81,921,Low
SHP_08597,SUP_024,Road,1588,14.5,810,Standard
SHP_08598,SUP_001,Road,880,2.59,846,Standard
SHP_08599,SUP_003,Road,177,5.42,349,Critical
SHP_08600,SUP_012,Rail,1688,8.41,904,Standard
SHP_08601,SUP_027,Road,1899,8.55,530,Critical
SHP_08602,SUP_015,Rail,1001,14.57,673,Critical
SHP_08603,SUP_022,Ocean,7488,11,516,Standard
SHP_08604,SUP_037,Road,671,19.21,985,Low
SHP_08605,SUP_029,Road,327,9,490,Low
SHP_08606,SUP_017,Road,1025,10,620,Standard
SHP_08607,SUP_020,Rail,1752,3.78,652,Low
SHP_08608,SUP_046,Road,983,3.67,407,Critical
SHP_08609,SUP_009,Rail,337,14.75,527,Low
SHP_08610,SUP_047,Ocean,7074,5.91,848,Standard
SHP_08611,SUP_019,Road,150,6.83,725,Standard
SHP_08612,SUP_041,Ocean,4885,11.55,911,Standard
SHP_08613,SUP_036,Ocean,2687,16.51,115,Standard
SHP_08614,SUP_020,Air,6739,7.61,200,Low
SHP_08615,SUP_023,Road,190,4.57,410,Standard
SHP_08616,SUP_044,Ocean,1008,6.33,172,Standard
SHP_08617,SUP_040,Ocean,682,12.58,721,Standard
SHP_08618,SUP_004,Air,2271,1.2,280,Standard
SHP_08619,SUP_049,Air,5046,8.03,728,Standard
SHP_08620,SUP_003,Road,541,2.76,215,Standard
SHP_08621,SUP_032,Ocean,3424,11.71,592,Critical
SHP_08622,SUP_005,Road,776,3.57,123,Low
SHP_08623,SUP_028,Road,653,13.51,537,Low
SHP_08624,SUP_027,Ocean,6841,9.2,663,Critical
SHP_08625,SUP_014,Air,6295,13.75,444,Critical
SHP_08626,SUP_049,Rail,1645,12.26,793,Critical
SHP_08627,SUP_012,Road,900,3.48,548,Low
SHP_08628,SUP_039,Ocean,2284,11.68,125,Standard
SHP_08629,SUP_038,Road,144,15.93,934,Critical
SHP_08630,SUP_009,Rail,1199,15.12,761,Low
SHP_08631,SUP_036,Rail,972,16.43,798,Standard
SHP_08632,SUP_028,Road,236,14.06,439,Low
SHP_08633,SUP_027,Air,3150,12.53,867,Low
SHP_08634,SUP_045,Road,172,14.99,284,Standard
SHP_08635,SUP_018,Road,695,18.43,733,Critical
SHP_08636,SUP_026,Ocean,3725,16.01,521,Standard
SHP_08637,SUP_018,Ocean,978,12.95,217,Standard
SHP_08638,SUP_020,Road,228,9.54,953,Standard
SHP_08639,SUP_032,Rail,212,4.79,783,Low
SHP_08640,SUP_003,Rail,1540,2.56,539,Critical
SHP_08641,SUP_010,Ocean,5682,13.9,978,Critical
SHP_08642,SUP_044,Road,675,15.3,913,Standard
SHP_08643,SUP_045,Road,328,14.99,729,Critical
SHP_08644,SUP_032,Road,1984,16.68,130,Low
SHP_08645,SUP_050,Road,630,12.19,690,Low
SHP_08646,SUP_010,Road,1840,3.65,867,Low
SHP_08647,SUP_032,Road,590,2.14,784,Low
SHP_08648,SUP_029,Air,4024,7.94,274,Standard
SHP_08649,SUP_002,Rail,691,1.28,965,Standard
SHP_08650,SUP_018,Road,627,19.1,962,Critical
SHP_08651,SUP_048,Road,599,12.71,846,Low
SHP_08652,SUP_048,Road,909,15.79,899,Standard
SHP_08653,SUP_013,Road,635,17.58,602,Low
SHP_08654,SUP_041,Rail,1861,10.71,977,Low
SHP_08655,SUP_005,Road,1891,5.6,497,Critical
SHP_08656,SUP_014,Road,850,1.19,639,Standard
SHP_08657,SUP_046,Road,759,10.11,555,Critical
SHP_08658,SUP_004,Road,1463,13.12,320,Critical
SHP_08659,SUP_019,Road,789,3.17,541,Standard
SHP_08660,SUP_023,Ocean,3744,11.49,356,Standard
SHP_08661,SUP_001,Road,1618,9.16,662,Critical
SHP_08662,SUP_002,Road,1194,7.02,605,Critical
SHP_08663,SUP_022,Air,7015,5.25,223,Low
SHP_08664,SUP_034,Road,108,17.18,512,Standard
SHP_08665,SUP_031,Rail,1423,18.74,458,Standard
SHP_08666,SUP_032,Rail,597,19.66,208,Standard
SHP_08667,SUP_005,Rail,720,1.8,997,Critical
SHP_08668,SUP_033,Road,1587,1.44,604,Low
SHP_08669,SUP_035,Road,1819,9.42,113,Standard
SHP_08670,SUP_026,Ocean,4133,5.32,797,Standard
SHP_08671,SUP_023,Ocean,5906,8.39,659,Standard
SHP_08672,SUP_036,Air,4787,2.77,549,Standard
SHP_08673,SUP_043,Road,773,16.33,392,Standard
SHP_08674,SUP_031,Road,401,9.97,352,Standard
SHP_08675,SUP_008,Air,4366,2.24,118,Critical
SHP_08676,SUP_029,Road,1870,11.01,993,Standard
SHP_08677,SUP_043,Air,6976,2.59,825,Low
SHP_08678,SUP_009,Rail,1414,10.83,684,Critical
SHP_08679,SUP_029,Road,648,6.37,269,Critical
SHP_08680,SUP_046,Air,5032,5.16,342,Standard
SHP_08681,SUP_030,Air,4785,11.63,823,Standard
SHP_08682,SUP_027,Ocean,948,3.07,141,Low
SHP_08683,SUP_022,Road,1327,11.71,700,Critical
SHP_08684,SUP_016,Rail,1101,9.49,187,Standard
SHP_08685,SUP_018,Road,1549,14.03,316,Standard
SHP_08686,SUP_003,Rail,1306,6.15,610,Standard
SHP_08687,SUP_039,Road,1128,16.77,827,Critical
SHP_08688,SUP_035,Air,2223,11.93,395,Standard
SHP_08689,SUP_030,Road,890,14.74,884,Low
SHP_08690,SUP_010,Road,1217,2.11,228,Low
SHP_08691,SUP_030,Road,1496,6.25,917,Low
SHP_08692,SUP_027,Rail,1607,8.34,650,Standard
SHP_08693,SUP_048,Road,1211,2.12,674,Critical
SHP_08694,SUP_017,Air,6266,19.44,408,Critical
SHP_08695,SUP_015,Road,1371,7.95,198,Critical
SHP_08696,SUP_010,Rail,1488,6.04,419,Standard
SHP_08697,SUP_042,Ocean,7998,19.58,182,Standard
SHP_08698,SUP_011,Rail,1240,3.03,925,Critical
SHP_08699,SUP_017,Road,1514,11.84,745,Standard
SHP_08700,SUP_039,Rail,1664,12.57,722,Low
SHP_08701,SUP_043,Ocean,4153,9.99,279,Standard
SHP_08702,SUP_038,Ocean,6279,5.98,945,Critical
SHP_08703,SUP_013,Road,976,4.47,997,Critical
SHP_08704,SUP_035,Road,283,12.41,779,Critical
SHP_08705,SUP_002,Road,1271,4.27,715,Low
SHP_08706,SUP_042,Road,134,12.23,709,Critical
SHP_08707,SUP_049,Rail,1258,12.65,369,Critical
SHP_08708,SUP_019,Road,1613,19.02,667,Critical
SHP_08709,SUP_010,Air,2381,19.62,409,Low
SHP_08710,SUP_033,Rail,890,8.39,214,Low
SHP_08711,SUP_037,Ocean,3997,5.4,274,Standard
SHP_08712,SUP_001,Road,1527,6.62,530,Critical
SHP_08713,SUP_050,Rail,1442,18.6,710,Standard
SHP_08714,SUP_029,Road,916,18.44,358,Low
SHP_08715,SUP_014,Ocean,7777,8.05,479,Critical
SHP_08716,SUP_034,Ocean,4577,15.77,685,Critical
SHP_08717,SUP_022,Road,1911,9.8,560,Critical
SHP_08718,SUP_009,Rail,1015,5.27,629,Standard
SHP_08719,SUP_002,Ocean,5870,7.85,726,Standard
SHP_08720,SUP_007,Road,1787,4.78,280,Critical
SHP_08721,SUP_002,Road,882,8.31,843,Standard
SHP_08722,SUP_003,Rail,724,4.46,757,Critical
SHP_08723,SUP_039,Road,1864,15.44,150,Low
SHP_08724,SUP_045,Road,1792,7.92,736,Low
SHP_08725,SUP_003,Ocean,882,15.09,114,Critical
SHP_08726,SUP_044,Rail,1032,6.91,453,Standard
SHP_08727,SUP_002,Road,503,7.34,230,Critical
SHP_08728,SUP_048,Road,1383,12.68,859,Critical
SHP_08729,SUP_046,Road,1672,2.27,358,Low
SHP_08730,SUP_044,Road,1391,19.16,938,Critical
SHP_08731,SUP_021,Road,1141,14.56,694,Critical
SHP_08732,SUP_044,Rail,930,8.2,955,Critical
SHP_08733,SUP_021,Road,1022,6.81,666,Critical
SHP_08734,SUP_040,Road,1180,12.49,851,Standard
SHP_08735,SUP_047,Road,1094,3.17,590,Critical
SHP_08736,SUP_041,Ocean,1071,16.22,915,Standard
SHP_08737,SUP_049,Road,295,11.74,407,Critical
SHP_08738,SUP_040,Air,7440,9.39,774,Standard
SHP_08739,SUP_019,Air,1510,14.96,775,Standard
SHP_08740,SUP_017,Rail,1306,2.36,933,Critical
SHP_08741,SUP_028,Rail,900,9.74,647,Critical
SHP_08742,SUP_014,Road,323,8.6,931,Low
SHP_08743,SUP_006,Road,652,18.05,859,Critical
SHP_08744,SUP_048,Air,6654,15.83,444,Low
SHP_08745,SUP_001,Road,1835,6.85,695,Low
SHP_08746,SUP_032,Road,1623,18.86,765,Standard
SHP_08747,SUP_013,Air,2290,12.5,312,Standard
SHP_08748,SUP_034,Air,7604,16.81,537,Standard
SHP_08749,SUP_020,Air,655,16.27,608,Standard
SHP_08750,SUP_026,Air,3308,10.86,994,Low
SHP_08751,SUP_014,Rail,381,1.09,618,Standard
SHP_08752,SUP_041,Road,1097,19.68,135,Standard
SHP_08753,SUP_041,Road,1135,15.36,725,Critical
SHP_08754,SUP_016,Road,1111,1.11,794,Low
SHP_08755,SUP_032,Ocean,4725,18.46,236,Low
SHP_08756,SUP_032,Ocean,7697,7.31,341,Standard
SHP_08757,SUP_039,Road,505,8.44,544,Standard
SHP_08758,SUP_017,Road,439,3.05,203,Critical
SHP_08759,SUP_002,Road,1532,9.55,734,Low
SHP_08760,SUP_022,Road,1308,17.45,158,Standard
SHP_08761,SUP_033,Air,3314,18.52,265,Critical
SHP_08762,SUP_017,Rail,717,13.25,816,Low
SHP_08763,SUP_011,Road,149,14.86,198,Low
SHP_08764,SUP_040,Ocean,6568,13.9,499,Critical
SHP_08765,SUP_048,Road,912,3.42,213,Standard
SHP_08766,SUP_023,Ocean,2356,3.4,451,Critical
SHP_08767,SUP_002,Rail,261,15.17,881,Critical
SHP_08768,SUP_015,Air,1579,10.35,364,Critical
SHP_08769,SUP_002,Road,1623,12.86,366,Critical
SHP_08770,SUP_001,Road,1612,6.26,905,Critical
SHP_08771,SUP_027,Road,725,10.3,196,Standard
SHP_08772,SUP_038,Road,1297,14.06,403,Standard
SHP_08773,SUP_046,Rail,1874,17.01,218,Low
SHP_08774,SUP_006,Road,1811,8.55,420,Standard
SHP_08775,SUP_012,Ocean,3341,1.22,488,Low
SHP_08776,SUP_020,Air,2220,17.36,155,Standard
SHP_08777,SUP_034,Ocean,2717,3.84,280,Standard
SHP_08778,SUP_015,Road,1472,1.09,767,Standard
SHP_08779,SUP_003,Rail,1685,14.37,619,Standard
SHP_08780,SUP_036,Road,218,8.07,102,Low
SHP_08781,SUP_023,Air,1037,9.43,805,Critical
SHP_08782,SUP_029,Ocean,2382,7.98,910,Critical
SHP_08783,SUP_050,Road,1599,15.39,551,Standard
SHP_08784,SUP_012,Rail,844,9.39,159,Standard
SHP_08785,SUP_041,Rail,1639,10.71,254,Critical
SHP_08786,SUP_016,Road,1421,3.86,218,Critical
SHP_08787,SUP_014,Road,838,7.24,398,Critical
SHP_08788,SUP_017,Rail,1340,3.04,328,Critical
SHP_08789,SUP_005,Air,5259,19.42,761,Critical
SHP_08790,SUP_003,Rail,1893,8.1,525,Low
SHP_08791,SUP_016,Ocean,6073,5.82,496,Standard
SHP_08792,SUP_045,Air,3024,3.56,180,Low
SHP_08793,SUP_048,Air,3194,18.76,999,Low
SHP_08794,SUP_005,Rail,348,13.33,980,Standard
SHP_08795,SUP_031,Road,513,12.61,457,Low
SHP_08796,SUP_046,Road,1975,8.25,796,Low
SHP_08797,SUP_025,Air,6855,3.86,425,Standard
SHP_08798,SUP_021,Road,1352,9.69,621,Critical
SHP_08799,SUP_029,Air,1242,13.95,797,Standard
SHP_08800,SUP_024,Road,1137,1.54,602,Critical
SHP_08801,SUP_001,Rail,1841,5.61,116,Critical
SHP_08802,SUP_022,Road,1974,17.75,937,Low
SHP_08803,SUP_004,Road,247,8.08,797,Critical
SHP_08804,SUP_043,Ocean,5132,9.73,671,Critical
SHP_08805,SUP_043,Rail,739,16.7,107,Critical
SHP_08806,SUP_033,Ocean,1754,2.79,146,Standard
SHP_08807,SUP_022,Road,424,14.68,926,Critical
SHP_08808,SUP_015,Rail,1664,19.17,433,Low
SHP_08809,SUP_006,Air,1281,16.45,839,Low
SHP_08810,SUP_039,Air,4913,12.89,567,Low
SHP_08811,SUP_019,Road,1773,15.99,551,Standard
SHP_08812,SUP_015,Road,195,5.23,337,Low
SHP_08813,SUP_010,Ocean,501,15.28,929,Critical
SHP_08814,SUP_022,Road,819,14.39,669,Standard
SHP_08815,SUP_025,Rail,237,8.72,865,Low
SHP_08816,SUP_013,Rail,1469,5.37,606,Low
SHP_08817,SUP_035,Rail,1433,17.23,261,Low
SHP_08818,SUP_026,Road,644,17.47,990,Low
SHP_08819,SUP_045,Rail,541,11.71,247,Critical
SHP_08820,SUP_038,Road,297,14.73,411,Critical
SHP_08821,SUP_022,Air,5306,19.06,620,Low
SHP_08822,SUP_047,Ocean,2608,15.92,219,Low
SHP_08823,SUP_047,Air,4981,19.67,994,Critical
SHP_08824,SUP_025,Air,2824,7.24,990,Standard
SHP_08825,SUP_009,Ocean,1661,2.61,181,Standard
SHP_08826,SUP_009,Road,657,18.59,536,Critical
SHP_08827,SUP_036,Rail,1892,1.57,651,Standard
SHP_08828,SUP_013,Road,304,8.95,233,Critical
SHP_08829,SUP_038,Road,908,19.15,969,Critical
SHP_08830,SUP_015,Road,1318,15.24,129,Critical
SHP_08831,SUP_009,Road,1609,19.01,783,Standard
SHP_08832,SUP_006,Road,224,9.41,136,Standard
SHP_08833,SUP_014,Rail,1451,17.87,929,Standard
SHP_08834,SUP_014,Road,1551,9.04,264,Critical
SHP_08835,SUP_034,Ocean,846,4.14,731,Critical
SHP_08836,SUP_003,Air,6004,9.85,289,Standard
SHP_08837,SUP_050,Road,1424,16.6,735,Low
SHP_08838,SUP_040,Rail,137,13.14,204,Standard
SHP_08839,SUP_014,Ocean,2307,11.46,403,Critical
SHP_08840,SUP_002,Air,1877,10.49,612,Standard
SHP_08841,SUP_005,Rail,1016,8.55,852,Standard
SHP_08842,SUP_023,Ocean,962,17.64,342,Critical
SHP_08843,SUP_007,Road,1740,2.53,475,Standard
SHP_08844,SUP_021,Ocean,7549,12.13,327,Standard
SHP_08845,SUP_023,Air,1472,15.57,114,Standard
SHP_08846,SUP_014,Rail,1986,16.53,536,Standard
SHP_08847,SUP_009,Ocean,1741,17.21,198,Critical
SHP_08848,SUP_002,Rail,1129,10.4,288,Standard
SHP_08849,SUP_043,Road,1697,7.27,742,Standard
SHP_08850,SUP_025,Air,5186,1.79,985,Standard
SHP_08851,SUP_008,Ocean,2972,3.75,720,Critical
SHP_08852,SUP_006,Road,1227,11.73,449,Low
SHP_08853,SUP_001,Air,3767,5.12,949,Standard
SHP_08854,SUP_046,Rail,1439,12.69,475,Standard
SHP_08855,SUP_022,Road,1282,5.98,779,Low
SHP_08856,SUP_003,Air,7465,12.39,843,Low
SHP_08857,SUP_019,Road,775,4.64,672,Standard
SHP_08858,SUP_039,Air,5032,7.61,648,Critical
SHP_08859,SUP_030,Rail,596,16.3,575,Standard
SHP_08860,SUP_002,Rail,1305,15.06,596,Low
SHP_08861,SUP_029,Road,134,9.38,846,Low
SHP_08862,SUP_006,Ocean,3112,10.55,813,Low
SHP_08863,SUP_020,Ocean,5574,10.86,917,Critical
SHP_08864,SUP_045,Rail,257,17.59,696,Standard
SHP_08865,SUP_016,Air,7168,10.3,699,Low
SHP_08866,SUP_013,Rail,1084,18,563,Low
SHP_08867,SUP_046,Road,616,17.86,359,Critical
SHP_08868,SUP_045,Rail,1543,3.72,788,Critical
SHP_08869,SUP_035,Rail,1222,11.1,914,Critical
SHP_08870,SUP_017,Road,1628,11.43,668,Critical
SHP_08871,SUP_033,Ocean,2212,16.41,750,Standard
SHP_08872,SUP_049,Air,2690,7.77,800,Critical
SHP_08873,SUP_034,Rail,919,1.04,197,Low
SHP_08874,SUP_028,Air,2563,17.84,733,Low
SHP_08875,SUP_013,Ocean,4564,10.13,562,Critical
SHP_08876,SUP_020,Air,3466,10.64,177,Low
SHP_08877,SUP_028,Air,7671,3.46,761,Low
SHP_08878,SUP_029,Road,991,3.8,655,Standard
SHP_08879,SUP_047,Road,1198,12.31,539,Critical
SHP_08880,SUP_002,Road,353,5.66,342,Low
SHP_08881,SUP_017,Rail,1906,1.78,635,Low
SHP_08882,SUP_005,Road,215,4.69,153,Standard
SHP_08883,SUP_050,Air,1133,7.7,109,Critical
SHP_08884,SUP_012,Road,1220,12.54,500,Critical
SHP_08885,SUP_040,Ocean,2830,13.62,475,Standard
SHP_08886,SUP_023,Rail,518,17.63,458,Standard
SHP_08887,SUP_030,Rail,538,3.29,238,Critical
SHP_08888,SUP_022,Rail,1548,11.37,577,Critical
SHP_08889,SUP_013,Road,1034,16.97,112,Critical
SHP_08890,SUP_039,Air,577,19.38,416,Critical
SHP_08891,SUP_044,Road,921,2.25,409,Low
SHP_08892,SUP_007,Ocean,3045,19.84,680,Low
SHP_08893,SUP_050,Ocean,7900,9.56,247,Standard
SHP_08894,SUP_003,Road,1446,7.08,626,Standard
SHP_08895,SUP_046,Air,1940,4.89,634,Critical
SHP_08896,SUP_036,Air,2281,15.63,312,Critical
SHP_08897,SUP_033,Road,307,4.93,872,Low
SHP_08898,SUP_043,Rail,861,13.14,534,Critical
SHP_08899,SUP_030,Air,4999,3.37,537,Low
SHP_08900,SUP_012,Ocean,7451,6.98,609,Critical
SHP_08901,SUP_047,Road,962,5.18,560,Critical
SHP_08902,SUP_024,Ocean,1407,12.28,395,Critical
SHP_08903,SUP_043,Rail,911,9.72,248,Critical
SHP_08904,SUP_005,Rail,1716,7.28,495,Critical
SHP_08905,SUP_005,Rail,758,4.69,115,Critical
SHP_08906,SUP_006,Rail,703,19.72,581,Critical
SHP_08907,SUP_038,Rail,482,4.28,601,Critical
SHP_08908,SUP_008,Rail,513,3.69,153,Low
SHP_08909,SUP_027,Rail,1641,4.45,987,Low
SHP_08910,SUP_028,Ocean,6285,13.61,102,Critical
SHP_08911,SUP_003,Rail,283,7.53,141,Critical
SHP_08912,SUP_007,Rail,1454,6.1,925,Standard
SHP_08913,SUP_039,Ocean,7077,14.35,294,Standard
SHP_08914,SUP_044,Road,1340,5.59,610,Standard
SHP_08915,SUP_010,Air,2880,7.9,175,Low
SHP_08916,SUP_003,Road,160,11.5,993,Standard
SHP_08917,SUP_002,Road,409,14.49,590,Critical
SHP_08918,SUP_008,Ocean,7496,7.87,160,Critical
SHP_08919,SUP_016,Road,1258,13.86,734,Low
SHP_08920,SUP_002,Rail,941,3.29,874,Critical
SHP_08921,SUP_020,Road,1508,18.85,131,Low
SHP_08922,SUP_020,Air,5882,1.79,408,Standard
SHP_08923,SUP_028,Rail,399,17.78,738,Low
SHP_08924,SUP_005,Ocean,6631,3.4,274,Low
SHP_08925,SUP_038,Road,1459,17.96,925,Low
SHP_08926,SUP_029,Rail,387,14.81,667,Standard
SHP_08927,SUP_026,Rail,322,13.06,223,Critical
SHP_08928,SUP_043,Road,444,3.89,534,Standard
SHP_08929,SUP_024,Air,7322,18.82,504,Low
SHP_08930,SUP_037,Ocean,6717,6.78,380,Critical
SHP_08931,SUP_009,Road,1386,4.94,756,Standard
SHP_08932,SUP_006,Road,157,14.18,123,Standard
SHP_08933,SUP_046,Road,1994,8.65,427,Low
SHP_08934,SUP_024,Rail,1008,8.82,361,Critical
SHP_08935,SUP_021,Rail,309,11.31,765,Critical
SHP_08936,SUP_002,Rail,1537,19.3,508,Low
SHP_08937,SUP_048,Air,1334,8.81,200,Standard
SHP_08938,SUP_004,Ocean,3863,12.28,483,Standard
SHP_08939,SUP_044,Road,1943,9.53,276,Critical
SHP_08940,SUP_031,Road,1448,18.13,344,Low
SHP_08941,SUP_002,Road,1324,1.35,180,Critical
SHP_08942,SUP_019,Road,1252,7.47,623,Low
SHP_08943,SUP_019,Ocean,6830,13.48,572,Low
SHP_08944,SUP_022,Ocean,7352,16.15,887,Low
SHP_08945,SUP_029,Road,680,16.37,808,Standard
SHP_08946,SUP_022,Ocean,6959,15.98,498,Critical
SHP_08947,SUP_045,Rail,198,10.49,191,Critical
SHP_08948,SUP_024,Ocean,3172,5.76,156,Standard
SHP_08949,SUP_022,Road,845,12,837,Low
SHP_08950,SUP_047,Rail,100,19,982,Low
SHP_08951,SUP_004,Road,1983,17.71,693,Low
SHP_08952,SUP_005,Ocean,3264,19.73,683,Low
SHP_08953,SUP_027,Air,2753,12.35,484,Low
SHP_08954,SUP_003,Rail,1072,1.4,311,Low
SHP_08955,SUP_050,Road,1764,17.67,833,Standard
SHP_08956,SUP_035,Road,714,3.87,884,Low
SHP_08957,SUP_012,Rail,316,7.2,393,Standard
SHP_08958,SUP_023,Ocean,698,8.47,425,Low
SHP_08959,SUP_031,Rail,1697,2.08,370,Standard
SHP_08960,SUP_015,Ocean,6349,10.12,426,Low
SHP_08961,SUP_020,Road,1936,14.04,630,Critical
SHP_08962,SUP_025,Road,1641,8.83,374,Critical
SHP_08963,SUP_031,Road,1031,10,388,Standard
SHP_08964,SUP_012,Air,5372,11.86,378,Standard
SHP_08965,SUP_044,Rail,703,1.08,111,Standard
SHP_08966,SUP_008,Rail,1488,15.24,213,Standard
SHP_08967,SUP_036,Rail,705,7.7,789,Low
SHP_08968,SUP_005,Rail,570,5.06,417,Standard
SHP_08969,SUP_014,Rail,1651,9.41,406,Critical
SHP_08970,SUP_037,Air,6591,9.64,962,Standard
SHP_08971,SUP_038,Air,3258,16.3,490,Low
SHP_08972,SUP_036,Rail,1559,9.31,714,Critical
SHP_08973,SUP_001,Road,1897,19.93,678,Critical
SHP_08974,SUP_047,Air,5639,9.63,421,Critical
SHP_08975,SUP_022,Road,1134,7.58,102,Low
SHP_08976,SUP_015,Rail,913,13.39,984,Critical
SHP_08977,SUP_028,Road,1166,1.58,775,Low
SHP_08978,SUP_021,Rail,328,19.01,311,Standard
SHP_08979,SUP_002,Rail,834,5.83,773,Low
SHP_08980,SUP_047,Road,507,19.07,974,Low
SHP_08981,SUP_011,Rail,1304,19.45,794,Low
SHP_08982,SUP_001,Rail,250,16.84,353,Critical
SHP_08983,SUP_044,Rail,907,8.27,939,Standard
SHP_08984,SUP_031,Rail,1544,14.85,281,Low
SHP_08985,SUP_049,Air,4728,1.17,544,Low
SHP_08986,SUP_006,Rail,923,4.32,822,Low
SHP_08987,SUP_030,Road,219,13.37,236,Standard
SHP_08988,SUP_003,Ocean,7230,19.64,908,Standard
SHP_08989,SUP_026,Ocean,6664,10.14,289,Low
SHP_08990,SUP_048,Rail,1334,13.23,847,Low
SHP_08991,SUP_038,Road,885,3.36,952,Standard
SHP_08992,SUP_036,Road,1250,12.97,227,Critical
SHP_08993,SUP_021,Road,467,14.55,842,Low
SHP_08994,SUP_005,Road,1979,12.29,142,Low
SHP_08995,SUP_028,Road,1640,15.38,260,Low
SHP_08996,SUP_033,Road,1708,6.12,337,Standard
SHP_08997,SUP_016,Road,1677,10.86,470,Standard
SHP_08998,SUP_025,Ocean,7059,18.86,170,Standard
SHP_08999,SUP_033,Air,1428,11.19,627,Critical
SHP_09000,SUP_022,Ocean,784,6.3,972,Critical
SHP_09001,SUP_016,Ocean,5883,18.85,181,Low
SHP_09002,SUP_002,Road,739,7.23,771,Critical
SHP_09003,SUP_012,Rail,106,9.42,374,Low
SHP_09004,SUP_038,Road,1783,10.14,297,Standard
SHP_09005,SUP_026,Rail,1369,1.11,475,Standard
SHP_09006,SUP_037,Road,1277,1.86,361,Critical
SHP_09007,SUP_004,Road,791,7.08,722,Critical
SHP_09008,SUP_028,Rail,128,9.18,286,Standard
SHP_09009,SUP_001,Road,228,16.73,293,Critical
SHP_09010,SUP_007,Rail,970,19.45,362,Low
SHP_09011,SUP_027,Road,1148,13.83,680,Low
SHP_09012,SUP_039,Road,1917,2.89,120,Critical
SHP_09013,SUP_015,Air,1886,14.1,811,Low
SHP_09014,SUP_001,Air,1320,6.38,848,Low
SHP_09015,SUP_001,Road,344,19.43,139,Critical
SHP_09016,SUP_016,Air,6889,15.59,106,Low
SHP_09017,SUP_020,Air,2576,13.75,882,Critical
SHP_09018,SUP_014,Ocean,2003,17.44,657,Critical
SHP_09019,SUP_049,Air,4950,4.98,899,Low
SHP_09020,SUP_030,Rail,248,8.53,360,Standard
SHP_09021,SUP_032,Road,930,10.11,545,Low
SHP_09022,SUP_030,Ocean,7438,2.34,689,Low
SHP_09023,SUP_045,Road,1704,1.12,236,Low
SHP_09024,SUP_013,Road,1753,14.07,796,Standard
SHP_09025,SUP_047,Road,571,4.16,129,Standard
SHP_09026,SUP_013,Road,1673,2.06,991,Low
SHP_09027,SUP_042,Rail,1595,10.23,441,Standard
SHP_09028,SUP_033,Air,4430,11.91,169,Low
SHP_09029,SUP_007,Ocean,4160,1.74,391,Standard
SHP_09030,SUP_012,Road,1866,3.52,454,Standard
SHP_09031,SUP_024,Road,690,10.89,190,Low
SHP_09032,SUP_023,Rail,1062,16.47,166,Low
SHP_09033,SUP_034,Road,141,9.46,477,Critical
SHP_09034,SUP_022,Ocean,5168,8.03,935,Standard
SHP_09035,SUP_037,Road,466,12.63,589,Critical
SHP_09036,SUP_022,Rail,139,1.86,787,Critical
SHP_09037,SUP_038,Air,5926,11.57,259,Low
SHP_09038,SUP_027,Ocean,6065,1.18,609,Standard
SHP_09039,SUP_005,Rail,1740,16.32,353,Standard
SHP_09040,SUP_039,Road,1072,9.94,780,Critical
SHP_09041,SUP_018,Air,566,15.87,746,Critical
SHP_09042,SUP_029,Road,543,7.52,310,Low
SHP_09043,SUP_012,Ocean,2251,5.79,563,Standard
SHP_09044,SUP_027,Road,649,12.6,482,Critical
SHP_09045,SUP_001,Road,817,8.67,414,Critical
SHP_09046,SUP_025,Air,4220,5.34,798,Standard
SHP_09047,SUP_001,Road,1805,16.36,508,Standard
SHP_09048,SUP_016,Rail,1680,17.49,191,Critical
SHP_09049,SUP_040,Ocean,6891,2.41,819,Standard
SHP_09050,SUP_002,Road,412,19.86,713,Low
SHP_09051,SUP_007,Ocean,2745,1.33,568,Low
SHP_09052,SUP_011,Road,1364,8.54,869,Critical
SHP_09053,SUP_044,Air,5253,17.83,666,Standard
SHP_09054,SUP_034,Road,1993,3.42,563,Standard
SHP_09055,SUP_025,Rail,1692,6.39,918,Standard
SHP_09056,SUP_023,Ocean,5882,19.15,980,Low
SHP_09057,SUP_002,Ocean,7557,11.95,718,Standard
SHP_09058,SUP_010,Road,670,5.22,237,Critical
SHP_09059,SUP_011,Road,195,4.92,751,Critical
SHP_09060,SUP_030,Road,1377,8.97,487,Standard
SHP_09061,SUP_005,Ocean,3817,1.39,762,Low
SHP_09062,SUP_040,Ocean,2425,6.96,549,Critical
SHP_09063,SUP_035,Rail,1635,2.94,728,Critical
SHP_09064,SUP_032,Road,613,2.33,106,Critical
SHP_09065,SUP_024,Road,1345,4.47,350,Critical
SHP_09066,SUP_013,Road,1234,14.17,873,Standard
SHP_09067,SUP_027,Road,942,16.98,439,Critical
SHP_09068,SUP_040,Road,557,5.05,452,Low
SHP_09069,SUP_019,Air,2022,9.97,646,Standard
SHP_09070,SUP_040,Air,6338,11.78,795,Low
SHP_09071,SUP_034,Ocean,2147,6.21,538,Standard
SHP_09072,SUP_031,Rail,293,6.11,936,Critical
SHP_09073,SUP_018,Road,589,4.8,643,Standard
SHP_09074,SUP_002,Road,1555,7.64,780,Standard
SHP_09075,SUP_035,Road,1880,5.7,933,Critical
SHP_09076,SUP_047,Rail,335,18.64,466,Standard
SHP_09077,SUP_014,Rail,1397,17.75,293,Low
SHP_09078,SUP_008,Rail,388,1.4,574,Critical
SHP_09079,SUP_033,Rail,1337,8.24,145,Low
SHP_09080,SUP_007,Road,1271,9.01,285,Critical
SHP_09081,SUP_006,Road,1736,10.11,906,Low
SHP_09082,SUP_007,Road,1763,7.91,627,Standard
SHP_09083,SUP_008,Road,235,12.93,458,Low
SHP_09084,SUP_032,Rail,239,14.83,685,Critical
SHP_09085,SUP_042,Road,1116,9.03,223,Low
SHP_09086,SUP_003,Air,7346,3.94,726,Standard
SHP_09087,SUP_026,Road,848,14.87,822,Critical
SHP_09088,SUP_005,Ocean,2992,17.69,167,Critical
SHP_09089,SUP_048,Road,937,9.42,440,Low
SHP_09090,SUP_015,Rail,1594,4.06,411,Standard
SHP_09091,SUP_021,Road,1956,8.14,447,Standard
SHP_09092,SUP_009,Air,7084,8.03,766,Standard
SHP_09093,SUP_049,Road,1924,3.31,171,Critical
SHP_09094,SUP_028,Rail,355,7.8,291,Critical
SHP_09095,SUP_011,Road,326,18.39,782,Low
SHP_09096,SUP_011,Ocean,1141,4.67,915,Critical
SHP_09097,SUP_012,Road,1873,7.47,920,Low
SHP_09098,SUP_008,Air,994,9.92,260,Low
SHP_09099,SUP_005,Ocean,6747,4.42,868,Low
SHP_09100,SUP_035,Road,950,10.88,754,Critical
SHP_09101,SUP_020,Rail,1516,5.37,178,Low
SHP_09102,SUP_011,Rail,619,9.24,318,Standard
SHP_09103,SUP_035,Road,1337,2.02,363,Low
SHP_09104,SUP_002,Rail,681,13.55,940,Standard
SHP_09105,SUP_042,Air,2645,7.71,784,Standard
SHP_09106,SUP_002,Road,564,9.7,583,Standard
SHP_09107,SUP_047,Air,6710,12.66,207,Low
SHP_09108,SUP_006,Ocean,3532,13.04,962,Critical
SHP_09109,SUP_029,Road,746,13.58,888,Standard
SHP_09110,SUP_047,Rail,1163,19.83,273,Low
SHP_09111,SUP_005,Ocean,2652,17.11,416,Critical
SHP_09112,SUP_024,Road,388,11.12,211,Critical
SHP_09113,SUP_032,Road,509,10.54,159,Low
SHP_09114,SUP_027,Road,1246,10.67,339,Standard
SHP_09115,SUP_006,Road,611,18.02,591,Standard
SHP_09116,SUP_039,Road,886,4.09,543,Low
SHP_09117,SUP_030,Rail,1547,9.59,559,Critical
SHP_09118,SUP_006,Ocean,2284,19.01,920,Low
SHP_09119,SUP_031,Ocean,2954,10.75,820,Critical
SHP_09120,SUP_008,Ocean,7943,11.92,692,Standard
SHP_09121,SUP_005,Ocean,6449,6.86,481,Low
SHP_09122,SUP_036,Road,1608,16.99,868,Standard
SHP_09123,SUP_006,Rail,145,9.4,930,Low
SHP_09124,SUP_007,Ocean,6121,5.97,687,Critical
SHP_09125,SUP_025,Road,1774,13.77,263,Low
SHP_09126,SUP_005,Ocean,1524,15.93,525,Standard
SHP_09127,SUP_024,Road,232,1.04,453,Low
SHP_09128,SUP_012,Rail,1448,2.04,734,Low
SHP_09129,SUP_003,Rail,1697,8.51,529,Low
SHP_09130,SUP_012,Ocean,3311,19.51,265,Low
SHP_09131,SUP_025,Road,824,11.29,510,Critical
SHP_09132,SUP_031,Rail,746,8.62,623,Low
SHP_09133,SUP_032,Road,1468,16.95,204,Low
SHP_09134,SUP_041,Road,177,15.22,732,Low
SHP_09135,SUP_028,Rail,1773,2.35,311,Standard
SHP_09136,SUP_044,Rail,429,8.21,890,Low
SHP_09137,SUP_007,Rail,1625,14.45,123,Low
SHP_09138,SUP_031,Road,192,7.96,761,Critical
SHP_09139,SUP_043,Road,1522,3.52,320,Standard
SHP_09140,SUP_039,Rail,882,12.88,858,Critical
SHP_09141,SUP_027,Road,1823,17.48,780,Critical
SHP_09142,SUP_008,Road,1051,8.56,530,Low
SHP_09143,SUP_038,Ocean,1486,10.75,999,Standard
SHP_09144,SUP_046,Road,766,2.52,796,Low
SHP_09145,SUP_037,Rail,1911,11.8,880,Standard
SHP_09146,SUP_039,Road,1548,14.12,360,Low
SHP_09147,SUP_029,Road,1291,6.49,934,Critical
SHP_09148,SUP_019,Road,1872,5.03,715,Low
SHP_09149,SUP_018,Road,1627,8.61,558,Critical
SHP_09150,SUP_003,Road,1815,8.6,574,Standard
SHP_09151,SUP_010,Road,819,8.96,704,Critical
SHP_09152,SUP_026,Road,1488,12.86,400,Critical
SHP_09153,SUP_033,Air,6171,12.39,992,Critical
SHP_09154,SUP_041,Road,1801,3.09,377,Standard
SHP_09155,SUP_046,Road,127,1.29,442,Critical
SHP_09156,SUP_030,Air,3472,16.83,244,Low
SHP_09157,SUP_004,Ocean,3551,6.46,450,Critical
SHP_09158,SUP_048,Rail,745,3.59,659,Critical
SHP_09159,SUP_025,Rail,1121,13.66,706,Critical
SHP_09160,SUP_041,Road,678,15.86,530,Standard
SHP_09161,SUP_047,Ocean,2331,12.89,504,Low
SHP_09162,SUP_048,Rail,1751,5.17,749,Critical
SHP_09163,SUP_013,Rail,1857,12.33,220,Critical
SHP_09164,SUP_018,Road,815,10.18,178,Standard
SHP_09165,SUP_020,Ocean,7811,15.66,650,Standard
SHP_09166,SUP_017,Ocean,1333,16.89,530,Low
SHP_09167,SUP_009,Ocean,2489,5.23,659,Critical
SHP_09168,SUP_041,Road,168,18.9,128,Low
SHP_09169,SUP_008,Road,254,9.99,632,Low
SHP_09170,SUP_050,Road,1380,19.24,371,Low
SHP_09171,SUP_032,Road,1584,14.12,958,Low
SHP_09172,SUP_014,Ocean,4822,8.84,126,Low
SHP_09173,SUP_014,Air,969,8.42,456,Standard
SHP_09174,SUP_047,Air,5297,18.84,785,Low
SHP_09175,SUP_023,Road,413,8.61,943,Critical
SHP_09176,SUP_022,Road,1450,2.74,577,Low
SHP_09177,SUP_009,Road,1308,15.99,122,Standard
SHP_09178,SUP_006,Rail,1643,9.2,745,Critical
SHP_09179,SUP_017,Rail,1587,7,120,Critical
SHP_09180,SUP_010,Air,3938,3.49,794,Critical
SHP_09181,SUP_035,Road,1766,5.63,487,Standard
SHP_09182,SUP_014,Road,1756,12.85,595,Standard
SHP_09183,SUP_044,Air,3301,14.55,280,Standard
SHP_09184,SUP_034,Rail,1755,7.91,799,Standard
SHP_09185,SUP_004,Rail,1299,16.46,999,Critical
SHP_09186,SUP_033,Rail,810,10.7,883,Critical
SHP_09187,SUP_040,Rail,1641,16.22,453,Low
SHP_09188,SUP_016,Air,2497,10.07,120,Low
SHP_09189,SUP_003,Ocean,3828,14.31,734,Low
SHP_09190,SUP_034,Ocean,6434,10.4,797,Critical
SHP_09191,SUP_045,Ocean,4918,5.07,238,Standard
SHP_09192,SUP_048,Air,2936,5.68,583,Low
SHP_09193,SUP_034,Ocean,4804,5.7,692,Low
SHP_09194,SUP_019,Ocean,4564,16.97,626,Low
SHP_09195,SUP_040,Ocean,4300,13.13,417,Low
SHP_09196,SUP_002,Air,5775,17.58,659,Standard
SHP_09197,SUP_038,Rail,1292,10.35,811,Standard
SHP_09198,SUP_001,Ocean,814,16.05,596,Critical
SHP_09199,SUP_030,Rail,1309,4.3,388,Low
SHP_09200,SUP_018,Rail,334,19.57,856,Low
SHP_09201,SUP_023,Ocean,3658,3.17,173,Low
SHP_09202,SUP_043,Road,1291,2.08,415,Standard
SHP_09203,SUP_042,Rail,1079,14.39,537,Critical
SHP_09204,SUP_020,Road,993,3.5,853,Standard
SHP_09205,SUP_048,Ocean,7401,11.44,590,Critical
SHP_09206,SUP_020,Air,4106,6.33,790,Low
SHP_09207,SUP_023,Road,346,1.68,443,Standard
SHP_09208,SUP_031,Rail,1183,3.71,594,Low
SHP_09209,SUP_008,Rail,1655,15.65,184,Low
SHP_09210,SUP_039,Rail,485,18.6,331,Low
SHP_09211,SUP_011,Ocean,7969,7.14,519,Critical
SHP_09212,SUP_048,Ocean,1355,10.2,811,Critical
SHP_09213,SUP_042,Air,6079,19.62,318,Critical
SHP_09214,SUP_040,Road,863,19.69,390,Low
SHP_09215,SUP_046,Air,7798,19.3,151,Low
SHP_09216,SUP_050,Road,181,15.97,763,Standard
SHP_09217,SUP_005,Road,1498,14.38,121,Critical
SHP_09218,SUP_040,Ocean,2567,17.79,811,Critical
SHP_09219,SUP_013,Ocean,7666,16.07,567,Standard
SHP_09220,SUP_046,Air,6970,4.06,892,Low
SHP_09221,SUP_038,Air,1407,1.89,291,Critical
SHP_09222,SUP_013,Rail,654,18,517,Critical
SHP_09223,SUP_044,Road,1492,13.66,535,Critical
SHP_09224,SUP_045,Road,366,1.71,773,Standard
SHP_09225,SUP_009,Ocean,6470,10.46,604,Standard
SHP_09226,SUP_036,Ocean,7515,4.54,543,Critical
SHP_09227,SUP_038,Road,1834,9.98,752,Critical
SHP_09228,SUP_031,Ocean,749,11.1,524,Critical
SHP_09229,SUP_016,Road,988,7.08,747,Standard
SHP_09230,SUP_008,Rail,1885,15.67,244,Critical
SHP_09231,SUP_028,Road,289,19.69,735,Critical
SHP_09232,SUP_016,Air,6552,18.03,673,Standard
SHP_09233,SUP_015,Ocean,5439,7.34,598,Low
SHP_09234,SUP_021,Road,292,1.26,347,Low
SHP_09235,SUP_044,Rail,612,12.15,613,Low
SHP_09236,SUP_029,Road,933,4.86,958,Low
SHP_09237,SUP_002,Air,7755,2.03,668,Standard
SHP_09238,SUP_034,Air,3181,16.9,506,Standard
SHP_09239,SUP_007,Road,1391,7.01,965,Critical
SHP_09240,SUP_042,Rail,1951,16.35,106,Standard
SHP_09241,SUP_026,Road,722,6.39,457,Low
SHP_09242,SUP_008,Rail,512,16.26,755,Critical
SHP_09243,SUP_012,Rail,1868,17.14,414,Critical
SHP_09244,SUP_027,Rail,1562,4.49,879,Critical
SHP_09245,SUP_005,Road,891,14.04,847,Low
SHP_09246,SUP_037,Ocean,6518,14.97,337,Standard
SHP_09247,SUP_029,Road,369,9.32,728,Low
SHP_09248,SUP_018,Road,1679,12.94,543,Critical
SHP_09249,SUP_024,Road,1536,1.58,223,Standard
SHP_09250,SUP_004,Road,518,8.68,942,Low
SHP_09251,SUP_031,Air,4603,13.52,359,Standard
SHP_09252,SUP_045,Rail,1167,8.34,291,Standard
SHP_09253,SUP_009,Road,136,2.61,253,Critical
SHP_09254,SUP_005,Road,1187,9.76,592,Standard
SHP_09255,SUP_022,Rail,1323,5.62,202,Standard
SHP_09256,SUP_025,Road,1685,12.83,171,Critical
SHP_09257,SUP_039,Road,552,3.8,248,Standard
SHP_09258,SUP_028,Road,970,18.48,597,Critical
SHP_09259,SUP_047,Rail,1997,13.97,291,Critical
SHP_09260,SUP_040,Air,7832,9.85,575,Standard
SHP_09261,SUP_045,Road,1746,7.67,941,Critical
SHP_09262,SUP_028,Road,1143,18.07,917,Critical
SHP_09263,SUP_013,Rail,1926,2.81,419,Standard
SHP_09264,SUP_011,Rail,324,13.15,781,Low
SHP_09265,SUP_009,Ocean,2013,2.05,520,Standard
SHP_09266,SUP_016,Air,3169,8.01,626,Critical
SHP_09267,SUP_034,Road,512,11.38,422,Low
SHP_09268,SUP_021,Road,474,9.61,684,Critical
SHP_09269,SUP_017,Air,4217,18.44,572,Standard
SHP_09270,SUP_026,Road,679,2.35,244,Standard
SHP_09271,SUP_041,Road,1200,14.41,104,Low
SHP_09272,SUP_019,Road,698,15.68,780,Critical
SHP_09273,SUP_023,Rail,1413,4.21,816,Critical
SHP_09274,SUP_049,Road,925,18.96,476,Low
SHP_09275,SUP_043,Rail,227,12.76,986,Standard
SHP_09276,SUP_015,Road,1551,15.03,834,Critical
SHP_09277,SUP_028,Road,381,7.45,113,Critical
SHP_09278,SUP_010,Road,1381,17.08,881,Low
SHP_09279,SUP_007,Air,3966,3.18,132,Critical
SHP_09280,SUP_001,Air,3864,14.13,112,Standard
SHP_09281,SUP_010,Road,550,17.95,534,Standard
SHP_09282,SUP_037,Ocean,2125,19.99,581,Standard
SHP_09283,SUP_039,Rail,991,12.06,126,Standard
SHP_09284,SUP_026,Air,576,14.16,886,Low
SHP_09285,SUP_028,Ocean,4309,11.33,873,Low
SHP_09286,SUP_011,Rail,1883,8.87,113,Critical
SHP_09287,SUP_030,Rail,119,4.49,343,Critical
SHP_09288,SUP_049,Ocean,6437,18.09,606,Low
SHP_09289,SUP_038,Road,1655,4.28,152,Critical
SHP_09290,SUP_019,Road,1589,18.39,702,Low
SHP_09291,SUP_030,Road,1677,16.74,861,Low
SHP_09292,SUP_046,Road,1479,12.66,332,Standard
SHP_09293,SUP_039,Road,912,12.08,919,Standard
SHP_09294,SUP_034,Rail,1183,16.47,466,Critical
SHP_09295,SUP_046,Ocean,4469,3.74,718,Low
SHP_09296,SUP_047,Ocean,7553,18.93,297,Critical
SHP_09297,SUP_034,Ocean,2362,18.78,877,Standard
SHP_09298,SUP_026,Ocean,4969,16.57,748,Standard
SHP_09299,SUP_031,Ocean,2308,17.58,654,Low
SHP_09300,SUP_011,Air,1498,14.49,198,Low
SHP_09301,SUP_024,Road,1198,11.48,488,Critical
SHP_09302,SUP_030,Road,1706,16.38,139,Standard
SHP_09303,SUP_019,Ocean,4061,6.38,793,Critical
SHP_09304,SUP_039,Road,955,17.77,325,Standard
SHP_09305,SUP_021,Rail,1138,11.8,441,Low
SHP_09306,SUP_015,Air,2491,16.7,973,Standard
SHP_09307,SUP_045,Road,362,7.27,922,Low
SHP_09308,SUP_021,Rail,470,12.91,748,Low
SHP_09309,SUP_041,Road,657,2.58,205,Low
SHP_09310,SUP_001,Road,1102,11.02,434,Low
SHP_09311,SUP_024,Road,125,5.09,862,Standard
SHP_09312,SUP_040,Road,662,12.06,173,Standard
SHP_09313,SUP_015,Rail,276,18.88,719,Standard
SHP_09314,SUP_036,Road,1211,8.79,190,Standard
SHP_09315,SUP_028,Rail,1110,16.69,989,Critical
SHP_09316,SUP_003,Air,3990,19.39,554,Critical
SHP_09317,SUP_016,Ocean,2066,16.95,728,Standard
SHP_09318,SUP_045,Road,562,5.69,881,Low
SHP_09319,SUP_034,Rail,575,3.14,891,Low
SHP_09320,SUP_026,Rail,320,18.72,750,Low
SHP_09321,SUP_027,Road,1086,17.86,649,Low
SHP_09322,SUP_019,Ocean,7169,1.5,860,Low
SHP_09323,SUP_020,Rail,1234,17.37,624,Standard
SHP_09324,SUP_038,Road,419,3.08,488,Standard
SHP_09325,SUP_036,Road,1775,14.7,234,Low
SHP_09326,SUP_041,Ocean,6317,7.06,944,Low
SHP_09327,SUP_019,Rail,1292,7.29,505,Critical
SHP_09328,SUP_017,Road,1646,9.46,419,Critical
SHP_09329,SUP_020,Road,1378,19.03,958,Standard
SHP_09330,SUP_009,Ocean,1656,1.56,353,Critical
SHP_09331,SUP_021,Rail,1341,7.77,931,Standard
SHP_09332,SUP_029,Rail,1716,13.74,252,Low
SHP_09333,SUP_002,Road,878,13.07,381,Standard
SHP_09334,SUP_025,Rail,1133,3.23,672,Standard
SHP_09335,SUP_037,Road,1533,4.23,930,Low
SHP_09336,SUP_035,Road,1722,7.08,294,Low
SHP_09337,SUP_038,Rail,1508,20,906,Critical
SHP_09338,SUP_033,Ocean,5358,1.78,264,Low
SHP_09339,SUP_039,Road,1925,1.07,551,Critical
SHP_09340,SUP_008,Road,1271,13.14,398,Low
SHP_09341,SUP_001,Rail,667,14.91,504,Standard
SHP_09342,SUP_044,Road,1146,17.64,414,Low
SHP_09343,SUP_033,Ocean,3080,15.19,177,Critical
SHP_09344,SUP_002,Rail,1779,17.74,990,Standard
SHP_09345,SUP_040,Air,4192,2.73,314,Standard
SHP_09346,SUP_036,Ocean,5406,6.79,873,Low
SHP_09347,SUP_020,Rail,1828,7.52,913,Critical
SHP_09348,SUP_011,Ocean,3978,3.84,223,Low
SHP_09349,SUP_021,Rail,305,13.58,793,Low
SHP_09350,SUP_017,Ocean,6125,3.96,891,Standard
SHP_09351,SUP_048,Air,1980,11.33,421,Low
SHP_09352,SUP_014,Road,466,11.05,751,Low
SHP_09353,SUP_025,Ocean,607,17.19,891,Critical
SHP_09354,SUP_039,Road,1703,18.59,122,Critical
SHP_09355,SUP_017,Air,4093,15.92,758,Low
SHP_09356,SUP_010,Rail,1361,13.96,269,Low
SHP_09357,SUP_042,Ocean,7017,13.87,116,Standard
SHP_09358,SUP_030,Road,148,11.03,139,Critical
SHP_09359,SUP_027,Ocean,3849,4.4,638,Critical
SHP_09360,SUP_024,Rail,1567,5.03,294,Low
SHP_09361,SUP_003,Road,1595,18.57,330,Critical
SHP_09362,SUP_039,Ocean,2805,15.94,436,Critical
SHP_09363,SUP_005,Road,449,13.02,332,Standard
SHP_09364,SUP_005,Road,122,10.52,779,Critical
SHP_09365,SUP_035,Road,1956,17.37,521,Standard
SHP_09366,SUP_050,Road,1388,19.77,929,Critical
SHP_09367,SUP_016,Road,1495,11.55,781,Standard
SHP_09368,SUP_011,Ocean,4596,9.57,152,Low
SHP_09369,SUP_006,Rail,1473,3.58,740,Standard
SHP_09370,SUP_034,Rail,154,17.4,682,Critical
SHP_09371,SUP_003,Rail,1509,14.51,549,Standard
SHP_09372,SUP_050,Road,1819,8.63,953,Standard
SHP_09373,SUP_030,Air,7810,6.56,146,Standard
SHP_09374,SUP_020,Ocean,5790,2.3,768,Low
SHP_09375,SUP_030,Air,7611,2.35,169,Critical
SHP_09376,SUP_017,Road,201,11.07,534,Standard
SHP_09377,SUP_050,Rail,963,17.86,697,Low
SHP_09378,SUP_002,Road,612,17.5,566,Standard
SHP_09379,SUP_016,Ocean,6731,14.99,777,Low
SHP_09380,SUP_001,Road,1092,19.33,794,Low
SHP_09381,SUP_029,Air,2380,17.93,449,Low
SHP_09382,SUP_023,Road,176,3.74,388,Critical
SHP_09383,SUP_004,Rail,1938,8.9,162,Low
SHP_09384,SUP_037,Road,775,4.81,689,Standard
SHP_09385,SUP_001,Road,1975,3.32,999,Critical
SHP_09386,SUP_033,Ocean,1085,3.08,295,Standard
SHP_09387,SUP_023,Ocean,5123,8.35,854,Standard
SHP_09388,SUP_045,Road,1082,8.65,637,Critical
SHP_09389,SUP_048,Road,1244,4.96,102,Critical
SHP_09390,SUP_016,Road,1418,3.35,442,Standard
SHP_09391,SUP_021,Ocean,6858,12.14,451,Low
SHP_09392,SUP_004,Ocean,6231,15.99,385,Standard
SHP_09393,SUP_012,Road,1752,19.92,230,Critical
SHP_09394,SUP_006,Rail,1922,11.87,649,Low
SHP_09395,SUP_008,Road,788,15.31,370,Low
SHP_09396,SUP_037,Air,1719,19,558,Critical
SHP_09397,SUP_011,Air,5121,8.57,965,Low
SHP_09398,SUP_004,Road,1936,6.39,486,Low
SHP_09399,SUP_023,Road,1141,12.54,463,Low
SHP_09400,SUP_022,Air,4773,7.21,810,Critical
SHP_09401,SUP_011,Rail,1374,18.54,269,Critical
SHP_09402,SUP_041,Road,1908,7.27,404,Low
SHP_09403,SUP_032,Rail,1451,15.82,468,Low
SHP_09404,SUP_027,Road,1944,15.62,763,Critical
SHP_09405,SUP_006,Road,884,1.92,929,Low
SHP_09406,SUP_001,Road,1209,6.24,468,Standard
SHP_09407,SUP_032,Road,1797,11.11,682,Standard
SHP_09408,SUP_022,Road,1939,19.99,285,Low
SHP_09409,SUP_012,Road,1625,18.57,668,Standard
SHP_09410,SUP_031,Road,552,2.18,334,Critical
SHP_09411,SUP_019,Road,779,14.24,351,Low
SHP_09412,SUP_008,Rail,167,11.91,526,Critical
SHP_09413,SUP_035,Rail,1356,12.13,900,Standard
SHP_09414,SUP_048,Air,4821,1.66,285,Low
SHP_09415,SUP_003,Road,1072,8.08,889,Low
SHP_09416,SUP_043,Air,7985,19.52,934,Low
SHP_09417,SUP_039,Rail,889,11.66,896,Low
SHP_09418,SUP_010,Road,705,15.77,117,Standard
SHP_09419,SUP_035,Road,1309,4.33,114,Critical
SHP_09420,SUP_045,Road,1748,15.71,878,Critical
SHP_09421,SUP_005,Ocean,3448,10.31,388,Critical
SHP_09422,SUP_019,Road,281,11.2,800,Critical
SHP_09423,SUP_011,Rail,1621,19.16,501,Critical
SHP_09424,SUP_002,Road,645,1.28,528,Standard
SHP_09425,SUP_038,Ocean,3062,11.83,323,Low
SHP_09426,SUP_002,Rail,284,6.73,904,Critical
SHP_09427,SUP_037,Road,450,13.86,698,Low
SHP_09428,SUP_001,Ocean,1398,13.17,229,Standard
SHP_09429,SUP_024,Road,652,19.61,494,Standard
SHP_09430,SUP_004,Ocean,3183,17.96,992,Low
SHP_09431,SUP_048,Ocean,7844,1,405,Standard
SHP_09432,SUP_004,Road,1682,4.27,440,Low
SHP_09433,SUP_040,Rail,1358,14.44,567,Critical
SHP_09434,SUP_020,Road,609,10.35,767,Low
SHP_09435,SUP_044,Road,1058,12.67,748,Standard
SHP_09436,SUP_037,Road,1014,1.89,307,Standard
SHP_09437,SUP_018,Rail,1848,7.03,692,Standard
SHP_09438,SUP_024,Road,522,15.29,267,Critical
SHP_09439,SUP_034,Air,659,2.15,374,Low
SHP_09440,SUP_042,Rail,171,17.59,498,Standard
SHP_09441,SUP_018,Road,1564,10.9,739,Low
SHP_09442,SUP_020,Air,4689,16.68,406,Low
SHP_09443,SUP_012,Road,1536,2.6,863,Critical
SHP_09444,SUP_011,Road,1515,19.45,624,Critical
SHP_09445,SUP_050,Road,868,5.97,658,Standard
SHP_09446,SUP_017,Air,2905,4.33,828,Critical
SHP_09447,SUP_010,Ocean,1003,18.52,832,Critical
SHP_09448,SUP_027,Rail,391,9.77,613,Critical
SHP_09449,SUP_019,Road,585,11.57,742,Critical
SHP_09450,SUP_024,Road,1784,14.03,289,Critical
SHP_09451,SUP_022,Road,1027,12.76,495,Low
SHP_09452,SUP_025,Rail,1945,17.38,684,Critical
SHP_09453,SUP_028,Air,1045,2.7,639,Standard
SHP_09454,SUP_023,Road,1148,14.79,687,Critical
SHP_09455,SUP_037,Ocean,1250,1.98,652,Low
SHP_09456,SUP_045,Road,948,3.12,467,Low
SHP_09457,SUP_031,Road,474,13.79,661,Standard
SHP_09458,SUP_038,Ocean,5692,2.07,805,Critical
SHP_09459,SUP_023,Rail,1823,1.9,668,Low
SHP_09460,SUP_002,Road,511,2.95,531,Critical
SHP_09461,SUP_031,Rail,1438,19.12,730,Critical
SHP_09462,SUP_002,Air,4235,13.02,321,Low
SHP_09463,SUP_043,Rail,365,18.13,765,Critical
SHP_09464,SUP_036,Road,368,17.79,222,Critical
SHP_09465,SUP_037,Ocean,6925,15.38,462,Critical
SHP_09466,SUP_045,Ocean,2218,12.26,105,Standard
SHP_09467,SUP_019,Ocean,4695,14.5,260,Critical
SHP_09468,SUP_018,Ocean,815,15.16,531,Low
SHP_09469,SUP_017,Road,1369,15.08,808,Standard
SHP_09470,SUP_035,Road,494,6.46,196,Standard
SHP_09471,SUP_048,Road,1441,10.28,620,Standard
SHP_09472,SUP_033,Rail,1570,11.43,521,Standard
SHP_09473,SUP_050,Ocean,4014,14,937,Standard
SHP_09474,SUP_004,Road,145,18.21,402,Standard
SHP_09475,SUP_038,Ocean,1735,1.94,151,Standard
SHP_09476,SUP_006,Ocean,3508,18.42,194,Low
SHP_09477,SUP_038,Ocean,3275,10.13,150,Critical
SHP_09478,SUP_049,Ocean,590,16.96,768,Low
SHP_09479,SUP_016,Road,1292,15.73,571,Low
SHP_09480,SUP_006,Air,7331,9.97,309,Critical
SHP_09481,SUP_032,Air,4937,6.02,436,Critical
SHP_09482,SUP_039,Road,902,11.55,407,Critical
SHP_09483,SUP_031,Rail,573,3.25,581,Low
SHP_09484,SUP_039,Ocean,1056,9.29,348,Standard
SHP_09485,SUP_019,Ocean,6910,9.04,641,Critical
SHP_09486,SUP_037,Rail,1476,14.73,669,Critical
SHP_09487,SUP_049,Air,5547,8.24,529,Low
SHP_09488,SUP_023,Road,576,2.52,128,Low
SHP_09489,SUP_049,Air,1172,18.82,776,Critical
SHP_09490,SUP_027,Road,1762,18.62,205,Standard
SHP_09491,SUP_012,Road,188,15.4,645,Critical
SHP_09492,SUP_046,Air,5884,1.98,859,Low
SHP_09493,SUP_004,Road,1624,18.76,216,Critical
SHP_09494,SUP_040,Road,492,4.38,584,Low
SHP_09495,SUP_050,Rail,1072,9.33,880,Critical
SHP_09496,SUP_026,Road,537,6.7,120,Critical
SHP_09497,SUP_004,Road,532,11.46,356,Critical
SHP_09498,SUP_011,Road,982,1.47,188,Standard
SHP_09499,SUP_037,Ocean,7733,7.25,118,Low
SHP_09500,SUP_040,Road,1592,17.25,659,Low
SHP_09501,SUP_036,Road,442,16.43,332,Critical
SHP_09502,SUP_013,Rail,111,3.46,253,Low
SHP_09503,SUP_027,Rail,1151,16.16,815,Critical
SHP_09504,SUP_014,Ocean,7945,3.91,812,Critical
SHP_09505,SUP_003,Road,1894,4.78,152,Low
SHP_09506,SUP_023,Road,298,4.47,777,Critical
SHP_09507,SUP_042,Air,4308,8.47,656,Low
SHP_09508,SUP_025,Rail,1103,19.31,290,Critical
SHP_09509,SUP_002,Road,1069,11.03,764,Critical
SHP_09510,SUP_034,Road,907,8.37,869,Low
SHP_09511,SUP_020,Road,1129,13.24,835,Critical
SHP_09512,SUP_005,Road,1456,17.32,939,Critical
SHP_09513,SUP_001,Air,2048,7.85,799,Standard
SHP_09514,SUP_039,Rail,1127,1.84,272,Low
SHP_09515,SUP_043,Rail,889,12.28,407,Standard
SHP_09516,SUP_012,Road,764,16.61,820,Critical
SHP_09517,SUP_049,Road,528,18.19,683,Low
SHP_09518,SUP_014,Rail,379,17.36,463,Standard
SHP_09519,SUP_044,Road,310,7.88,605,Critical
SHP_09520,SUP_042,Road,1849,13.05,920,Low
SHP_09521,SUP_046,Road,1717,18.93,651,Low
SHP_09522,SUP_050,Rail,1614,7.67,530,Standard
SHP_09523,SUP_012,Ocean,7622,9.67,609,Standard
SHP_09524,SUP_046,Rail,1899,11.2,734,Standard
SHP_09525,SUP_007,Air,6284,6.29,628,Low
SHP_09526,SUP_022,Road,268,13.29,898,Low
SHP_09527,SUP_050,Ocean,3846,12.77,678,Standard
SHP_09528,SUP_001,Air,7314,3.09,308,Standard
SHP_09529,SUP_021,Ocean,3364,10.05,477,Standard
SHP_09530,SUP_031,Ocean,5226,7.04,159,Critical
SHP_09531,SUP_036,Air,3670,6.01,874,Critical
SHP_09532,SUP_034,Ocean,592,1.35,773,Critical
SHP_09533,SUP_038,Road,1726,7.47,561,Low
SHP_09534,SUP_044,Ocean,3391,6.05,585,Critical
SHP_09535,SUP_027,Road,236,6.39,290,Critical
SHP_09536,SUP_004,Road,497,10.89,244,Low
SHP_09537,SUP_008,Rail,408,7.39,215,Low
SHP_09538,SUP_019,Rail,556,1.12,319,Low
SHP_09539,SUP_035,Air,1716,12.45,263,Critical
SHP_09540,SUP_047,Rail,1576,8.65,632,Critical
SHP_09541,SUP_038,Road,1885,16.98,847,Critical
SHP_09542,SUP_040,Road,313,6.06,734,Critical
SHP_09543,SUP_021,Road,1977,9.34,864,Standard
SHP_09544,SUP_038,Road,367,10.75,862,Low
SHP_09545,SUP_015,Road,258,14.91,556,Low
SHP_09546,SUP_030,Air,3571,16.91,444,Critical
SHP_09547,SUP_017,Air,7258,9.57,161,Standard
SHP_09548,SUP_025,Air,7929,14.15,872,Low
SHP_09549,SUP_034,Road,589,19.62,400,Critical
SHP_09550,SUP_025,Ocean,4177,13.57,208,Standard
SHP_09551,SUP_037,Air,1994,6.84,547,Low
SHP_09552,SUP_050,Ocean,7324,10.13,809,Critical
SHP_09553,SUP_016,Rail,703,17.43,277,Low
SHP_09554,SUP_037,Rail,938,12.38,753,Low
SHP_09555,SUP_008,Rail,1670,18.89,204,Critical
SHP_09556,SUP_044,Ocean,6428,9.71,906,Critical
SHP_09557,SUP_038,Air,7550,16.92,415,Standard
SHP_09558,SUP_039,Road,783,10.37,100,Low
SHP_09559,SUP_035,Rail,1971,6.43,318,Low
SHP_09560,SUP_047,Rail,742,17.29,301,Low
SHP_09561,SUP_026,Ocean,4196,6.54,263,Critical
SHP_09562,SUP_017,Air,3436,16.01,469,Standard
SHP_09563,SUP_043,Rail,1342,18.47,246,Low
SHP_09564,SUP_027,Road,204,12.95,462,Low
SHP_09565,SUP_010,Road,1823,4.47,182,Critical
SHP_09566,SUP_023,Road,288,19.81,386,Standard
SHP_09567,SUP_003,Rail,407,18.81,158,Standard
SHP_09568,SUP_021,Ocean,3244,1.41,528,Standard
SHP_09569,SUP_010,Road,828,8.53,364,Low
SHP_09570,SUP_041,Ocean,7416,3.7,942,Standard
SHP_09571,SUP_017,Road,599,6.66,917,Standard
SHP_09572,SUP_025,Air,7295,13.78,390,Critical
SHP_09573,SUP_033,Air,5962,9.99,705,Critical
SHP_09574,SUP_049,Air,4605,3.47,129,Low
SHP_09575,SUP_016,Road,1618,10.66,374,Low
SHP_09576,SUP_032,Road,928,4.22,815,Critical
SHP_09577,SUP_033,Rail,1934,7.37,846,Standard
SHP_09578,SUP_027,Rail,1399,12.01,659,Low
SHP_09579,SUP_037,Air,1115,1.4,489,Critical
SHP_09580,SUP_047,Road,185,17.91,845,Critical
SHP_09581,SUP_036,Road,946,18.61,530,Critical
SHP_09582,SUP_011,Road,1383,10.89,371,Standard
SHP_09583,SUP_006,Air,2207,15.4,381,Standard
SHP_09584,SUP_021,Air,549,7.83,188,Low
SHP_09585,SUP_049,Ocean,6535,16.27,564,Critical
SHP_09586,SUP_018,Ocean,7283,6.53,929,Critical
SHP_09587,SUP_008,Road,1605,1.95,193,Low
SHP_09588,SUP_038,Road,1830,7.11,779,Standard
SHP_09589,SUP_027,Road,1875,7.04,724,Standard
SHP_09590,SUP_032,Rail,1836,5.53,294,Standard
SHP_09591,SUP_003,Road,539,8.37,247,Critical
SHP_09592,SUP_031,Air,609,15.22,382,Standard
SHP_09593,SUP_026,Rail,708,3.73,360,Critical
SHP_09594,SUP_028,Road,952,9.88,757,Critical
SHP_09595,SUP_036,Road,995,2.25,268,Low
SHP_09596,SUP_032,Road,1621,12.23,409,Critical
SHP_09597,SUP_009,Road,967,10.74,917,Standard
SHP_09598,SUP_015,Road,1870,6.17,116,Low
SHP_09599,SUP_002,Road,1458,13.18,903,Low
SHP_09600,SUP_018,Road,1736,19.57,718,Low
SHP_09601,SUP_041,Air,919,7.77,400,Low
SHP_09602,SUP_046,Rail,940,2.08,541,Standard
SHP_09603,SUP_019,Road,1048,12.74,346,Low
SHP_09604,SUP_036,Air,5341,18.84,924,Standard
SHP_09605,SUP_010,Rail,681,1.74,384,Standard
SHP_09606,SUP_050,Rail,1101,11.13,349,Standard
SHP_09607,SUP_028,Ocean,1872,1.29,766,Low
SHP_09608,SUP_048,Road,575,9.07,299,Standard
SHP_09609,SUP_041,Road,562,8.92,664,Low
SHP_09610,SUP_001,Rail,1323,19.34,934,Critical
SHP_09611,SUP_017,Rail,1150,14.28,508,Standard
SHP_09612,SUP_030,Road,1481,19.69,633,Critical
SHP_09613,SUP_004,Ocean,3070,10.52,777,Standard
SHP_09614,SUP_013,Air,4888,8.16,105,Critical
SHP_09615,SUP_020,Ocean,2520,16.65,390,Critical
SHP_09616,SUP_045,Ocean,1773,11.5,814,Low
SHP_09617,SUP_024,Rail,1437,5.04,304,Standard
SHP_09618,SUP_042,Ocean,4996,3.71,303,Low
SHP_09619,SUP_011,Rail,1483,19.53,969,Standard
SHP_09620,SUP_029,Road,1282,6.57,152,Critical
SHP_09621,SUP_050,Road,1113,14.73,443,Low
SHP_09622,SUP_008,Air,1313,19.87,110,Low
SHP_09623,SUP_045,Road,1947,16.32,657,Standard
SHP_09624,SUP_009,Rail,1540,12.8,193,Critical
SHP_09625,SUP_042,Road,950,15.28,386,Critical
SHP_09626,SUP_009,Road,638,12.15,659,Critical
SHP_09627,SUP_022,Rail,912,3.43,659,Low
SHP_09628,SUP_050,Ocean,4597,5.95,862,Standard
SHP_09629,SUP_028,Air,6123,15.42,801,Standard
SHP_09630,SUP_042,Road,1071,4.79,840,Low
SHP_09631,SUP_042,Road,1479,19.67,339,Critical
SHP_09632,SUP_034,Rail,840,9.38,160,Standard
SHP_09633,SUP_005,Air,6467,17.15,536,Standard
SHP_09634,SUP_044,Rail,1305,15.53,933,Low
SHP_09635,SUP_015,Road,1149,12.88,345,Low
SHP_09636,SUP_027,Road,1935,10.66,315,Low
SHP_09637,SUP_027,Ocean,2463,12.08,361,Critical
SHP_09638,SUP_011,Air,1023,14.65,465,Standard
SHP_09639,SUP_032,Road,1786,1.06,991,Critical
SHP_09640,SUP_028,Air,2297,17.55,492,Critical
SHP_09641,SUP_036,Road,1451,2.14,689,Low
SHP_09642,SUP_018,Road,1032,14.7,316,Standard
SHP_09643,SUP_009,Road,951,11.37,798,Standard
SHP_09644,SUP_049,Air,2664,9.81,980,Critical
SHP_09645,SUP_047,Road,1840,12.04,426,Critical
SHP_09646,SUP_035,Rail,1246,17.39,869,Standard
SHP_09647,SUP_013,Rail,1787,11.28,446,Standard
SHP_09648,SUP_006,Road,286,10.69,708,Standard
SHP_09649,SUP_008,Rail,420,16.35,756,Critical
SHP_09650,SUP_037,Road,1987,9.01,880,Critical
SHP_09651,SUP_015,Road,211,4.78,129,Critical
SHP_09652,SUP_015,Road,572,8.55,965,Low
SHP_09653,SUP_050,Road,1405,12.64,942,Low
SHP_09654,SUP_021,Road,1314,11.34,251,Low
SHP_09655,SUP_029,Road,1875,8.29,717,Standard
SHP_09656,SUP_029,Rail,741,1.45,572,Critical
SHP_09657,SUP_035,Ocean,7212,12.6,129,Critical
SHP_09658,SUP_050,Road,295,6,891,Standard
SHP_09659,SUP_025,Rail,200,2.52,262,Low
SHP_09660,SUP_039,Ocean,2629,3.67,297,Low
SHP_09661,SUP_016,Rail,1325,12.67,360,Low
SHP_09662,SUP_006,Road,698,5.18,813,Critical
SHP_09663,SUP_025,Road,1849,10.03,220,Standard
SHP_09664,SUP_010,Air,3600,11.67,362,Low
SHP_09665,SUP_023,Road,1068,5.76,336,Standard
SHP_09666,SUP_026,Rail,1069,14.71,155,Critical
SHP_09667,SUP_033,Air,2504,15.08,803,Low
SHP_09668,SUP_043,Road,1503,4,490,Low
SHP_09669,SUP_049,Rail,1751,5.8,580,Standard
SHP_09670,SUP_013,Rail,142,12.09,760,Low
SHP_09671,SUP_032,Road,826,8.15,736,Critical
SHP_09672,SUP_027,Rail,1417,17.54,416,Critical
SHP_09673,SUP_006,Road,876,5.24,349,Critical
SHP_09674,SUP_047,Road,730,9.23,393,Low
SHP_09675,SUP_031,Road,1632,17.96,715,Standard
SHP_09676,SUP_035,Rail,1750,15.1,613,Critical
SHP_09677,SUP_014,Ocean,5262,19.24,486,Standard
SHP_09678,SUP_049,Air,2176,19.13,965,Standard
SHP_09679,SUP_029,Road,1013,17.43,507,Critical
SHP_09680,SUP_031,Road,1473,8.85,633,Standard
SHP_09681,SUP_007,Road,1991,2.13,934,Critical
SHP_09682,SUP_039,Air,5650,11.72,710,Critical
SHP_09683,SUP_033,Road,1570,2.77,276,Standard
SHP_09684,SUP_014,Ocean,4683,3.79,617,Low
SHP_09685,SUP_013,Rail,131,13.66,261,Critical
SHP_09686,SUP_002,Road,1578,1.18,966,Standard
SHP_09687,SUP_031,Road,322,16.38,968,Standard
SHP_09688,SUP_033,Road,339,15.2,631,Low
SHP_09689,SUP_021,Road,1245,7.5,840,Low
SHP_09690,SUP_011,Ocean,2727,7.38,742,Low
SHP_09691,SUP_019,Ocean,2219,17.84,617,Critical
SHP_09692,SUP_021,Road,1930,13.79,928,Low
SHP_09693,SUP_002,Road,421,16.1,714,Standard
SHP_09694,SUP_049,Ocean,6872,10.92,987,Low
SHP_09695,SUP_002,Road,382,17.29,574,Critical
SHP_09696,SUP_022,Rail,1764,18.89,417,Standard
SHP_09697,SUP_014,Road,630,6.61,159,Critical
SHP_09698,SUP_022,Rail,1016,9,902,Standard
SHP_09699,SUP_013,Road,202,14.07,840,Critical
SHP_09700,SUP_041,Ocean,6628,18.67,204,Low
SHP_09701,SUP_047,Rail,754,4.78,410,Low
SHP_09702,SUP_008,Road,906,7.71,276,Standard
SHP_09703,SUP_035,Rail,1652,5.89,672,Low
SHP_09704,SUP_028,Ocean,4846,7.24,485,Standard
SHP_09705,SUP_028,Road,1026,17.93,926,Standard
SHP_09706,SUP_048,Road,1024,15.13,170,Critical
SHP_09707,SUP_038,Air,1514,10.64,146,Standard
SHP_09708,SUP_012,Road,1883,16.57,171,Low
SHP_09709,SUP_008,Road,1624,11.16,557,Standard
SHP_09710,SUP_038,Rail,947,8.89,537,Standard
SHP_09711,SUP_007,Road,235,12.71,936,Standard
SHP_09712,SUP_044,Ocean,4025,2.36,434,Low
SHP_09713,SUP_008,Road,126,9.46,216,Critical
SHP_09714,SUP_017,Road,1988,5.29,760,Critical
SHP_09715,SUP_050,Road,1393,10.75,807,Standard
SHP_09716,SUP_017,Road,730,6.21,541,Critical
SHP_09717,SUP_023,Road,1436,4.32,668,Critical
SHP_09718,SUP_022,Road,860,13.03,155,Low
SHP_09719,SUP_047,Road,1341,7.9,775,Low
SHP_09720,SUP_044,Rail,1932,14.27,318,Low
SHP_09721,SUP_041,Rail,840,4.4,412,Critical
SHP_09722,SUP_024,Road,960,13.48,423,Standard
SHP_09723,SUP_037,Rail,1057,11.48,501,Critical
SHP_09724,SUP_030,Rail,1450,3.75,189,Low
SHP_09725,SUP_033,Air,7027,1.58,672,Low
SHP_09726,SUP_033,Ocean,1968,14.11,870,Standard
SHP_09727,SUP_024,Ocean,7462,9.71,565,Low
SHP_09728,SUP_043,Road,178,16.09,916,Critical
SHP_09729,SUP_040,Road,1137,10.12,617,Standard
SHP_09730,SUP_029,Air,7956,14.99,804,Critical
SHP_09731,SUP_011,Air,5599,17.09,895,Critical
SHP_09732,SUP_014,Rail,396,15.14,436,Critical
SHP_09733,SUP_042,Road,1361,17.21,307,Critical
SHP_09734,SUP_031,Rail,1455,14.42,132,Critical
SHP_09735,SUP_038,Rail,1052,10.86,668,Standard
SHP_09736,SUP_039,Rail,1162,6.12,745,Low
SHP_09737,SUP_044,Rail,191,15.94,681,Standard
SHP_09738,SUP_010,Air,6334,2.98,760,Low
SHP_09739,SUP_026,Road,246,16.13,926,Low
SHP_09740,SUP_006,Rail,1688,2.38,767,Low
SHP_09741,SUP_009,Air,5371,13.94,632,Standard
SHP_09742,SUP_004,Air,7868,4.98,362,Critical
SHP_09743,SUP_049,Ocean,1665,14.13,149,Low
SHP_09744,SUP_007,Rail,606,4.15,118,Standard
SHP_09745,SUP_009,Road,857,10.5,529,Standard
SHP_09746,SUP_046,Rail,672,13.39,767,Critical
SHP_09747,SUP_011,Rail,247,19,464,Critical
SHP_09748,SUP_014,Road,1364,8.38,561,Standard
SHP_09749,SUP_033,Air,7554,5.87,841,Standard
SHP_09750,SUP_013,Ocean,758,9.54,830,Critical
SHP_09751,SUP_019,Road,1637,17.71,403,Low
SHP_09752,SUP_045,Air,1232,8.93,881,Standard
SHP_09753,SUP_019,Road,757,6.93,358,Low
SHP_09754,SUP_026,Rail,1996,16.22,129,Standard
SHP_09755,SUP_017,Road,577,13.49,556,Critical
SHP_09756,SUP_015,Road,1418,8.96,490,Low
SHP_09757,SUP_014,Road,1819,8.14,753,Low
SHP_09758,SUP_044,Ocean,2047,13.51,770,Standard
SHP_09759,SUP_042,Road,195,6.41,170,Standard
SHP_09760,SUP_029,Rail,1237,1.03,320,Standard
SHP_09761,SUP_036,Ocean,6158,17.54,391,Low
SHP_09762,SUP_039,Air,5709,14.95,742,Critical
SHP_09763,SUP_024,Ocean,5602,16.98,776,Low
SHP_09764,SUP_027,Ocean,1080,3.7,101,Standard
SHP_09765,SUP_034,Ocean,4981,13.35,359,Critical
SHP_09766,SUP_007,Road,903,7.43,414,Standard
SHP_09767,SUP_011,Rail,977,19.33,862,Low
SHP_09768,SUP_030,Rail,1368,1.58,812,Standard
SHP_09769,SUP_012,Ocean,5292,18.88,579,Low
SHP_09770,SUP_002,Road,1123,3.34,453,Low
SHP_09771,SUP_023,Rail,548,16.71,299,Critical
SHP_09772,SUP_038,Road,989,1.47,271,Critical
SHP_09773,SUP_007,Road,1181,7.37,967,Critical
SHP_09774,SUP_013,Road,443,12,460,Critical
SHP_09775,SUP_027,Rail,462,7.36,933,Standard
SHP_09776,SUP_049,Road,1094,12.75,673,Critical
SHP_09777,SUP_025,Road,687,16.68,645,Standard
SHP_09778,SUP_047,Ocean,4209,6.16,657,Low
SHP_09779,SUP_002,Road,884,5.55,773,Low
SHP_09780,SUP_004,Rail,1565,12.98,899,Standard
SHP_09781,SUP_009,Road,1949,6.2,198,Low
SHP_09782,SUP_014,Road,1480,18.95,356,Standard
SHP_09783,SUP_049,Rail,752,17.1,416,Critical
SHP_09784,SUP_036,Ocean,5810,7.51,618,Low
SHP_09785,SUP_039,Road,1865,3.02,242,Low
SHP_09786,SUP_038,Rail,1274,11.48,431,Critical
SHP_09787,SUP_019,Air,7952,9.23,468,Low
SHP_09788,SUP_013,Road,1109,5.89,156,Critical
SHP_09789,SUP_028,Road,842,3.82,931,Critical
SHP_09790,SUP_041,Air,7777,5.27,260,Critical
SHP_09791,SUP_007,Road,1069,13.34,895,Critical
SHP_09792,SUP_045,Road,1658,8.92,470,Low
SHP_09793,SUP_012,Air,7947,13.52,287,Critical
SHP_09794,SUP_046,Road,1492,4.76,926,Low
SHP_09795,SUP_023,Road,603,18.31,600,Critical
SHP_09796,SUP_011,Rail,1632,12.83,840,Low
SHP_09797,SUP_002,Ocean,4114,17.28,468,Low
SHP_09798,SUP_014,Rail,917,10.77,273,Standard
SHP_09799,SUP_017,Road,1176,7.72,478,Critical
SHP_09800,SUP_001,Ocean,4218,19.37,525,Standard
SHP_09801,SUP_026,Rail,1566,14.47,515,Standard
SHP_09802,SUP_021,Road,1468,7.74,989,Low
SHP_09803,SUP_043,Air,2089,3.88,673,Standard
SHP_09804,SUP_040,Rail,1087,7.55,894,Low
SHP_09805,SUP_041,Rail,579,10.2,547,Critical
SHP_09806,SUP_030,Rail,615,9.43,972,Low
SHP_09807,SUP_030,Rail,408,4.39,959,Standard
SHP_09808,SUP_031,Rail,1583,15,926,Critical
SHP_09809,SUP_022,Ocean,1432,9.47,270,Standard
SHP_09810,SUP_031,Road,1404,6.04,967,Critical
SHP_09811,SUP_040,Air,7027,4.3,989,Low
SHP_09812,SUP_005,Ocean,3646,18.24,525,Critical
SHP_09813,SUP_035,Road,418,18.74,142,Standard
SHP_09814,SUP_024,Rail,1144,14.17,182,Critical
SHP_09815,SUP_034,Ocean,6204,10.5,949,Low
SHP_09816,SUP_015,Rail,966,18.54,565,Critical
SHP_09817,SUP_019,Rail,326,12.16,627,Standard
SHP_09818,SUP_032,Road,252,19.8,786,Critical
SHP_09819,SUP_003,Road,353,2.55,541,Standard
SHP_09820,SUP_015,Road,1087,13.44,198,Low
SHP_09821,SUP_040,Rail,1086,7.26,468,Standard
SHP_09822,SUP_012,Rail,370,3.63,482,Critical
SHP_09823,SUP_007,Rail,947,12.74,964,Low
SHP_09824,SUP_049,Road,135,19.48,914,Critical
SHP_09825,SUP_022,Road,459,12.91,713,Low
SHP_09826,SUP_024,Rail,309,15.76,875,Standard
SHP_09827,SUP_046,Road,1389,19.12,143,Low
SHP_09828,SUP_021,Road,292,14.39,538,Low
SHP_09829,SUP_034,Rail,1078,3.55,728,Critical
SHP_09830,SUP_010,Rail,817,19.27,711,Low
SHP_09831,SUP_005,Road,306,10.31,900,Standard
SHP_09832,SUP_030,Ocean,4734,7.99,731,Standard
SHP_09833,SUP_015,Road,156,18.63,210,Critical
SHP_09834,SUP_015,Ocean,4554,7.94,198,Low
SHP_09835,SUP_027,Air,3665,8.25,664,Critical
SHP_09836,SUP_023,Air,5224,15.96,637,Critical
SHP_09837,SUP_009,Ocean,3638,4.17,345,Standard
SHP_09838,SUP_033,Road,632,12.05,377,Low
SHP_09839,SUP_007,Rail,1973,16.81,748,Low
SHP_09840,SUP_015,Ocean,5363,10.54,108,Critical
SHP_09841,SUP_037,Ocean,1792,6.53,284,Standard
SHP_09842,SUP_010,Ocean,7378,3.18,725,Standard
SHP_09843,SUP_040,Road,368,3.88,331,Critical
SHP_09844,SUP_024,Rail,424,10.45,475,Critical
SHP_09845,SUP_028,Air,3212,13.03,894,Standard
SHP_09846,SUP_018,Road,1003,15.34,655,Standard
SHP_09847,SUP_044,Ocean,1945,7.74,784,Low
SHP_09848,SUP_043,Road,725,7.37,436,Low
SHP_09849,SUP_046,Rail,824,2.21,291,Low
SHP_09850,SUP_017,Road,1379,1.56,690,Low
SHP_09851,SUP_041,Rail,242,3.32,262,Critical
SHP_09852,SUP_025,Ocean,2019,18.13,866,Standard
SHP_09853,SUP_027,Air,7040,18.55,270,Critical
SHP_09854,SUP_026,Rail,163,1,833,Critical
SHP_09855,SUP_006,Ocean,7463,11.45,223,Low
SHP_09856,SUP_024,Road,1666,10.61,948,Critical
SHP_09857,SUP_010,Air,2810,2.95,771,Critical
SHP_09858,SUP_001,Rail,1453,11.87,968,Standard
SHP_09859,SUP_003,Road,566,1.14,997,Critical
SHP_09860,SUP_005,Road,458,10.58,723,Critical
SHP_09861,SUP_031,Ocean,5279,6.44,130,Standard
SHP_09862,SUP_005,Road,1978,5.67,868,Standard
SHP_09863,SUP_018,Ocean,6874,15.77,900,Critical
SHP_09864,SUP_039,Ocean,6119,4.92,292,Low
SHP_09865,SUP_028,Rail,425,5.69,805,Standard
SHP_09866,SUP_014,Air,3142,5.11,867,Low
SHP_09867,SUP_050,Road,1910,2.87,481,Standard
SHP_09868,SUP_041,Road,1103,6.26,188,Low
SHP_09869,SUP_036,Ocean,1206,6.09,468,Critical
SHP_09870,SUP_003,Road,654,1.32,460,Low
SHP_09871,SUP_003,Road,1371,19.11,233,Standard
SHP_09872,SUP_032,Road,1354,6.02,577,Standard
SHP_09873,SUP_008,Road,174,9.04,929,Standard
SHP_09874,SUP_034,Road,793,19.49,301,Critical
SHP_09875,SUP_034,Rail,1571,3.59,339,Low
SHP_09876,SUP_016,Air,1730,12.68,391,Critical
SHP_09877,SUP_028,Air,4032,3.53,726,Critical
SHP_09878,SUP_027,Road,279,9.05,696,Standard
SHP_09879,SUP_014,Rail,1541,4,984,Low
SHP_09880,SUP_035,Rail,1866,9.67,798,Low
SHP_09881,SUP_007,Road,355,8.5,295,Low
SHP_09882,SUP_002,Rail,1309,10.7,587,Critical
SHP_09883,SUP_045,Road,1057,9.3,294,Low
SHP_09884,SUP_015,Ocean,814,11.7,310,Critical
SHP_09885,SUP_005,Air,7241,17.11,845,Low
SHP_09886,SUP_004,Rail,417,4.72,492,Standard
SHP_09887,SUP_046,Ocean,1282,14.68,299,Standard
SHP_09888,SUP_009,Ocean,7604,13.82,354,Standard
SHP_09889,SUP_010,Road,580,6.51,877,Standard
SHP_09890,SUP_034,Road,1781,2.36,611,Critical
SHP_09891,SUP_020,Rail,802,12.39,900,Low
SHP_09892,SUP_014,Air,6649,15.31,541,Critical
SHP_09893,SUP_040,Ocean,4788,13.15,989,Low
SHP_09894,SUP_042,Rail,1360,6.56,848,Critical
SHP_09895,SUP_035,Rail,1512,6.5,890,Critical
SHP_09896,SUP_008,Air,2568,5.17,438,Critical
SHP_09897,SUP_008,Rail,1015,2.23,703,Standard
SHP_09898,SUP_045,Rail,1904,17.98,831,Critical
SHP_09899,SUP_022,Ocean,7526,12.17,983,Critical
SHP_09900,SUP_047,Air,3861,6.93,687,Standard
SHP_09901,SUP_029,Air,7191,2.16,346,Standard
SHP_09902,SUP_027,Road,473,2.18,778,Standard
SHP_09903,SUP_023,Air,1267,2.04,976,Critical
SHP_09904,SUP_027,Rail,1891,5.71,237,Critical
SHP_09905,SUP_010,Ocean,1308,11.73,998,Critical
SHP_09906,SUP_022,Road,1843,4.58,205,Standard
SHP_09907,SUP_019,Ocean,1863,15.66,823,Critical
SHP_09908,SUP_002,Air,3409,3.08,115,Low
SHP_09909,SUP_011,Road,490,15.78,501,Critical
SHP_09910,SUP_033,Air,5849,4.87,754,Critical
SHP_09911,SUP_009,Road,1836,16.51,672,Low
SHP_09912,SUP_042,Ocean,1192,13.85,196,Critical
SHP_09913,SUP_043,Air,7862,5.48,949,Standard
SHP_09914,SUP_045,Rail,927,13.5,224,Standard
SHP_09915,SUP_003,Road,1348,10.9,705,Low
SHP_09916,SUP_009,Ocean,6475,13.04,868,Critical
SHP_09917,SUP_008,Air,6778,19.76,643,Low
SHP_09918,SUP_047,Road,387,15.41,416,Critical
SHP_09919,SUP_027,Air,2642,10.74,109,Low
SHP_09920,SUP_039,Road,829,18.79,284,Standard
SHP_09921,SUP_013,Road,797,14.04,705,Standard
SHP_09922,SUP_012,Ocean,971,18.53,908,Standard
SHP_09923,SUP_023,Rail,429,12.07,592,Low
SHP_09924,SUP_040,Rail,1557,9.83,817,Low
SHP_09925,SUP_014,Road,1938,8.15,145,Standard
SHP_09926,SUP_009,Air,3682,16.1,966,Standard
SHP_09927,SUP_047,Road,848,13.29,978,Critical
SHP_09928,SUP_009,Ocean,752,17.23,283,Standard
SHP_09929,SUP_006,Ocean,6934,18.97,418,Critical
SHP_09930,SUP_007,Ocean,4085,6.39,637,Critical
SHP_09931,SUP_001,Ocean,6156,3.92,675,Critical
SHP_09932,SUP_042,Air,1414,6.75,318,Low
SHP_09933,SUP_009,Road,1006,3.41,530,Critical
SHP_09934,SUP_004,Air,4869,15.8,284,Critical
SHP_09935,SUP_045,Road,1339,10,855,Low
SHP_09936,SUP_032,Air,6758,9.99,378,Critical
SHP_09937,SUP_003,Road,1033,15.99,435,Critical
SHP_09938,SUP_027,Rail,118,5.48,788,Critical
SHP_09939,SUP_043,Ocean,7900,4.42,414,Low
SHP_09940,SUP_019,Rail,1106,19.02,919,Critical
SHP_09941,SUP_008,Ocean,2444,15.38,988,Standard
SHP_09942,SUP_003,Air,1498,3.94,909,Standard
SHP_09943,SUP_031,Air,6220,9.68,909,Critical
SHP_09944,SUP_038,Rail,1636,16.94,133,Standard
SHP_09945,SUP_032,Road,242,8.58,524,Standard
SHP_09946,SUP_029,Road,234,1.13,922,Critical
SHP_09947,SUP_040,Road,1882,16.25,282,Standard
SHP_09948,SUP_016,Road,817,13.38,617,Critical
SHP_09949,SUP_014,Road,1281,11.7,671,Critical
SHP_09950,SUP_046,Road,214,11.97,269,Standard
SHP_09951,SUP_022,Road,551,2.74,133,Critical
SHP_09952,SUP_043,Rail,1724,2.76,972,Critical
SHP_09953,SUP_036,Road,462,13.78,489,Standard
SHP_09954,SUP_013,Road,981,15.19,297,Low
SHP_09955,SUP_017,Road,830,13.15,608,Low
SHP_09956,SUP_034,Road,189,2.46,456,Critical
SHP_09957,SUP_040,Rail,1160,8.43,493,Critical
SHP_09958,SUP_020,Rail,1721,14.11,300,Standard
SHP_09959,SUP_035,Rail,1403,16.24,380,Low
SHP_09960,SUP_047,Road,380,8.13,588,Standard
SHP_09961,SUP_038,Rail,374,16.3,778,Low
SHP_09962,SUP_030,Rail,178,16,649,Low
SHP_09963,SUP_034,Road,1220,4.4,896,Standard
SHP_09964,SUP_045,Road,1186,17.62,355,Critical
SHP_09965,SUP_030,Road,1102,2.89,122,Critical
SHP_09966,SUP_031,Rail,781,6.35,778,Low
SHP_09967,SUP_045,Rail,1328,15.04,691,Standard
SHP_09968,SUP_004,Air,6512,4.13,284,Standard
SHP_09969,SUP_020,Rail,841,19.61,616,Low
SHP_09970,SUP_032,Air,4505,15.31,929,Low
SHP_09971,SUP_013,Air,1364,19.27,789,Low
SHP_09972,SUP_047,Ocean,3390,16.46,109,Low
SHP_09973,SUP_004,Ocean,7253,7.62,555,Standard
SHP_09974,SUP_038,Air,3091,16.86,687,Critical
SHP_09975,SUP_043,Road,505,9.65,777,Standard
SHP_09976,SUP_023,Road,125,5.72,635,Low
SHP_09977,SUP_043,Road,1545,18.52,331,Low
SHP_09978,SUP_004,Ocean,6834,17.8,453,Critical
SHP_09979,SUP_024,Ocean,4701,8.66,400,Critical
SHP_09980,SUP_028,Rail,952,4.84,337,Critical
SHP_09981,SUP_021,Road,1886,14.28,189,Critical
SHP_09982,SUP_021,Rail,1418,11.99,446,Standard
SHP_09983,SUP_014,Road,795,6.36,171,Standard
SHP_09984,SUP_021,Ocean,1087,10.17,568,Critical
SHP_09985,SUP_023,Ocean,7067,11.57,802,Low
SHP_09986,SUP_004,Rail,640,9.72,342,Low
SHP_09987,SUP_016,Road,928,16.94,251,Critical
SHP_09988,SUP_024,Road,1209,6.65,725,Standard
SHP_09989,SUP_021,Air,4926,15.48,292,Low
SHP_09990,SUP_016,Ocean,3462,3.66,772,Standard
SHP_09991,SUP_042,Road,444,16.87,426,Low
SHP_09992,SUP_002,Road,692,1.6,114,Low
SHP_09993,SUP_015,Road,942,6.27,713,Standard
SHP_09994,SUP_009,Ocean,2888,15.89,223,Critical
SHP_09995,SUP_014,Air,4672,18.26,531,Low
SHP_09996,SUP_017,Ocean,2555,6.37,876,Low
SHP_09997,SUP_023,Ocean,4533,9.08,971,Standard
SHP_09998,SUP_009,Ocean,7556,4.14,439,Low
SHP_09999,SUP_005,Road,1261,9.52,121,Low
SHP_10000,SUP_036,Road,961,7.77,483,Low
